{
  "version": "2.0.0",
  "processTypes": [
    {
      "name": "TrackedProcess",
      "elements": [
        {
          "name": "id",
          "label": "Id",
          "type": "uuid",
          "context": "CoreModel",
          "key": true,
          "required": true,
          "localized": false,
          "readable": true,
          "writable": false
        },
        {
          "name": "subaccountId",
          "label": "Subaccount ID",
          "type": "uuid",
          "context": "CoreModel",
          "key": false,
          "required": false,
          "localized": false,
          "readable": false,
          "writable": false
        },
        {
          "name": "cloneInstanceId",
          "label": "Clone Instance ID",
          "type": "uuid",
          "context": "CoreModel",
          "key": false,
          "required": false,
          "localized": false,
          "readable": false,
          "writable": false
        },
        {
          "name": "trackedProcessType",
          "label": "Tracked Process Type",
          "type": "string",
          "context": "CoreModel",
          "key": false,
          "required": false,
          "localized": false,
          "readable": true,
          "writable": false,
          "length": 255
        },
        {
          "name": "altKey",
          "label": "Alternative Key",
          "type": "string",
          "context": "CoreModel",
          "key": false,
          "required": true,
          "localized": false,
          "readable": true,
          "writable": true,
          "length": 255
        },
        {
          "name": "scheme",
          "label": "Scheme",
          "type": "string",
          "context": "CoreModel",
          "key": false,
          "required": false,
          "localized": false,
          "readable": true,
          "writable": false,
          "length": 255
        },
        {
          "name": "partyId",
          "label": "Party ID",
          "type": "string",
          "context": "CoreModel",
          "key": false,
          "required": false,
          "localized": false,
          "readable": true,
          "writable": false,
          "length": 50
        },
        {
          "name": "logicalSystem",
          "label": "Logical System",
          "type": "string",
          "context": "CoreModel",
          "key": false,
          "required": false,
          "localized": false,
          "readable": true,
          "writable": false,
          "length": 10
        },
        {
          "name": "trackingIdType",
          "label": "Tracking Id Type",
          "type": "string",
          "context": "CoreModel",
          "key": false,
          "required": false,
          "localized": false,
          "readable": true,
          "writable": false,
          "length": 40
        },
        {
          "name": "trackingId",
          "label": "Tracking ID",
          "type": "string",
          "context": "CoreModel",
          "key": false,
          "required": false,
          "localized": false,
          "readable": true,
          "writable": false,
          "length": 50
        },
        {
          "name": "processStatus",
          "label": "Process Status",
          "type": "codelist",
          "context": "CoreModel",
          "key": false,
          "required": false,
          "localized": false,
          "readable": true,
          "writable": false,
          "length": 50,
          "target": "ProcessStatus",
          "default": "AS_PLANNED"
        },
        {
          "name": "trackingIds",
          "label": "Tracking IDs",
          "type": "composition",
          "context": "CoreModel",
          "key": false,
          "required": false,
          "localized": false,
          "readable": true,
          "writable": false,
          "target": "QualifiedTrackingId",
          "cardinality": {
            "max": "*"
          }
        },
        {
          "name": "plannedEvents",
          "label": "Planned Events",
          "type": "composition",
          "context": "CoreModel",
          "key": false,
          "required": false,
          "localized": false,
          "readable": true,
          "writable": true,
          "target": "PlannedEvent",
          "cardinality": {
            "max": "*"
          }
        },
        {
          "name": "processEvents",
          "label": "Process Events",
          "type": "composition",
          "context": "CoreModel",
          "key": false,
          "required": false,
          "localized": false,
          "readable": true,
          "writable": false,
          "target": "ProcessEventDirectory",
          "cardinality": {
            "max": "*"
          }
        },
        {
          "name": "lifeCycleStatus",
          "label": "Lifecycle Status",
          "type": "codelist",
          "context": "CoreModel",
          "key": false,
          "required": false,
          "localized": false,
          "readable": true,
          "writable": false,
          "length": 50,
          "target": "LifeCycleStatus",
          "default": "BUSINESS_ACTIVE"
        },
        {
          "name": "createdByUser",
          "label": "Created By User",
          "type": "string",
          "context": "CoreModel",
          "key": false,
          "required": false,
          "localized": false,
          "readable": true,
          "writable": false,
          "length": 64
        },
        {
          "name": "creationDateTime",
          "label": "Creation Date Time",
          "type": "timestamp",
          "context": "CoreModel",
          "key": false,
          "required": false,
          "localized": false,
          "readable": true,
          "writable": false
        },
        {
          "name": "lastChangedByUser",
          "label": "Last Changed By User",
          "type": "string",
          "context": "CoreModel",
          "key": false,
          "required": false,
          "localized": false,
          "readable": true,
          "writable": false,
          "length": 64
        },
        {
          "name": "lastChangeDateTime",
          "label": "Last Changed Date Time",
          "type": "timestamp",
          "context": "CoreModel",
          "key": false,
          "required": false,
          "localized": false,
          "readable": true,
          "writable": false
        },
        {
          "name": "lastChangedAtBusinessTime",
          "label": "Last Changed At Business Time",
          "type": "timestamp",
          "context": "CoreModel",
          "key": false,
          "required": false,
          "localized": false,
          "readable": true,
          "writable": false
        },
        {
          "name": "version",
          "label": "Version",
          "type": "integer",
          "context": "CoreModel",
          "key": false,
          "required": false,
          "localized": false,
          "readable": true,
          "writable": false
        }
      ]
    }
  ],
  "itemTypes": [
    {
      "name": "QualifiedTrackingId",
      "elements": [
        {
          "name": "process_id",
          "label": "Process ID",
          "type": "uuid",
          "context": "CoreModel",
          "key": true,
          "required": true,
          "localized": false,
          "readable": true,
          "writable": false
        },
        {
          "name": "process",
          "label": "Process",
          "type": "association",
          "context": "CoreModel",
          "key": false,
          "required": false,
          "localized": false,
          "readable": true,
          "writable": false,
          "target": "TrackedProcess",
          "cardinality": {
            "max": 1
          }
        },
        {
          "name": "observedProcess",
          "label": "Observed Process",
          "type": "association",
          "context": "CoreModel",
          "key": true,
          "required": true,
          "localized": false,
          "readable": true,
          "writable": false,
          "target": "TrackedProcess",
          "cardinality": {
            "max": 1
          }
        },
        {
          "name": "validFrom",
          "label": "Valid From",
          "type": "timestamp",
          "context": "CoreModel",
          "key": false,
          "required": false,
          "localized": false,
          "readable": true,
          "writable": false
        },
        {
          "name": "validTo",
          "label": "Valid To",
          "type": "timestamp",
          "context": "CoreModel",
          "key": false,
          "required": false,
          "localized": false,
          "readable": true,
          "writable": false
        }
      ]
    },
    {
      "name": "PlannedEvent",
      "elements": [
        {
          "name": "id",
          "label": "Id",
          "type": "uuid",
          "context": "CoreModel",
          "key": true,
          "required": true,
          "localized": false,
          "readable": true,
          "writable": false
        },
        {
          "name": "process_id",
          "label": "Process ID",
          "type": "uuid",
          "context": "CoreModel",
          "key": false,
          "required": false,
          "localized": false,
          "readable": true,
          "writable": false
        },
        {
          "name": "process",
          "label": "Process",
          "type": "association",
          "context": "CoreModel",
          "key": false,
          "required": false,
          "localized": false,
          "readable": true,
          "writable": false,
          "target": "TrackedProcess",
          "cardinality": {
            "max": 1
          }
        },
        {
          "name": "eventStatus",
          "label": "Event Status",
          "type": "codelist",
          "context": "CoreModel",
          "key": false,
          "required": false,
          "localized": false,
          "readable": true,
          "writable": false,
          "length": 50,
          "target": "EventStatus",
          "default": "PLANNED"
        },
        {
          "name": "payloadSequence",
          "label": "Payload Sequence",
          "type": "integer",
          "context": "CoreModel",
          "key": false,
          "required": false,
          "localized": false,
          "readable": true,
          "writable": true
        },
        {
          "name": "lastProcessEventDirectory",
          "label": "Last Process Event Directory",
          "type": "association",
          "context": "CoreModel",
          "key": false,
          "required": false,
          "localized": false,
          "readable": true,
          "writable": true,
          "target": "ProcessEventDirectory",
          "cardinality": {
            "max": 1
          }
        },
        {
          "name": "nextOverdueDetection",
          "label": "Next Overdue Detection",
          "type": "timestamp",
          "context": "CoreModel",
          "key": false,
          "required": false,
          "localized": false,
          "readable": true,
          "writable": false
        },
        {
          "name": "overdueDetectionCounter",
          "label": "Overdue Detection Counter",
          "type": "integer",
          "context": "CoreModel",
          "key": false,
          "required": false,
          "localized": false,
          "readable": true,
          "writable": false
        },
        {
          "name": "eventType",
          "label": "Event Type",
          "type": "string",
          "context": "CoreModel",
          "key": true,
          "required": true,
          "localized": false,
          "readable": true,
          "writable": true,
          "length": 255
        },
        {
          "name": "locationAltKey",
          "label": "Location Alternative Key",
          "type": "string",
          "context": "CoreModel",
          "key": true,
          "required": true,
          "localized": false,
          "readable": true,
          "writable": true,
          "length": 255
        },
        {
          "name": "eventMatchKey",
          "label": "Event Match Key",
          "type": "string",
          "context": "CoreModel",
          "key": true,
          "required": true,
          "localized": false,
          "readable": true,
          "writable": true,
          "length": 255
        },
        {
          "name": "longitude",
          "label": "Longitude",
          "type": "decimal",
          "context": "CoreModel",
          "key": false,
          "required": false,
          "localized": false,
          "readable": true,
          "writable": true,
          "precision": 12,
          "scale": 9,
          "minimum": -180,
          "maximum": 180
        },
        {
          "name": "latitude",
          "label": "Latitude",
          "type": "decimal",
          "context": "CoreModel",
          "key": false,
          "required": false,
          "localized": false,
          "readable": true,
          "writable": true,
          "precision": 12,
          "scale": 9,
          "minimum": -90,
          "maximum": 90
        },
        {
          "name": "isFinalPlannedEvent",
          "label": "Is Final Planned Event",
          "type": "boolean",
          "context": "CoreModel",
          "key": false,
          "required": false,
          "localized": false,
          "readable": true,
          "writable": true
        },
        {
          "name": "plannedTechnicalTimestamp",
          "label": "Planned Technical Timestamp",
          "type": "timestamp",
          "context": "CoreModel",
          "key": false,
          "required": false,
          "localized": false,
          "readable": true,
          "writable": true
        },
        {
          "name": "plannedTechTsEarliest",
          "label": "Planned Business Earliest Timestamp",
          "type": "timestamp",
          "context": "CoreModel",
          "key": false,
          "required": false,
          "localized": false,
          "readable": true,
          "writable": true
        },
        {
          "name": "plannedTechTsLatest",
          "label": "Planned Business Latest Timestamp",
          "type": "timestamp",
          "context": "CoreModel",
          "key": false,
          "required": false,
          "localized": false,
          "readable": true,
          "writable": true
        },
        {
          "name": "plannedBusinessTimestamp",
          "label": "Planned Business Timestamp",
          "type": "timestamp",
          "context": "CoreModel",
          "key": false,
          "required": false,
          "localized": false,
          "readable": true,
          "writable": true
        },
        {
          "name": "plannedBizTsEarliest",
          "label": "Planned Business Earliest Timestamp",
          "type": "timestamp",
          "context": "CoreModel",
          "key": false,
          "required": false,
          "localized": false,
          "readable": true,
          "writable": true
        },
        {
          "name": "plannedBizTsLatest",
          "label": "Planned Business Latest Timestamp",
          "type": "timestamp",
          "context": "CoreModel",
          "key": false,
          "required": false,
          "localized": false,
          "readable": true,
          "writable": true
        },
        {
          "name": "plannedBusinessTimeZone",
          "label": "Planned Business TimeZone",
          "type": "string",
          "context": "CoreModel",
          "key": false,
          "required": false,
          "localized": false,
          "readable": true,
          "writable": true,
          "length": 50
        }
      ]
    },
    {
      "name": "PlannedEventForUpdatePlanEvent",
      "elements": [
        {
          "name": "id",
          "label": "Id",
          "type": "uuid",
          "context": "CoreModel",
          "key": true,
          "required": true,
          "localized": false,
          "readable": true,
          "writable": false
        },
        {
          "name": "event_id",
          "label": "Event ID",
          "type": "uuid",
          "context": "CoreModel",
          "key": false,
          "required": false,
          "localized": false,
          "readable": true,
          "writable": false
        },
        {
          "name": "event",
          "label": "Event",
          "type": "association",
          "context": "CoreModel",
          "key": false,
          "required": false,
          "localized": false,
          "readable": true,
          "writable": false,
          "target": "Event",
          "cardinality": {
            "max": 1
          }
        },
        {
          "name": "action",
          "label": "Action",
          "type": "codelist",
          "context": "CoreModel",
          "key": false,
          "required": true,
          "localized": false,
          "readable": true,
          "writable": true,
          "length": 50,
          "target": "UpdatePlanAction"
        },
        {
          "name": "eventType",
          "label": "Event Type",
          "type": "string",
          "context": "CoreModel",
          "key": true,
          "required": true,
          "localized": false,
          "readable": true,
          "writable": true,
          "length": 255
        },
        {
          "name": "locationAltKey",
          "label": "Location Alternative Key",
          "type": "string",
          "context": "CoreModel",
          "key": true,
          "required": true,
          "localized": false,
          "readable": true,
          "writable": true,
          "length": 255
        },
        {
          "name": "eventMatchKey",
          "label": "Event Match Key",
          "type": "string",
          "context": "CoreModel",
          "key": true,
          "required": true,
          "localized": false,
          "readable": true,
          "writable": true,
          "length": 255
        },
        {
          "name": "longitude",
          "label": "Longitude",
          "type": "decimal",
          "context": "CoreModel",
          "key": false,
          "required": false,
          "localized": false,
          "readable": true,
          "writable": true,
          "precision": 12,
          "scale": 9,
          "minimum": -180,
          "maximum": 180
        },
        {
          "name": "latitude",
          "label": "Latitude",
          "type": "decimal",
          "context": "CoreModel",
          "key": false,
          "required": false,
          "localized": false,
          "readable": true,
          "writable": true,
          "precision": 12,
          "scale": 9,
          "minimum": -90,
          "maximum": 90
        },
        {
          "name": "isFinalPlannedEvent",
          "label": "Is Final Planned Event",
          "type": "boolean",
          "context": "CoreModel",
          "key": false,
          "required": false,
          "localized": false,
          "readable": true,
          "writable": true
        },
        {
          "name": "plannedTechnicalTimestamp",
          "label": "Planned Technical Timestamp",
          "type": "timestamp",
          "context": "CoreModel",
          "key": false,
          "required": false,
          "localized": false,
          "readable": true,
          "writable": true
        },
        {
          "name": "plannedTechTsEarliest",
          "label": "Planned Business Earliest Timestamp",
          "type": "timestamp",
          "context": "CoreModel",
          "key": false,
          "required": false,
          "localized": false,
          "readable": true,
          "writable": true
        },
        {
          "name": "plannedTechTsLatest",
          "label": "Planned Business Latest Timestamp",
          "type": "timestamp",
          "context": "CoreModel",
          "key": false,
          "required": false,
          "localized": false,
          "readable": true,
          "writable": true
        },
        {
          "name": "plannedBusinessTimestamp",
          "label": "Planned Business Timestamp",
          "type": "timestamp",
          "context": "CoreModel",
          "key": false,
          "required": false,
          "localized": false,
          "readable": true,
          "writable": true
        },
        {
          "name": "plannedBizTsEarliest",
          "label": "Planned Business Earliest Timestamp",
          "type": "timestamp",
          "context": "CoreModel",
          "key": false,
          "required": false,
          "localized": false,
          "readable": true,
          "writable": true
        },
        {
          "name": "plannedBizTsLatest",
          "label": "Planned Business Latest Timestamp",
          "type": "timestamp",
          "context": "CoreModel",
          "key": false,
          "required": false,
          "localized": false,
          "readable": true,
          "writable": true
        },
        {
          "name": "plannedBusinessTimeZone",
          "label": "Planned Business TimeZone",
          "type": "string",
          "context": "CoreModel",
          "key": false,
          "required": false,
          "localized": false,
          "readable": true,
          "writable": true,
          "length": 50
        }
      ]
    },
    {
      "name": "ProcessEventDirectory",
      "elements": [
        {
          "name": "id",
          "label": "ID",
          "type": "uuid",
          "context": "CoreModel",
          "key": true,
          "required": true,
          "localized": false,
          "readable": true,
          "writable": false
        },
        {
          "name": "process_id",
          "label": "Process ID",
          "type": "uuid",
          "context": "CoreModel",
          "key": false,
          "required": false,
          "localized": false,
          "readable": true,
          "writable": false
        },
        {
          "name": "process",
          "label": "Process",
          "type": "association",
          "context": "CoreModel",
          "key": false,
          "required": false,
          "localized": false,
          "readable": true,
          "writable": false,
          "target": "TrackedProcess",
          "cardinality": {
            "max": 1
          }
        },
        {
          "name": "plannedEvent_id",
          "label": "Planned Event ID",
          "type": "uuid",
          "context": "CoreModel",
          "key": false,
          "required": false,
          "localized": false,
          "readable": true,
          "writable": false
        },
        {
          "name": "plannedEvent",
          "label": "Planned Event",
          "type": "association",
          "context": "CoreModel",
          "key": false,
          "required": false,
          "localized": false,
          "readable": true,
          "writable": false,
          "target": "PlannedEvent",
          "cardinality": {
            "max": 1
          }
        },
        {
          "name": "event_id",
          "label": "Event ID",
          "type": "uuid",
          "context": "CoreModel",
          "key": false,
          "required": false,
          "localized": false,
          "readable": true,
          "writable": false
        },
        {
          "name": "event",
          "label": "Event",
          "type": "association",
          "context": "CoreModel",
          "key": false,
          "required": false,
          "localized": false,
          "readable": true,
          "writable": false,
          "target": "Event",
          "cardinality": {
            "max": 1
          }
        },
        {
          "name": "correlationType",
          "label": "Correlation Type",
          "type": "codelist",
          "context": "CoreModel",
          "key": false,
          "required": false,
          "localized": false,
          "readable": true,
          "writable": false,
          "length": 50,
          "target": "CorrelationType"
        }
      ]
    },
    {
      "name": "Reference",
      "elements": [
        {
          "name": "id",
          "label": "ID",
          "type": "uuid",
          "context": "CoreModel",
          "key": true,
          "required": true,
          "localized": false,
          "readable": true,
          "writable": false
        },
        {
          "name": "event_id",
          "label": "Event ID",
          "type": "uuid",
          "context": "CoreModel",
          "key": false,
          "required": false,
          "localized": false,
          "readable": true,
          "writable": false
        },
        {
          "name": "event",
          "label": "Event",
          "type": "association",
          "context": "CoreModel",
          "key": false,
          "required": false,
          "localized": false,
          "readable": true,
          "writable": false,
          "target": "Event",
          "cardinality": {
            "max": 1
          }
        },
        {
          "name": "referenceType",
          "label": "Reference Type",
          "type": "codelist",
          "context": "CoreModel",
          "key": false,
          "required": true,
          "localized": false,
          "readable": true,
          "writable": true,
          "length": 50,
          "target": "ReferenceType"
        },
        {
          "name": "altKey",
          "label": "Alternative Key",
          "type": "string",
          "context": "CoreModel",
          "key": false,
          "required": true,
          "localized": false,
          "readable": true,
          "writable": true,
          "length": 255
        },
        {
          "name": "validFrom",
          "label": "Valid From",
          "type": "timestamp",
          "context": "CoreModel",
          "key": false,
          "required": false,
          "localized": false,
          "readable": true,
          "writable": true
        },
        {
          "name": "validTo",
          "label": "Valid To",
          "type": "timestamp",
          "context": "CoreModel",
          "key": false,
          "required": false,
          "localized": false,
          "readable": true,
          "writable": true
        },
        {
          "name": "action",
          "label": "Action",
          "type": "codelist",
          "context": "CoreModel",
          "key": false,
          "required": true,
          "localized": false,
          "readable": true,
          "writable": true,
          "length": 50,
          "target": "Action"
        }
      ]
    }
  ],
  "eventTypes": [
    {
      "name": "Event",
      "descr": "Event",
      "elements": [
        {
          "name": "id",
          "label": "ID",
          "type": "uuid",
          "context": "CoreModel",
          "key": true,
          "required": true,
          "localized": false,
          "readable": true,
          "writable": false
        },
        {
          "name": "subaccountId",
          "label": "Subaccount ID",
          "type": "uuid",
          "context": "CoreModel",
          "key": false,
          "required": false,
          "localized": false,
          "readable": false,
          "writable": false
        },
        {
          "name": "cloneInstanceId",
          "label": "Clone Instance ID",
          "type": "uuid",
          "context": "CoreModel",
          "key": false,
          "required": false,
          "localized": false,
          "readable": false,
          "writable": false
        },
        {
          "name": "modelNamespace",
          "label": "Model Namespace",
          "type": "string",
          "context": "CoreModel",
          "key": false,
          "required": false,
          "localized": false,
          "readable": true,
          "writable": false,
          "length": 255
        },
        {
          "name": "eventType",
          "label": "Event Type",
          "type": "string",
          "context": "CoreModel",
          "key": false,
          "required": false,
          "localized": false,
          "readable": true,
          "writable": false,
          "length": 255
        },
        {
          "name": "eventReasonText",
          "label": "Event Reason Text",
          "type": "string",
          "context": "CoreModel",
          "key": false,
          "required": false,
          "localized": false,
          "readable": true,
          "writable": true,
          "length": 255
        },
        {
          "name": "eventReasonCode",
          "label": "Event Reason Code",
          "type": "string",
          "context": "CoreModel",
          "key": false,
          "required": false,
          "localized": false,
          "readable": true,
          "writable": true,
          "length": 255
        },
        {
          "name": "senderPartyId",
          "label": "Sender Party ID",
          "type": "string",
          "context": "CoreModel",
          "key": false,
          "required": false,
          "localized": false,
          "readable": true,
          "writable": false,
          "length": 50
        },
        {
          "name": "altKey",
          "label": "Alternative Key",
          "type": "string",
          "context": "CoreModel",
          "key": false,
          "required": true,
          "localized": false,
          "readable": true,
          "writable": true,
          "length": 255
        },
        {
          "name": "scheme",
          "label": "Scheme",
          "type": "string",
          "context": "CoreModel",
          "key": false,
          "required": false,
          "localized": false,
          "readable": true,
          "writable": false,
          "length": 255
        },
        {
          "name": "partyId",
          "label": "Party ID",
          "type": "string",
          "context": "CoreModel",
          "key": false,
          "required": false,
          "localized": false,
          "readable": true,
          "writable": false,
          "length": 50
        },
        {
          "name": "logicalSystem",
          "label": "Logical System",
          "type": "string",
          "context": "CoreModel",
          "key": false,
          "required": false,
          "localized": false,
          "readable": true,
          "writable": false,
          "length": 10
        },
        {
          "name": "trackingIdType",
          "label": "Tracking ID Type",
          "type": "string",
          "context": "CoreModel",
          "key": false,
          "required": false,
          "localized": false,
          "readable": true,
          "writable": false,
          "length": 40
        },
        {
          "name": "trackingId",
          "label": "Tracking ID",
          "type": "string",
          "context": "CoreModel",
          "key": false,
          "required": false,
          "localized": false,
          "readable": true,
          "writable": false,
          "length": 50
        },
        {
          "name": "priority",
          "label": "Priority",
          "type": "integer",
          "context": "CoreModel",
          "key": false,
          "required": false,
          "localized": false,
          "readable": true,
          "writable": true
        },
        {
          "name": "actualTechnicalTimestamp",
          "label": "Actual Technical Timestamp",
          "type": "timestamp",
          "context": "CoreModel",
          "key": false,
          "required": false,
          "localized": false,
          "readable": true,
          "writable": true
        },
        {
          "name": "actualBusinessTimestamp",
          "label": "Actual Business Timestamp",
          "type": "timestamp",
          "context": "CoreModel",
          "key": false,
          "required": true,
          "localized": false,
          "readable": true,
          "writable": true
        },
        {
          "name": "actualBusinessTimeZone",
          "label": "Actual Business TimeZone",
          "type": "string",
          "context": "CoreModel",
          "key": false,
          "required": false,
          "localized": false,
          "readable": true,
          "writable": true,
          "length": 50
        },
        {
          "name": "locationAltKey",
          "label": "Location Alternative Key",
          "type": "string",
          "context": "CoreModel",
          "key": false,
          "required": false,
          "localized": false,
          "readable": true,
          "writable": true,
          "length": 255
        },
        {
          "name": "eventMatchKey",
          "label": "Event Match Key",
          "type": "string",
          "context": "CoreModel",
          "key": false,
          "required": false,
          "localized": false,
          "readable": true,
          "writable": true,
          "length": 255
        },
        {
          "name": "longitude",
          "label": "Longitude",
          "type": "decimal",
          "context": "CoreModel",
          "key": false,
          "required": false,
          "localized": false,
          "readable": true,
          "writable": true,
          "precision": 12,
          "scale": 9,
          "minimum": -180,
          "maximum": 180
        },
        {
          "name": "latitude",
          "label": "Latitude",
          "type": "decimal",
          "context": "CoreModel",
          "key": false,
          "required": false,
          "localized": false,
          "readable": true,
          "writable": true,
          "precision": 12,
          "scale": 9,
          "minimum": -90,
          "maximum": 90
        },
        {
          "name": "references",
          "label": "References",
          "type": "composition",
          "context": "CoreModel",
          "key": false,
          "required": false,
          "localized": false,
          "readable": true,
          "writable": true,
          "target": "Reference",
          "cardinality": {
            "max": "*"
          }
        },
        {
          "name": "eventProcesses",
          "label": "Event Processes",
          "type": "association",
          "context": "CoreModel",
          "key": false,
          "required": false,
          "localized": false,
          "readable": true,
          "writable": false,
          "target": "ProcessEventDirectory",
          "cardinality": {
            "max": "*"
          }
        },
        {
          "name": "messageSourceType",
          "label": "Message Source Type",
          "type": "string",
          "context": "CoreModel",
          "key": false,
          "required": false,
          "localized": false,
          "readable": true,
          "writable": false,
          "length": 50
        },
        {
          "name": "reportedBy",
          "label": "Reported By",
          "type": "string",
          "context": "CoreModel",
          "key": false,
          "required": false,
          "localized": false,
          "readable": true,
          "writable": true,
          "length": 255
        },
        {
          "name": "createdByUser",
          "label": "Created By User",
          "type": "string",
          "context": "CoreModel",
          "key": false,
          "required": false,
          "localized": false,
          "readable": true,
          "writable": false,
          "length": 64
        },
        {
          "name": "creationDateTime",
          "label": "Creation Date Time",
          "type": "timestamp",
          "context": "CoreModel",
          "key": false,
          "required": false,
          "localized": false,
          "readable": true,
          "writable": false
        }
      ]
    },
    {
      "name": "GTTDelayedEvent",
      "descr": "GTT Delayed Event",
      "parent": {
        "target": "CoreModel.Event"
      },
      "elements": [
        {
          "name": "refPlannedEventType",
          "label": "Ref. Planned Event Type",
          "type": "string",
          "context": "CoreModel",
          "key": false,
          "required": false,
          "localized": false,
          "readable": true,
          "writable": true,
          "length": 255
        },
        {
          "name": "refPlannedEventMatchKey",
          "label": "Ref. Planned Event Match Key",
          "type": "string",
          "context": "CoreModel",
          "key": false,
          "required": false,
          "localized": false,
          "readable": true,
          "writable": true,
          "length": 255
        },
        {
          "name": "refPlannedEventLocationAltKey",
          "label": "Ref. Planned Event Location Alternative Key",
          "type": "string",
          "context": "CoreModel",
          "key": false,
          "required": false,
          "localized": false,
          "readable": true,
          "writable": true,
          "length": 255
        }
      ]
    },
    {
      "name": "GTTOnTimeEvent",
      "descr": "GTT On Time Event",
      "parent": {
        "target": "CoreModel.Event"
      },
      "elements": [
        {
          "name": "refPlannedEventType",
          "label": "Ref. Planned Event Type",
          "type": "string",
          "context": "CoreModel",
          "key": false,
          "required": false,
          "localized": false,
          "readable": true,
          "writable": true,
          "length": 255
        },
        {
          "name": "refPlannedEventMatchKey",
          "label": "Ref. Planned Event Match Key",
          "type": "string",
          "context": "CoreModel",
          "key": false,
          "required": false,
          "localized": false,
          "readable": true,
          "writable": true,
          "length": 255
        },
        {
          "name": "refPlannedEventLocationAltKey",
          "label": "Ref. Planned Event Location Alternative Key",
          "type": "string",
          "context": "CoreModel",
          "key": false,
          "required": false,
          "localized": false,
          "readable": true,
          "writable": true,
          "length": 255
        }
      ]
    },
    {
      "name": "GTTDeletionEvent",
      "descr": "GTT Deletion Event",
      "parent": {
        "target": "CoreModel.Event"
      },
      "elements": []
    },
    {
      "name": "GTTDPPBlockingEvent",
      "descr": "GTT DPP Blocking Event",
      "parent": {
        "target": "CoreModel.Event"
      },
      "elements": []
    },
    {
      "name": "GTTDPPDeletionEvent",
      "descr": "GTT DPP Deletion Event",
      "parent": {
        "target": "CoreModel.Event"
      },
      "elements": []
    },
    {
      "name": "GTTUpdatePlanEvent",
      "descr": "GTT Update Plan Event",
      "parent": {
        "target": "CoreModel.Event"
      },
      "elements": [
        {
          "name": "plannedEvents",
          "label": "Planned Events",
          "type": "composition",
          "context": "CoreModel",
          "key": false,
          "required": false,
          "localized": false,
          "readable": true,
          "writable": true,
          "target": "PlannedEventForUpdatePlanEvent",
          "cardinality": {
            "max": "*"
          }
        }
      ]
    }
  ],
  "codeLists": [
    {
      "name": "ProcessStatus",
      "elements": [
        {
          "name": "code",
          "label": "Code",
          "type": "string",
          "length": 50,
          "key": true,
          "required": true,
          "readable": true,
          "writable": true
        },
        {
          "name": "name",
          "label": "Name",
          "type": "string",
          "length": 255,
          "localized": true,
          "key": false,
          "required": true,
          "readable": true,
          "writable": true
        }
      ],
      "values": [
        {
          "code": "AS_PLANNED",
          "name": "As Planned"
        },
        {
          "code": "EARLY",
          "name": "Early"
        },
        {
          "code": "LATE",
          "name": "Late"
        },
        {
          "code": "OVERDUE",
          "name": "Overdue"
        },
        {
          "code": "DELAYED",
          "name": "Delayed"
        }
      ]
    },
    {
      "name": "LifeCycleStatus",
      "elements": [
        {
          "name": "code",
          "label": "Code",
          "type": "string",
          "length": 50,
          "key": true,
          "required": true,
          "readable": true,
          "writable": true
        },
        {
          "name": "name",
          "label": "Name",
          "type": "string",
          "length": 255,
          "localized": true,
          "key": false,
          "required": true,
          "readable": true,
          "writable": true
        }
      ],
      "values": [
        {
          "code": "BUSINESS_ACTIVE",
          "name": "Business Active"
        },
        {
          "code": "END_OF_BUSINESS",
          "name": "End of Business"
        },
        {
          "code": "END_OF_PURPOSE",
          "name": "End of Purpose"
        },
        {
          "code": "END_OF_RETENTION",
          "name": "End of Retention"
        }
      ]
    },
    {
      "name": "EventStatus",
      "elements": [
        {
          "name": "code",
          "label": "Code",
          "type": "string",
          "length": 50,
          "key": true,
          "required": true,
          "readable": true,
          "writable": true
        },
        {
          "name": "name",
          "label": "Name",
          "type": "string",
          "length": 255,
          "localized": true,
          "key": false,
          "required": true,
          "readable": true,
          "writable": true
        }
      ],
      "values": [
        {
          "code": "PLANNED",
          "name": "Planned"
        },
        {
          "code": "EARLY_REPORTED",
          "name": "Early Reported"
        },
        {
          "code": "REPORTED",
          "name": "Reported"
        },
        {
          "code": "LATE_REPORTED",
          "name": "Late Reported"
        },
        {
          "code": "OVERDUE",
          "name": "Overdue"
        },
        {
          "code": "DELAYED",
          "name": "Delayed"
        }
      ]
    },
    {
      "name": "CorrelationType",
      "elements": [
        {
          "name": "code",
          "label": "Code",
          "type": "string",
          "length": 50,
          "key": true,
          "required": true,
          "readable": true,
          "writable": true
        },
        {
          "name": "name",
          "label": "Name",
          "type": "string",
          "length": 255,
          "localized": true,
          "key": false,
          "required": true,
          "readable": true,
          "writable": true
        }
      ],
      "values": [
        {
          "code": "EARLY_REPORTED",
          "name": "Early Reported"
        },
        {
          "code": "REPORTED",
          "name": "Reported"
        },
        {
          "code": "LATE_REPORTED",
          "name": "Late Reported"
        },
        {
          "code": "UNPLANNED",
          "name": "Unplanned"
        },
        {
          "code": "UNPLANNED_PROCESS_CREATION_UPDATE",
          "name": "Unplanned Process Creation Update"
        },
        {
          "code": "UNPLANNED_OVERDUE",
          "name": "Unplanned Overdue"
        },
        {
          "code": "UNPLANNED_DELAYED",
          "name": "Unplanned Delayed"
        },
        {
          "code": "UNPLANNED_ONTIME",
          "name": "Unplanned On Time"
        },
        {
          "code": "UNPLANNED_BLOCKING",
          "name": "Unplanned Blocking"
        },
        {
          "code": "UNPLANNED_UPDATE_PLAN",
          "name": "Unplanned Update Plan"
        }
      ]
    },
    {
      "name": "ReferenceType",
      "elements": [
        {
          "name": "code",
          "label": "Code",
          "type": "string",
          "length": 50,
          "key": true,
          "required": true,
          "readable": true,
          "writable": true
        },
        {
          "name": "name",
          "label": "Name",
          "type": "string",
          "length": 255,
          "localized": true,
          "key": false,
          "required": true,
          "readable": true,
          "writable": true
        }
      ],
      "values": [
        {
          "code": "TRACKING",
          "name": "Tracking"
        }
      ]
    },
    {
      "name": "Action",
      "elements": [
        {
          "name": "code",
          "label": "Code",
          "type": "string",
          "length": 50,
          "key": true,
          "required": true,
          "readable": true,
          "writable": true
        },
        {
          "name": "name",
          "label": "Name",
          "type": "string",
          "length": 255,
          "localized": true,
          "key": false,
          "required": true,
          "readable": true,
          "writable": true
        }
      ],
      "values": [
        {
          "code": "ADD",
          "name": "Add"
        },
        {
          "code": "DELETE",
          "name": "Delete"
        }
      ]
    },
    {
      "name": "UpdatePlanAction",
      "elements": [
        {
          "name": "code",
          "label": "Code",
          "type": "string",
          "length": 50,
          "key": true,
          "required": true,
          "readable": true,
          "writable": true
        },
        {
          "name": "name",
          "label": "Name",
          "type": "string",
          "length": 255,
          "localized": true,
          "key": false,
          "required": true,
          "readable": true,
          "writable": true
        }
      ],
      "values": [
        {
          "code": "ADD",
          "name": "Add"
        },
        {
          "code": "DELETE",
          "name": "Delete"
        },
        {
          "code": "RESET",
          "name": "Reset"
        }
      ]
    }
  ]
}