{
  "xsappname": "${xsappname}",
  "description": "Scopes and role templates for GTT Engine",
  "tenant-mode": "shared",
  "oauth2-configuration": {
    "token-validity": 3600,
    "system-attributes": ["groups", "rolecollections"]
  },
  "authorities": [
  	"$XSAPPNAME.sysmgr",
	"$XSAPPNAME.storage.r",
	"$XSAPPNAME.model.w",
	"$XSAPPNAME.model.r",
	"$XSAPPNAME.model.cp",
	"$XSAPPNAME.event.w",
	"$XSAPPNAME.event.r",
        "$XSAPPNAME.Callback"
  ],
  
  "scopes": [
  	{
      "name": "$XSAPPNAME.sysmgr",
      "description": "Scope for system level management, should only be granted internally"
	},
	{
      "name": "$XSAPPNAME.storage.r",
      "description": "Scope for read storage mapping"
	},
	{
      "name": "$XSAPPNAME.model.w",
      "description": "Scope for model management, write"
	},
	{
      "name": "$XSAPPNAME.model.r",
      "description": "Scope for model management, read"
	},
	{
      "name": "$XSAPPNAME.model.cp",
      "description": "Scope for model management, compile"
	},
	{
      "name": "$XSAPPNAME.event.r",
      "description": "Scope for read tracked process and events"
	},
	{
      "name": "$XSAPPNAME.event.w",
      "description": "Scope for write events"
	},
    {
      "name": "$XSAPPNAME.Callback",
      "description": "With this scope set, the callbacks for tenant onboarding, offboarding and getDependencies can be called.",
      "grant-as-authority-to-apps": [
        "$XSAPPNAME(application,sap-provisioning,tenant-onboarding)"
      ]
    }
  ],

  "role-templates": [
  ]
}
