{
  "comment": "This is the TEW config file for the GTT V2 Metadata Service",
  "collections": [
    {
      "collectionName": "GTT_V2_Core_Metadata_Service",
      "folders": [
        {
          "startingFolderPath": "/src/main/resources/i18n",
          "sourceFilters": [
            "messages-metadata-service.properties"
          ]
        },
        {
          "startingFolderPath": "/src/main/resources/core/i18n",
          "sourceFilters": [
            "i18n.properties"
          ]
        }
      ]
    }
  ],
  "defaultConfiguration": {
    "xlfFolderPath": "/XLF/[FullPath]",
    "targetFolderPath": ".",
    "pseudoLocFolderPath": ".",
    "oneQFolderPath": ".",
    "targetFileNamingConvention": "[filename]_[langCode].[extension]"
  }
}