<?xml version="1.0" encoding="utf-8"?>
<edmx:Edmx Version="1.0" xmlns:edmx="http://schemas.microsoft.com/ado/2007/06/edmx" xmlns:m="http://schemas.microsoft.com/ado/2007/08/dataservices/metadata" xmlns:sap="http://www.sap.com/Protocols/SAPData">
  <edmx:DataServices m:DataServiceVersion="2.0">
    <Schema Namespace="com.sap.gtt.app.deliverysample.DeliveryService" xmlns="http://schemas.microsoft.com/ado/2008/09/edm">
      <EntityContainer Name="EntityContainer" m:IsDefaultEntityContainer="true">
        <EntitySet Name="BusinessPartner" EntityType="com.sap.gtt.app.deliverysample.DeliveryService.BusinessPartner"/>
        <EntitySet Name="DelayedEvent" EntityType="com.sap.gtt.app.deliverysample.DeliveryService.DelayedEvent"/>
        <EntitySet Name="DeliveryItem" EntityType="com.sap.gtt.app.deliverysample.DeliveryService.DeliveryItem"/>
        <EntitySet Name="DeliveryProcess" EntityType="com.sap.gtt.app.deliverysample.DeliveryService.DeliveryProcess"/>
        <EntitySet Name="DeliveryStatus" EntityType="com.sap.gtt.app.deliverysample.DeliveryService.DeliveryStatus"/>
        <EntitySet Name="Event" EntityType="com.sap.gtt.app.deliverysample.DeliveryService.Event"/>
        <EntitySet Name="EventAction" EntityType="com.sap.gtt.app.deliverysample.DeliveryService.EventAction"/>
        <EntitySet Name="EventDescription" EntityType="com.sap.gtt.app.deliverysample.DeliveryService.EventDescription"/>
        <EntitySet Name="EventStatus" EntityType="com.sap.gtt.app.deliverysample.DeliveryService.EventStatus"/>
        <EntitySet Name="GTTOverdueEvent" EntityType="com.sap.gtt.app.deliverysample.DeliveryService.GTTOverdueEvent"/>
        <EntitySet Name="GTTPersonalDataBlockingEvent" EntityType="com.sap.gtt.app.deliverysample.DeliveryService.GTTPersonalDataBlockingEvent"/>
        <EntitySet Name="GTTPersonalDataDeletionEvent" EntityType="com.sap.gtt.app.deliverysample.DeliveryService.GTTPersonalDataDeletionEvent"/>
        <EntitySet Name="GoodsDamageEvent" EntityType="com.sap.gtt.app.deliverysample.DeliveryService.GoodsDamageEvent"/>
        <EntitySet Name="GoodsIssuedEvent" EntityType="com.sap.gtt.app.deliverysample.DeliveryService.GoodsIssuedEvent"/>
        <EntitySet Name="Location" EntityType="com.sap.gtt.app.deliverysample.DeliveryService.Location"/>
        <EntitySet Name="ObjectReference" EntityType="com.sap.gtt.app.deliverysample.DeliveryService.ObjectReference"/>
        <EntitySet Name="PersonalDataProtectionStatus" EntityType="com.sap.gtt.app.deliverysample.DeliveryService.PersonalDataProtectionStatus"/>
        <EntitySet Name="PickingCompletedEvent" EntityType="com.sap.gtt.app.deliverysample.DeliveryService.PickingCompletedEvent"/>
        <EntitySet Name="PlannedEvent" EntityType="com.sap.gtt.app.deliverysample.DeliveryService.PlannedEvent"/>
        <EntitySet Name="ProcessEventDirectory" EntityType="com.sap.gtt.app.deliverysample.DeliveryService.ProcessEventDirectory"/>
        <EntitySet Name="Product" EntityType="com.sap.gtt.app.deliverysample.DeliveryService.Product"/>
        <EntitySet Name="ProofOfDeliveryEvent" EntityType="com.sap.gtt.app.deliverysample.DeliveryService.ProofOfDeliveryEvent"/>
        <EntitySet Name="PurchaseOrderProcess" EntityType="com.sap.gtt.app.deliverysample.DeliveryService.PurchaseOrderProcess"/>
        <EntitySet Name="QualifiedTrackingId" EntityType="com.sap.gtt.app.deliverysample.DeliveryService.QualifiedTrackingId"/>
        <EntitySet Name="ShippingStatus" EntityType="com.sap.gtt.app.deliverysample.DeliveryService.ShippingStatus"/>
        <EntitySet Name="ShippingType" EntityType="com.sap.gtt.app.deliverysample.DeliveryService.ShippingType"/>
        <EntitySet Name="TimeZone" EntityType="com.sap.gtt.app.deliverysample.DeliveryService.TimeZone"/>
        <EntitySet Name="TrackedProcess" EntityType="com.sap.gtt.app.deliverysample.DeliveryService.TrackedProcess"/>
        <EntitySet Name="com_sap_gtt_app_purchaseordersample_PurchaseOrderModel_PurchaseOrderItem" EntityType="com.sap.gtt.app.deliverysample.DeliveryService.com_sap_gtt_app_purchaseordersample_PurchaseOrderModel_PurchaseOrderItem"/>
        <AssociationSet Name="DelayedEvent_senderParty" Association="com.sap.gtt.app.deliverysample.DeliveryService.DelayedEvent_senderParty">
          <End Role="DelayedEvent" EntitySet="DelayedEvent"/>
          <End Role="BusinessPartner" EntitySet="BusinessPartner"/>
        </AssociationSet>
        <AssociationSet Name="DelayedEvent_sender" Association="com.sap.gtt.app.deliverysample.DeliveryService.DelayedEvent_sender">
          <End Role="DelayedEvent" EntitySet="DelayedEvent"/>
          <End Role="BusinessPartner" EntitySet="BusinessPartner"/>
        </AssociationSet>
        <AssociationSet Name="DelayedEvent_location" Association="com.sap.gtt.app.deliverysample.DeliveryService.DelayedEvent_location">
          <End Role="DelayedEvent" EntitySet="DelayedEvent"/>
          <End Role="Location" EntitySet="Location"/>
        </AssociationSet>
        <AssociationSet Name="DeliveryItem_delivery" Association="com.sap.gtt.app.deliverysample.DeliveryService.DeliveryItem_delivery">
          <End Role="DeliveryItem" EntitySet="DeliveryItem"/>
          <End Role="DeliveryProcess" EntitySet="DeliveryProcess"/>
        </AssociationSet>
        <AssociationSet Name="DeliveryItem_storageLocation" Association="com.sap.gtt.app.deliverysample.DeliveryService.DeliveryItem_storageLocation">
          <End Role="DeliveryItem" EntitySet="DeliveryItem"/>
          <End Role="Location" EntitySet="Location"/>
        </AssociationSet>
        <AssociationSet Name="DeliveryItem_product" Association="com.sap.gtt.app.deliverysample.DeliveryService.DeliveryItem_product">
          <End Role="DeliveryItem" EntitySet="DeliveryItem"/>
          <End Role="Product" EntitySet="Product"/>
        </AssociationSet>
        <AssociationSet Name="DeliveryProcess_sender" Association="com.sap.gtt.app.deliverysample.DeliveryService.DeliveryProcess_sender">
          <End Role="DeliveryProcess" EntitySet="DeliveryProcess"/>
          <End Role="BusinessPartner" EntitySet="BusinessPartner"/>
        </AssociationSet>
        <AssociationSet Name="DeliveryProcess_shipToParty" Association="com.sap.gtt.app.deliverysample.DeliveryService.DeliveryProcess_shipToParty">
          <End Role="DeliveryProcess" EntitySet="DeliveryProcess"/>
          <End Role="BusinessPartner" EntitySet="BusinessPartner"/>
        </AssociationSet>
        <AssociationSet Name="DeliveryProcess_soldToParty" Association="com.sap.gtt.app.deliverysample.DeliveryService.DeliveryProcess_soldToParty">
          <End Role="DeliveryProcess" EntitySet="DeliveryProcess"/>
          <End Role="BusinessPartner" EntitySet="BusinessPartner"/>
        </AssociationSet>
        <AssociationSet Name="DeliveryProcess_shippingPoint" Association="com.sap.gtt.app.deliverysample.DeliveryService.DeliveryProcess_shippingPoint">
          <End Role="DeliveryProcess" EntitySet="DeliveryProcess"/>
          <End Role="Location" EntitySet="Location"/>
        </AssociationSet>
        <AssociationSet Name="DeliveryProcess_purchaseOrderId" Association="com.sap.gtt.app.deliverysample.DeliveryService.DeliveryProcess_purchaseOrderId">
          <End Role="DeliveryProcess" EntitySet="DeliveryProcess"/>
          <End Role="PurchaseOrderProcess" EntitySet="PurchaseOrderProcess"/>
        </AssociationSet>
        <AssociationSet Name="Event_senderParty" Association="com.sap.gtt.app.deliverysample.DeliveryService.Event_senderParty">
          <End Role="Event" EntitySet="Event"/>
          <End Role="BusinessPartner" EntitySet="BusinessPartner"/>
        </AssociationSet>
        <AssociationSet Name="Event_sender" Association="com.sap.gtt.app.deliverysample.DeliveryService.Event_sender">
          <End Role="Event" EntitySet="Event"/>
          <End Role="BusinessPartner" EntitySet="BusinessPartner"/>
        </AssociationSet>
        <AssociationSet Name="Event_location" Association="com.sap.gtt.app.deliverysample.DeliveryService.Event_location">
          <End Role="Event" EntitySet="Event"/>
          <End Role="Location" EntitySet="Location"/>
        </AssociationSet>
        <AssociationSet Name="GTTOverdueEvent_senderParty" Association="com.sap.gtt.app.deliverysample.DeliveryService.GTTOverdueEvent_senderParty">
          <End Role="GTTOverdueEvent" EntitySet="GTTOverdueEvent"/>
          <End Role="BusinessPartner" EntitySet="BusinessPartner"/>
        </AssociationSet>
        <AssociationSet Name="GTTOverdueEvent_sender" Association="com.sap.gtt.app.deliverysample.DeliveryService.GTTOverdueEvent_sender">
          <End Role="GTTOverdueEvent" EntitySet="GTTOverdueEvent"/>
          <End Role="BusinessPartner" EntitySet="BusinessPartner"/>
        </AssociationSet>
        <AssociationSet Name="GTTOverdueEvent_location" Association="com.sap.gtt.app.deliverysample.DeliveryService.GTTOverdueEvent_location">
          <End Role="GTTOverdueEvent" EntitySet="GTTOverdueEvent"/>
          <End Role="Location" EntitySet="Location"/>
        </AssociationSet>
        <AssociationSet Name="GTTPersonalDataBlockingEvent_senderParty" Association="com.sap.gtt.app.deliverysample.DeliveryService.GTTPersonalDataBlockingEvent_senderParty">
          <End Role="GTTPersonalDataBlockingEvent" EntitySet="GTTPersonalDataBlockingEvent"/>
          <End Role="BusinessPartner" EntitySet="BusinessPartner"/>
        </AssociationSet>
        <AssociationSet Name="GTTPersonalDataBlockingEvent_sender" Association="com.sap.gtt.app.deliverysample.DeliveryService.GTTPersonalDataBlockingEvent_sender">
          <End Role="GTTPersonalDataBlockingEvent" EntitySet="GTTPersonalDataBlockingEvent"/>
          <End Role="BusinessPartner" EntitySet="BusinessPartner"/>
        </AssociationSet>
        <AssociationSet Name="GTTPersonalDataBlockingEvent_location" Association="com.sap.gtt.app.deliverysample.DeliveryService.GTTPersonalDataBlockingEvent_location">
          <End Role="GTTPersonalDataBlockingEvent" EntitySet="GTTPersonalDataBlockingEvent"/>
          <End Role="Location" EntitySet="Location"/>
        </AssociationSet>
        <AssociationSet Name="GTTPersonalDataDeletionEvent_senderParty" Association="com.sap.gtt.app.deliverysample.DeliveryService.GTTPersonalDataDeletionEvent_senderParty">
          <End Role="GTTPersonalDataDeletionEvent" EntitySet="GTTPersonalDataDeletionEvent"/>
          <End Role="BusinessPartner" EntitySet="BusinessPartner"/>
        </AssociationSet>
        <AssociationSet Name="GTTPersonalDataDeletionEvent_sender" Association="com.sap.gtt.app.deliverysample.DeliveryService.GTTPersonalDataDeletionEvent_sender">
          <End Role="GTTPersonalDataDeletionEvent" EntitySet="GTTPersonalDataDeletionEvent"/>
          <End Role="BusinessPartner" EntitySet="BusinessPartner"/>
        </AssociationSet>
        <AssociationSet Name="GTTPersonalDataDeletionEvent_location" Association="com.sap.gtt.app.deliverysample.DeliveryService.GTTPersonalDataDeletionEvent_location">
          <End Role="GTTPersonalDataDeletionEvent" EntitySet="GTTPersonalDataDeletionEvent"/>
          <End Role="Location" EntitySet="Location"/>
        </AssociationSet>
        <AssociationSet Name="GoodsDamageEvent_senderParty" Association="com.sap.gtt.app.deliverysample.DeliveryService.GoodsDamageEvent_senderParty">
          <End Role="GoodsDamageEvent" EntitySet="GoodsDamageEvent"/>
          <End Role="BusinessPartner" EntitySet="BusinessPartner"/>
        </AssociationSet>
        <AssociationSet Name="GoodsDamageEvent_sender" Association="com.sap.gtt.app.deliverysample.DeliveryService.GoodsDamageEvent_sender">
          <End Role="GoodsDamageEvent" EntitySet="GoodsDamageEvent"/>
          <End Role="BusinessPartner" EntitySet="BusinessPartner"/>
        </AssociationSet>
        <AssociationSet Name="GoodsDamageEvent_location" Association="com.sap.gtt.app.deliverysample.DeliveryService.GoodsDamageEvent_location">
          <End Role="GoodsDamageEvent" EntitySet="GoodsDamageEvent"/>
          <End Role="Location" EntitySet="Location"/>
        </AssociationSet>
        <AssociationSet Name="GoodsIssuedEvent_senderParty" Association="com.sap.gtt.app.deliverysample.DeliveryService.GoodsIssuedEvent_senderParty">
          <End Role="GoodsIssuedEvent" EntitySet="GoodsIssuedEvent"/>
          <End Role="BusinessPartner" EntitySet="BusinessPartner"/>
        </AssociationSet>
        <AssociationSet Name="GoodsIssuedEvent_sender" Association="com.sap.gtt.app.deliverysample.DeliveryService.GoodsIssuedEvent_sender">
          <End Role="GoodsIssuedEvent" EntitySet="GoodsIssuedEvent"/>
          <End Role="BusinessPartner" EntitySet="BusinessPartner"/>
        </AssociationSet>
        <AssociationSet Name="GoodsIssuedEvent_location" Association="com.sap.gtt.app.deliverysample.DeliveryService.GoodsIssuedEvent_location">
          <End Role="GoodsIssuedEvent" EntitySet="GoodsIssuedEvent"/>
          <End Role="Location" EntitySet="Location"/>
        </AssociationSet>
        <AssociationSet Name="ObjectReference_event" Association="com.sap.gtt.app.deliverysample.DeliveryService.ObjectReference_event">
          <End Role="ObjectReference" EntitySet="ObjectReference"/>
          <End Role="Event" EntitySet="Event"/>
        </AssociationSet>
        <AssociationSet Name="PickingCompletedEvent_senderParty" Association="com.sap.gtt.app.deliverysample.DeliveryService.PickingCompletedEvent_senderParty">
          <End Role="PickingCompletedEvent" EntitySet="PickingCompletedEvent"/>
          <End Role="BusinessPartner" EntitySet="BusinessPartner"/>
        </AssociationSet>
        <AssociationSet Name="PickingCompletedEvent_sender" Association="com.sap.gtt.app.deliverysample.DeliveryService.PickingCompletedEvent_sender">
          <End Role="PickingCompletedEvent" EntitySet="PickingCompletedEvent"/>
          <End Role="BusinessPartner" EntitySet="BusinessPartner"/>
        </AssociationSet>
        <AssociationSet Name="PickingCompletedEvent_location" Association="com.sap.gtt.app.deliverysample.DeliveryService.PickingCompletedEvent_location">
          <End Role="PickingCompletedEvent" EntitySet="PickingCompletedEvent"/>
          <End Role="Location" EntitySet="Location"/>
        </AssociationSet>
        <AssociationSet Name="PlannedEvent_process" Association="com.sap.gtt.app.deliverysample.DeliveryService.PlannedEvent_process">
          <End Role="PlannedEvent" EntitySet="PlannedEvent"/>
          <End Role="TrackedProcess" EntitySet="TrackedProcess"/>
        </AssociationSet>
        <AssociationSet Name="PlannedEvent_location" Association="com.sap.gtt.app.deliverysample.DeliveryService.PlannedEvent_location">
          <End Role="PlannedEvent" EntitySet="PlannedEvent"/>
          <End Role="Location" EntitySet="Location"/>
        </AssociationSet>
        <AssociationSet Name="ProcessEventDirectory_process" Association="com.sap.gtt.app.deliverysample.DeliveryService.ProcessEventDirectory_process">
          <End Role="ProcessEventDirectory" EntitySet="ProcessEventDirectory"/>
          <End Role="TrackedProcess" EntitySet="TrackedProcess"/>
        </AssociationSet>
        <AssociationSet Name="ProcessEventDirectory_plannedEvent" Association="com.sap.gtt.app.deliverysample.DeliveryService.ProcessEventDirectory_plannedEvent">
          <End Role="ProcessEventDirectory" EntitySet="ProcessEventDirectory"/>
          <End Role="PlannedEvent" EntitySet="PlannedEvent"/>
        </AssociationSet>
        <AssociationSet Name="ProcessEventDirectory_event" Association="com.sap.gtt.app.deliverysample.DeliveryService.ProcessEventDirectory_event">
          <End Role="ProcessEventDirectory" EntitySet="ProcessEventDirectory"/>
          <End Role="Event" EntitySet="Event"/>
        </AssociationSet>
        <AssociationSet Name="ProofOfDeliveryEvent_senderParty" Association="com.sap.gtt.app.deliverysample.DeliveryService.ProofOfDeliveryEvent_senderParty">
          <End Role="ProofOfDeliveryEvent" EntitySet="ProofOfDeliveryEvent"/>
          <End Role="BusinessPartner" EntitySet="BusinessPartner"/>
        </AssociationSet>
        <AssociationSet Name="ProofOfDeliveryEvent_sender" Association="com.sap.gtt.app.deliverysample.DeliveryService.ProofOfDeliveryEvent_sender">
          <End Role="ProofOfDeliveryEvent" EntitySet="ProofOfDeliveryEvent"/>
          <End Role="BusinessPartner" EntitySet="BusinessPartner"/>
        </AssociationSet>
        <AssociationSet Name="ProofOfDeliveryEvent_location" Association="com.sap.gtt.app.deliverysample.DeliveryService.ProofOfDeliveryEvent_location">
          <End Role="ProofOfDeliveryEvent" EntitySet="ProofOfDeliveryEvent"/>
          <End Role="Location" EntitySet="Location"/>
        </AssociationSet>
        <AssociationSet Name="PurchaseOrderProcess_sender" Association="com.sap.gtt.app.deliverysample.DeliveryService.PurchaseOrderProcess_sender">
          <End Role="PurchaseOrderProcess" EntitySet="PurchaseOrderProcess"/>
          <End Role="BusinessPartner" EntitySet="BusinessPartner"/>
        </AssociationSet>
        <AssociationSet Name="PurchaseOrderProcess_vendor" Association="com.sap.gtt.app.deliverysample.DeliveryService.PurchaseOrderProcess_vendor">
          <End Role="PurchaseOrderProcess" EntitySet="PurchaseOrderProcess"/>
          <End Role="BusinessPartner" EntitySet="BusinessPartner"/>
        </AssociationSet>
        <AssociationSet Name="QualifiedTrackingId_trackedProcess" Association="com.sap.gtt.app.deliverysample.DeliveryService.QualifiedTrackingId_trackedProcess">
          <End Role="QualifiedTrackingId" EntitySet="QualifiedTrackingId"/>
          <End Role="TrackedProcess" EntitySet="TrackedProcess"/>
        </AssociationSet>
        <AssociationSet Name="QualifiedTrackingId_observedProcess" Association="com.sap.gtt.app.deliverysample.DeliveryService.QualifiedTrackingId_observedProcess">
          <End Role="QualifiedTrackingId" EntitySet="QualifiedTrackingId"/>
          <End Role="TrackedProcess" EntitySet="TrackedProcess"/>
        </AssociationSet>
        <AssociationSet Name="TrackedProcess_sender" Association="com.sap.gtt.app.deliverysample.DeliveryService.TrackedProcess_sender">
          <End Role="TrackedProcess" EntitySet="TrackedProcess"/>
          <End Role="BusinessPartner" EntitySet="BusinessPartner"/>
        </AssociationSet>
        <AssociationSet Name="com_sap_gtt_app_purchaseordersample_PurchaseOrderModel_PurchaseOrderItem_purchaseOrder" Association="com.sap.gtt.app.deliverysample.DeliveryService.com_sap_gtt_app_purchaseordersample_PurchaseOrderModel_PurchaseOrderItem_purchaseOrder">
          <End Role="com_sap_gtt_app_purchaseordersample_PurchaseOrderModel_PurchaseOrderItem" EntitySet="com_sap_gtt_app_purchaseordersample_PurchaseOrderModel_PurchaseOrderItem"/>
          <End Role="PurchaseOrderProcess" EntitySet="PurchaseOrderProcess"/>
        </AssociationSet>
        <AssociationSet Name="com_sap_gtt_app_purchaseordersample_PurchaseOrderModel_PurchaseOrderItem_product" Association="com.sap.gtt.app.deliverysample.DeliveryService.com_sap_gtt_app_purchaseordersample_PurchaseOrderModel_PurchaseOrderItem_product">
          <End Role="com_sap_gtt_app_purchaseordersample_PurchaseOrderModel_PurchaseOrderItem" EntitySet="com_sap_gtt_app_purchaseordersample_PurchaseOrderModel_PurchaseOrderItem"/>
          <End Role="Product" EntitySet="Product"/>
        </AssociationSet>
      </EntityContainer>
      <EntityType Name="BusinessPartner">
        <Key>
          <PropertyRef Name="id"/>
        </Key>
        <Property Name="id" Type="Edm.String" MaxLength="50" Nullable="false"/>
        <Property Name="altKey" Type="Edm.String" MaxLength="255"/>
        <Property Name="organizationName1" Type="Edm.String" MaxLength="255"/>
        <Property Name="organizationName2" Type="Edm.String" MaxLength="255"/>
        <Property Name="emailAddress" Type="Edm.String" MaxLength="255"/>
        <Property Name="landlinePhoneNumber" Type="Edm.String" MaxLength="127"/>
        <Property Name="mobilePhoneNumber" Type="Edm.String" MaxLength="127"/>
        <Property Name="streetName" Type="Edm.String" MaxLength="255"/>
        <Property Name="houseNumber" Type="Edm.String" MaxLength="10"/>
        <Property Name="cityName" Type="Edm.String" MaxLength="255"/>
        <Property Name="postalCode" Type="Edm.String" MaxLength="10"/>
        <Property Name="country" Type="Edm.String" MaxLength="2"/>
        <Property Name="countryDescription" Type="Edm.String" MaxLength="60"/>
        <Property Name="region" Type="Edm.String" MaxLength="3"/>
        <Property Name="regionDescription" Type="Edm.String" MaxLength="60"/>
        <Property Name="longitude" Type="Edm.Decimal" Scale="6" Precision="9"/>
        <Property Name="latitude" Type="Edm.Decimal" Scale="6" Precision="8"/>
        <Property Name="objectGroup" Type="Edm.String" MaxLength="32"/>
      </EntityType>
      <EntityType Name="DelayedEvent">
        <Key>
          <PropertyRef Name="id"/>
        </Key>
        <Property Name="id" Type="Edm.String" MaxLength="50" Nullable="false"/>
        <Property Name="eventCode" Type="Edm.String" MaxLength="20"/>
        <Property Name="eventType" Type="Edm.String" MaxLength="255"/>
        <Property Name="eventReasonText" Type="Edm.String" MaxLength="255"/>
        <NavigationProperty Name="senderParty" Relationship="com.sap.gtt.app.deliverysample.DeliveryService.DelayedEvent_senderParty" FromRole="DelayedEvent" ToRole="BusinessPartner"/>
        <Property Name="scheme" Type="Edm.String" MaxLength="255"/>
        <NavigationProperty Name="sender" Relationship="com.sap.gtt.app.deliverysample.DeliveryService.DelayedEvent_sender" FromRole="DelayedEvent" ToRole="BusinessPartner"/>
        <Property Name="logicalSenderSystem" Type="Edm.String" MaxLength="10"/>
        <Property Name="trackingIdType" Type="Edm.String" MaxLength="40"/>
        <Property Name="trackingId" Type="Edm.String" MaxLength="50"/>
        <Property Name="altKey" Type="Edm.String" MaxLength="255"/>
        <Property Name="actualTechnicalTimestamp" Type="Edm.DateTimeOffset"/>
        <Property Name="actualBusinessTimestamp" Type="Edm.DateTimeOffset"/>
        <Property Name="actualBusinessTimeZone" Type="Edm.String" MaxLength="50"/>
        <NavigationProperty Name="location" Relationship="com.sap.gtt.app.deliverysample.DeliveryService.DelayedEvent_location" FromRole="DelayedEvent" ToRole="Location"/>
        <Property Name="locationId" Type="Edm.String" MaxLength="255"/>
        <Property Name="locationDescription" Type="Edm.String" MaxLength="255"/>
        <Property Name="longitude" Type="Edm.Decimal" Scale="6" Precision="9"/>
        <Property Name="latitude" Type="Edm.Decimal" Scale="6" Precision="8"/>
        <NavigationProperty Name="objectReferences" Relationship="com.sap.gtt.app.deliverysample.DeliveryService.ObjectReference_event" FromRole="DelayedEvent" ToRole="ObjectReference"/>
        <Property Name="messageSourceType" Type="Edm.String" MaxLength="50"/>
        <Property Name="createdByUser" Type="Edm.String" MaxLength="64"/>
        <Property Name="creationDateTime" Type="Edm.DateTimeOffset"/>
        <Property Name="senderParty_id" Type="Edm.String" MaxLength="50"/>
        <Property Name="sender_id" Type="Edm.String" MaxLength="50"/>
        <Property Name="location_id" Type="Edm.String" MaxLength="50"/>
      </EntityType>
      <EntityType Name="DeliveryItem">
        <Key>
          <PropertyRef Name="deliveryItem"/>
          <PropertyRef Name="delivery_id"/>
        </Key>
        <NavigationProperty Name="delivery" Relationship="com.sap.gtt.app.deliverysample.DeliveryService.DeliveryItem_delivery" FromRole="DeliveryItem" ToRole="DeliveryProcess"/>
        <Property Name="deliveryItem" Type="Edm.String" MaxLength="6" Nullable="false"/>
        <Property Name="distributionChannel" Type="Edm.String" MaxLength="255"/>
        <Property Name="plant" Type="Edm.String" MaxLength="4"/>
        <NavigationProperty Name="storageLocation" Relationship="com.sap.gtt.app.deliverysample.DeliveryService.DeliveryItem_storageLocation" FromRole="DeliveryItem" ToRole="Location"/>
        <NavigationProperty Name="product" Relationship="com.sap.gtt.app.deliverysample.DeliveryService.DeliveryItem_product" FromRole="DeliveryItem" ToRole="Product"/>
        <Property Name="deliveryQty" Type="Edm.Decimal" Scale="3" Precision="13"/>
        <Property Name="pickingQty" Type="Edm.Decimal" Scale="3" Precision="13"/>
        <Property Name="qtyUnit" Type="Edm.String" MaxLength="6"/>
        <Property Name="delivery_id" Type="Edm.String" MaxLength="50" Nullable="false"/>
        <Property Name="storageLocation_id" Type="Edm.String" MaxLength="50"/>
        <Property Name="product_id" Type="Edm.String" MaxLength="50"/>
      </EntityType>
      <EntityType Name="DeliveryProcess">
        <Key>
          <PropertyRef Name="id"/>
        </Key>
        <Property Name="id" Type="Edm.String" MaxLength="50" Nullable="false"/>
        <NavigationProperty Name="trackingIds" Relationship="com.sap.gtt.app.deliverysample.DeliveryService.QualifiedTrackingId_trackedProcess" FromRole="DeliveryProcess" ToRole="QualifiedTrackingId"/>
        <Property Name="scheme" Type="Edm.String" MaxLength="255"/>
        <NavigationProperty Name="sender" Relationship="com.sap.gtt.app.deliverysample.DeliveryService.DeliveryProcess_sender" FromRole="DeliveryProcess" ToRole="BusinessPartner"/>
        <Property Name="logicalSenderSystem" Type="Edm.String" MaxLength="10"/>
        <Property Name="trackingIdType" Type="Edm.String" MaxLength="40"/>
        <Property Name="trackingId" Type="Edm.String" MaxLength="50"/>
        <Property Name="altKey" Type="Edm.String" MaxLength="255"/>
        <NavigationProperty Name="plannedEvents" Relationship="com.sap.gtt.app.deliverysample.DeliveryService.PlannedEvent_process" FromRole="DeliveryProcess" ToRole="PlannedEvent"/>
        <NavigationProperty Name="processEvents" Relationship="com.sap.gtt.app.deliverysample.DeliveryService.ProcessEventDirectory_process" FromRole="DeliveryProcess" ToRole="ProcessEventDirectory"/>
        <Property Name="personalDataProtectionStatus" Type="Edm.String" MaxLength="20"/>
        <Property Name="deliveryId" Type="Edm.String" MaxLength="10"/>
        <Property Name="salesOrderId" Type="Edm.String" MaxLength="10"/>
        <NavigationProperty Name="shipToParty" Relationship="com.sap.gtt.app.deliverysample.DeliveryService.DeliveryProcess_shipToParty" FromRole="DeliveryProcess" ToRole="BusinessPartner"/>
        <NavigationProperty Name="soldToParty" Relationship="com.sap.gtt.app.deliverysample.DeliveryService.DeliveryProcess_soldToParty" FromRole="DeliveryProcess" ToRole="BusinessPartner"/>
        <Property Name="salesOrganization" Type="Edm.String" MaxLength="4"/>
        <Property Name="deliveryDate" Type="Edm.DateTime" sap:display-format="Date"/>
        <Property Name="loadingDate" Type="Edm.DateTime" sap:display-format="Date"/>
        <Property Name="transPlanDate" Type="Edm.DateTime" sap:display-format="Date"/>
        <NavigationProperty Name="shippingPoint" Relationship="com.sap.gtt.app.deliverysample.DeliveryService.DeliveryProcess_shippingPoint" FromRole="DeliveryProcess" ToRole="Location"/>
        <Property Name="deliveryWeight" Type="Edm.Decimal" Scale="3" Precision="15"/>
        <Property Name="deliveryNetWeight" Type="Edm.Decimal" Scale="3" Precision="15"/>
        <Property Name="deliveryWeightUnit" Type="Edm.String" MaxLength="6"/>
        <Property Name="deliveryVolume" Type="Edm.Decimal" Scale="3" Precision="15"/>
        <Property Name="deliveryVolumeUnit" Type="Edm.String" MaxLength="6"/>
        <Property Name="shippingType" Type="Edm.String" MaxLength="20"/>
        <NavigationProperty Name="purchaseOrderId" Relationship="com.sap.gtt.app.deliverysample.DeliveryService.DeliveryProcess_purchaseOrderId" FromRole="DeliveryProcess" ToRole="PurchaseOrderProcess"/>
        <Property Name="numberOfPackages" Type="Edm.Int32"/>
        <Property Name="deliveryStatus" Type="Edm.String" MaxLength="2"/>
        <Property Name="shippingStatus" Type="Edm.String" MaxLength="50"/>
        <NavigationProperty Name="items" Relationship="com.sap.gtt.app.deliverysample.DeliveryService.DeliveryItem_delivery" FromRole="DeliveryProcess" ToRole="DeliveryItem"/>
        <Property Name="sender_id" Type="Edm.String" MaxLength="50"/>
        <Property Name="shipToParty_id" Type="Edm.String" MaxLength="50"/>
        <Property Name="soldToParty_id" Type="Edm.String" MaxLength="50"/>
        <Property Name="shippingPoint_id" Type="Edm.String" MaxLength="50"/>
        <Property Name="purchaseOrderId_id" Type="Edm.String" MaxLength="50"/>
      </EntityType>
      <EntityType Name="DeliveryStatus">
        <Key>
          <PropertyRef Name="Code"/>
        </Key>
        <Property Name="Code" Type="Edm.String" MaxLength="10" Nullable="false"/>
        <Property Name="Text" Type="Edm.String" MaxLength="50"/>
        <Property Name="Criticality" Type="Edm.Int32"/>
      </EntityType>
      <EntityType Name="Event">
        <Key>
          <PropertyRef Name="id"/>
        </Key>
        <Property Name="id" Type="Edm.String" MaxLength="50" Nullable="false"/>
        <Property Name="eventCode" Type="Edm.String" MaxLength="20"/>
        <Property Name="eventType" Type="Edm.String" MaxLength="255"/>
        <Property Name="eventReasonText" Type="Edm.String" MaxLength="255"/>
        <NavigationProperty Name="senderParty" Relationship="com.sap.gtt.app.deliverysample.DeliveryService.Event_senderParty" FromRole="Event" ToRole="BusinessPartner"/>
        <Property Name="scheme" Type="Edm.String" MaxLength="255"/>
        <NavigationProperty Name="sender" Relationship="com.sap.gtt.app.deliverysample.DeliveryService.Event_sender" FromRole="Event" ToRole="BusinessPartner"/>
        <Property Name="logicalSenderSystem" Type="Edm.String" MaxLength="10"/>
        <Property Name="trackingIdType" Type="Edm.String" MaxLength="40"/>
        <Property Name="trackingId" Type="Edm.String" MaxLength="50"/>
        <Property Name="altKey" Type="Edm.String" MaxLength="255"/>
        <Property Name="actualTechnicalTimestamp" Type="Edm.DateTimeOffset"/>
        <Property Name="actualBusinessTimestamp" Type="Edm.DateTimeOffset"/>
        <Property Name="actualBusinessTimeZone" Type="Edm.String" MaxLength="50"/>
        <NavigationProperty Name="location" Relationship="com.sap.gtt.app.deliverysample.DeliveryService.Event_location" FromRole="Event" ToRole="Location"/>
        <Property Name="locationId" Type="Edm.String" MaxLength="255"/>
        <Property Name="locationDescription" Type="Edm.String" MaxLength="255"/>
        <Property Name="longitude" Type="Edm.Decimal" Scale="6" Precision="9"/>
        <Property Name="latitude" Type="Edm.Decimal" Scale="6" Precision="8"/>
        <NavigationProperty Name="objectReferences" Relationship="com.sap.gtt.app.deliverysample.DeliveryService.ObjectReference_event" FromRole="Event" ToRole="ObjectReference"/>
        <Property Name="messageSourceType" Type="Edm.String" MaxLength="50"/>
        <Property Name="createdByUser" Type="Edm.String" MaxLength="64"/>
        <Property Name="creationDateTime" Type="Edm.DateTimeOffset"/>
        <Property Name="senderParty_id" Type="Edm.String" MaxLength="50"/>
        <Property Name="sender_id" Type="Edm.String" MaxLength="50"/>
        <Property Name="location_id" Type="Edm.String" MaxLength="50"/>
      </EntityType>
      <EntityType Name="EventAction">
        <Key>
          <PropertyRef Name="Code"/>
        </Key>
        <Property Name="Code" Type="Edm.String" MaxLength="10" Nullable="false"/>
        <Property Name="Text" Type="Edm.String" MaxLength="50"/>
      </EntityType>
      <EntityType Name="EventDescription">
        <Key>
          <PropertyRef Name="Code"/>
        </Key>
        <Property Name="Code" Type="Edm.String" MaxLength="255" Nullable="false"/>
        <Property Name="Text" Type="Edm.String" MaxLength="255"/>
      </EntityType>
      <EntityType Name="EventStatus">
        <Key>
          <PropertyRef Name="Code"/>
        </Key>
        <Property Name="Code" Type="Edm.String" MaxLength="10" Nullable="false"/>
        <Property Name="Text" Type="Edm.String" MaxLength="50"/>
        <Property Name="Criticality" Type="Edm.Int32"/>
        <Property Name="EditEnabled" Type="Edm.Boolean"/>
      </EntityType>
      <EntityType Name="GTTOverdueEvent">
        <Key>
          <PropertyRef Name="id"/>
        </Key>
        <Property Name="id" Type="Edm.String" MaxLength="50" Nullable="false"/>
        <Property Name="eventCode" Type="Edm.String" MaxLength="20"/>
        <Property Name="eventType" Type="Edm.String" MaxLength="255"/>
        <Property Name="eventReasonText" Type="Edm.String" MaxLength="255"/>
        <NavigationProperty Name="senderParty" Relationship="com.sap.gtt.app.deliverysample.DeliveryService.GTTOverdueEvent_senderParty" FromRole="GTTOverdueEvent" ToRole="BusinessPartner"/>
        <Property Name="scheme" Type="Edm.String" MaxLength="255"/>
        <NavigationProperty Name="sender" Relationship="com.sap.gtt.app.deliverysample.DeliveryService.GTTOverdueEvent_sender" FromRole="GTTOverdueEvent" ToRole="BusinessPartner"/>
        <Property Name="logicalSenderSystem" Type="Edm.String" MaxLength="10"/>
        <Property Name="trackingIdType" Type="Edm.String" MaxLength="40"/>
        <Property Name="trackingId" Type="Edm.String" MaxLength="50"/>
        <Property Name="altKey" Type="Edm.String" MaxLength="255"/>
        <Property Name="actualTechnicalTimestamp" Type="Edm.DateTimeOffset"/>
        <Property Name="actualBusinessTimestamp" Type="Edm.DateTimeOffset"/>
        <Property Name="actualBusinessTimeZone" Type="Edm.String" MaxLength="50"/>
        <NavigationProperty Name="location" Relationship="com.sap.gtt.app.deliverysample.DeliveryService.GTTOverdueEvent_location" FromRole="GTTOverdueEvent" ToRole="Location"/>
        <Property Name="locationId" Type="Edm.String" MaxLength="255"/>
        <Property Name="locationDescription" Type="Edm.String" MaxLength="255"/>
        <Property Name="longitude" Type="Edm.Decimal" Scale="6" Precision="9"/>
        <Property Name="latitude" Type="Edm.Decimal" Scale="6" Precision="8"/>
        <NavigationProperty Name="objectReferences" Relationship="com.sap.gtt.app.deliverysample.DeliveryService.ObjectReference_event" FromRole="GTTOverdueEvent" ToRole="ObjectReference"/>
        <Property Name="messageSourceType" Type="Edm.String" MaxLength="50"/>
        <Property Name="createdByUser" Type="Edm.String" MaxLength="64"/>
        <Property Name="creationDateTime" Type="Edm.DateTimeOffset"/>
        <Property Name="senderParty_id" Type="Edm.String" MaxLength="50"/>
        <Property Name="sender_id" Type="Edm.String" MaxLength="50"/>
        <Property Name="location_id" Type="Edm.String" MaxLength="50"/>
      </EntityType>
      <EntityType Name="GTTPersonalDataBlockingEvent">
        <Key>
          <PropertyRef Name="id"/>
        </Key>
        <Property Name="id" Type="Edm.String" MaxLength="50" Nullable="false"/>
        <Property Name="eventCode" Type="Edm.String" MaxLength="20"/>
        <Property Name="eventType" Type="Edm.String" MaxLength="255"/>
        <Property Name="eventReasonText" Type="Edm.String" MaxLength="255"/>
        <NavigationProperty Name="senderParty" Relationship="com.sap.gtt.app.deliverysample.DeliveryService.GTTPersonalDataBlockingEvent_senderParty" FromRole="GTTPersonalDataBlockingEvent" ToRole="BusinessPartner"/>
        <Property Name="scheme" Type="Edm.String" MaxLength="255"/>
        <NavigationProperty Name="sender" Relationship="com.sap.gtt.app.deliverysample.DeliveryService.GTTPersonalDataBlockingEvent_sender" FromRole="GTTPersonalDataBlockingEvent" ToRole="BusinessPartner"/>
        <Property Name="logicalSenderSystem" Type="Edm.String" MaxLength="10"/>
        <Property Name="trackingIdType" Type="Edm.String" MaxLength="40"/>
        <Property Name="trackingId" Type="Edm.String" MaxLength="50"/>
        <Property Name="altKey" Type="Edm.String" MaxLength="255"/>
        <Property Name="actualTechnicalTimestamp" Type="Edm.DateTimeOffset"/>
        <Property Name="actualBusinessTimestamp" Type="Edm.DateTimeOffset"/>
        <Property Name="actualBusinessTimeZone" Type="Edm.String" MaxLength="50"/>
        <NavigationProperty Name="location" Relationship="com.sap.gtt.app.deliverysample.DeliveryService.GTTPersonalDataBlockingEvent_location" FromRole="GTTPersonalDataBlockingEvent" ToRole="Location"/>
        <Property Name="locationId" Type="Edm.String" MaxLength="255"/>
        <Property Name="locationDescription" Type="Edm.String" MaxLength="255"/>
        <Property Name="longitude" Type="Edm.Decimal" Scale="6" Precision="9"/>
        <Property Name="latitude" Type="Edm.Decimal" Scale="6" Precision="8"/>
        <NavigationProperty Name="objectReferences" Relationship="com.sap.gtt.app.deliverysample.DeliveryService.ObjectReference_event" FromRole="GTTPersonalDataBlockingEvent" ToRole="ObjectReference"/>
        <Property Name="messageSourceType" Type="Edm.String" MaxLength="50"/>
        <Property Name="createdByUser" Type="Edm.String" MaxLength="64"/>
        <Property Name="creationDateTime" Type="Edm.DateTimeOffset"/>
        <Property Name="senderParty_id" Type="Edm.String" MaxLength="50"/>
        <Property Name="sender_id" Type="Edm.String" MaxLength="50"/>
        <Property Name="location_id" Type="Edm.String" MaxLength="50"/>
      </EntityType>
      <EntityType Name="GTTPersonalDataDeletionEvent">
        <Key>
          <PropertyRef Name="id"/>
        </Key>
        <Property Name="id" Type="Edm.String" MaxLength="50" Nullable="false"/>
        <Property Name="eventCode" Type="Edm.String" MaxLength="20"/>
        <Property Name="eventType" Type="Edm.String" MaxLength="255"/>
        <Property Name="eventReasonText" Type="Edm.String" MaxLength="255"/>
        <NavigationProperty Name="senderParty" Relationship="com.sap.gtt.app.deliverysample.DeliveryService.GTTPersonalDataDeletionEvent_senderParty" FromRole="GTTPersonalDataDeletionEvent" ToRole="BusinessPartner"/>
        <Property Name="scheme" Type="Edm.String" MaxLength="255"/>
        <NavigationProperty Name="sender" Relationship="com.sap.gtt.app.deliverysample.DeliveryService.GTTPersonalDataDeletionEvent_sender" FromRole="GTTPersonalDataDeletionEvent" ToRole="BusinessPartner"/>
        <Property Name="logicalSenderSystem" Type="Edm.String" MaxLength="10"/>
        <Property Name="trackingIdType" Type="Edm.String" MaxLength="40"/>
        <Property Name="trackingId" Type="Edm.String" MaxLength="50"/>
        <Property Name="altKey" Type="Edm.String" MaxLength="255"/>
        <Property Name="actualTechnicalTimestamp" Type="Edm.DateTimeOffset"/>
        <Property Name="actualBusinessTimestamp" Type="Edm.DateTimeOffset"/>
        <Property Name="actualBusinessTimeZone" Type="Edm.String" MaxLength="50"/>
        <NavigationProperty Name="location" Relationship="com.sap.gtt.app.deliverysample.DeliveryService.GTTPersonalDataDeletionEvent_location" FromRole="GTTPersonalDataDeletionEvent" ToRole="Location"/>
        <Property Name="locationId" Type="Edm.String" MaxLength="255"/>
        <Property Name="locationDescription" Type="Edm.String" MaxLength="255"/>
        <Property Name="longitude" Type="Edm.Decimal" Scale="6" Precision="9"/>
        <Property Name="latitude" Type="Edm.Decimal" Scale="6" Precision="8"/>
        <NavigationProperty Name="objectReferences" Relationship="com.sap.gtt.app.deliverysample.DeliveryService.ObjectReference_event" FromRole="GTTPersonalDataDeletionEvent" ToRole="ObjectReference"/>
        <Property Name="messageSourceType" Type="Edm.String" MaxLength="50"/>
        <Property Name="createdByUser" Type="Edm.String" MaxLength="64"/>
        <Property Name="creationDateTime" Type="Edm.DateTimeOffset"/>
        <Property Name="senderParty_id" Type="Edm.String" MaxLength="50"/>
        <Property Name="sender_id" Type="Edm.String" MaxLength="50"/>
        <Property Name="location_id" Type="Edm.String" MaxLength="50"/>
      </EntityType>
      <EntityType Name="GoodsDamageEvent">
        <Key>
          <PropertyRef Name="id"/>
        </Key>
        <Property Name="id" Type="Edm.String" MaxLength="50" Nullable="false"/>
        <Property Name="eventCode" Type="Edm.String" MaxLength="20"/>
        <Property Name="eventType" Type="Edm.String" MaxLength="255"/>
        <Property Name="eventReasonText" Type="Edm.String" MaxLength="255"/>
        <NavigationProperty Name="senderParty" Relationship="com.sap.gtt.app.deliverysample.DeliveryService.GoodsDamageEvent_senderParty" FromRole="GoodsDamageEvent" ToRole="BusinessPartner"/>
        <Property Name="scheme" Type="Edm.String" MaxLength="255"/>
        <NavigationProperty Name="sender" Relationship="com.sap.gtt.app.deliverysample.DeliveryService.GoodsDamageEvent_sender" FromRole="GoodsDamageEvent" ToRole="BusinessPartner"/>
        <Property Name="logicalSenderSystem" Type="Edm.String" MaxLength="10"/>
        <Property Name="trackingIdType" Type="Edm.String" MaxLength="40"/>
        <Property Name="trackingId" Type="Edm.String" MaxLength="50"/>
        <Property Name="altKey" Type="Edm.String" MaxLength="255"/>
        <Property Name="actualTechnicalTimestamp" Type="Edm.DateTimeOffset"/>
        <Property Name="actualBusinessTimestamp" Type="Edm.DateTimeOffset"/>
        <Property Name="actualBusinessTimeZone" Type="Edm.String" MaxLength="50"/>
        <NavigationProperty Name="location" Relationship="com.sap.gtt.app.deliverysample.DeliveryService.GoodsDamageEvent_location" FromRole="GoodsDamageEvent" ToRole="Location"/>
        <Property Name="locationId" Type="Edm.String" MaxLength="255"/>
        <Property Name="locationDescription" Type="Edm.String" MaxLength="255"/>
        <Property Name="longitude" Type="Edm.Decimal" Scale="6" Precision="9"/>
        <Property Name="latitude" Type="Edm.Decimal" Scale="6" Precision="8"/>
        <NavigationProperty Name="objectReferences" Relationship="com.sap.gtt.app.deliverysample.DeliveryService.ObjectReference_event" FromRole="GoodsDamageEvent" ToRole="ObjectReference"/>
        <Property Name="messageSourceType" Type="Edm.String" MaxLength="50"/>
        <Property Name="createdByUser" Type="Edm.String" MaxLength="64"/>
        <Property Name="creationDateTime" Type="Edm.DateTimeOffset"/>
        <Property Name="damageDescription" Type="Edm.String" MaxLength="255"/>
        <Property Name="damageQuantity" Type="Edm.Decimal" Scale="3" Precision="13"/>
        <Property Name="senderParty_id" Type="Edm.String" MaxLength="50"/>
        <Property Name="sender_id" Type="Edm.String" MaxLength="50"/>
        <Property Name="location_id" Type="Edm.String" MaxLength="50"/>
      </EntityType>
      <EntityType Name="GoodsIssuedEvent">
        <Key>
          <PropertyRef Name="id"/>
        </Key>
        <Property Name="id" Type="Edm.String" MaxLength="50" Nullable="false"/>
        <Property Name="eventCode" Type="Edm.String" MaxLength="20"/>
        <Property Name="eventType" Type="Edm.String" MaxLength="255"/>
        <Property Name="eventReasonText" Type="Edm.String" MaxLength="255"/>
        <NavigationProperty Name="senderParty" Relationship="com.sap.gtt.app.deliverysample.DeliveryService.GoodsIssuedEvent_senderParty" FromRole="GoodsIssuedEvent" ToRole="BusinessPartner"/>
        <Property Name="scheme" Type="Edm.String" MaxLength="255"/>
        <NavigationProperty Name="sender" Relationship="com.sap.gtt.app.deliverysample.DeliveryService.GoodsIssuedEvent_sender" FromRole="GoodsIssuedEvent" ToRole="BusinessPartner"/>
        <Property Name="logicalSenderSystem" Type="Edm.String" MaxLength="10"/>
        <Property Name="trackingIdType" Type="Edm.String" MaxLength="40"/>
        <Property Name="trackingId" Type="Edm.String" MaxLength="50"/>
        <Property Name="altKey" Type="Edm.String" MaxLength="255"/>
        <Property Name="actualTechnicalTimestamp" Type="Edm.DateTimeOffset"/>
        <Property Name="actualBusinessTimestamp" Type="Edm.DateTimeOffset"/>
        <Property Name="actualBusinessTimeZone" Type="Edm.String" MaxLength="50"/>
        <NavigationProperty Name="location" Relationship="com.sap.gtt.app.deliverysample.DeliveryService.GoodsIssuedEvent_location" FromRole="GoodsIssuedEvent" ToRole="Location"/>
        <Property Name="locationId" Type="Edm.String" MaxLength="255"/>
        <Property Name="locationDescription" Type="Edm.String" MaxLength="255"/>
        <Property Name="longitude" Type="Edm.Decimal" Scale="6" Precision="9"/>
        <Property Name="latitude" Type="Edm.Decimal" Scale="6" Precision="8"/>
        <NavigationProperty Name="objectReferences" Relationship="com.sap.gtt.app.deliverysample.DeliveryService.ObjectReference_event" FromRole="GoodsIssuedEvent" ToRole="ObjectReference"/>
        <Property Name="messageSourceType" Type="Edm.String" MaxLength="50"/>
        <Property Name="createdByUser" Type="Edm.String" MaxLength="64"/>
        <Property Name="creationDateTime" Type="Edm.DateTimeOffset"/>
        <Property Name="senderParty_id" Type="Edm.String" MaxLength="50"/>
        <Property Name="sender_id" Type="Edm.String" MaxLength="50"/>
        <Property Name="location_id" Type="Edm.String" MaxLength="50"/>
      </EntityType>
      <EntityType Name="Location">
        <Key>
          <PropertyRef Name="id"/>
        </Key>
        <Property Name="id" Type="Edm.String" MaxLength="50" Nullable="false"/>
        <Property Name="altKey" Type="Edm.String" MaxLength="255"/>
        <Property Name="description" Type="Edm.String" MaxLength="255"/>
        <Property Name="globalLocationNumber" Type="Edm.String" MaxLength="13"/>
        <Property Name="streetName" Type="Edm.String" MaxLength="255"/>
        <Property Name="houseNumber" Type="Edm.String" MaxLength="10"/>
        <Property Name="cityName" Type="Edm.String" MaxLength="255"/>
        <Property Name="district" Type="Edm.String" MaxLength="255"/>
        <Property Name="postalCode" Type="Edm.String" MaxLength="10"/>
        <Property Name="country" Type="Edm.String" MaxLength="2"/>
        <Property Name="countryDescription" Type="Edm.String" MaxLength="60"/>
        <Property Name="region" Type="Edm.String" MaxLength="3"/>
        <Property Name="regionDescription" Type="Edm.String" MaxLength="60"/>
        <Property Name="longitude" Type="Edm.Decimal" Scale="6" Precision="9"/>
        <Property Name="latitude" Type="Edm.Decimal" Scale="6" Precision="8"/>
      </EntityType>
      <EntityType Name="ObjectReference">
        <Key>
          <PropertyRef Name="id"/>
          <PropertyRef Name="event_id"/>
        </Key>
        <Property Name="id" Type="Edm.String" MaxLength="50" Nullable="false"/>
        <NavigationProperty Name="event" Relationship="com.sap.gtt.app.deliverysample.DeliveryService.ObjectReference_event" FromRole="ObjectReference" ToRole="Event"/>
        <Property Name="obsType" Type="Edm.String" MaxLength="50"/>
        <Property Name="objKey" Type="Edm.String" MaxLength="255"/>
        <Property Name="validFrom" Type="Edm.DateTimeOffset"/>
        <Property Name="validTo" Type="Edm.DateTimeOffset"/>
        <Property Name="action" Type="Edm.String" MaxLength="50"/>
        <Property Name="event_id" Type="Edm.String" MaxLength="50" Nullable="false"/>
      </EntityType>
      <EntityType Name="PersonalDataProtectionStatus">
        <Key>
          <PropertyRef Name="Code"/>
        </Key>
        <Property Name="Code" Type="Edm.String" MaxLength="10" Nullable="false"/>
        <Property Name="Text" Type="Edm.String" MaxLength="50"/>
      </EntityType>
      <EntityType Name="PickingCompletedEvent">
        <Key>
          <PropertyRef Name="id"/>
        </Key>
        <Property Name="id" Type="Edm.String" MaxLength="50" Nullable="false"/>
        <Property Name="eventCode" Type="Edm.String" MaxLength="20"/>
        <Property Name="eventType" Type="Edm.String" MaxLength="255"/>
        <Property Name="eventReasonText" Type="Edm.String" MaxLength="255"/>
        <NavigationProperty Name="senderParty" Relationship="com.sap.gtt.app.deliverysample.DeliveryService.PickingCompletedEvent_senderParty" FromRole="PickingCompletedEvent" ToRole="BusinessPartner"/>
        <Property Name="scheme" Type="Edm.String" MaxLength="255"/>
        <NavigationProperty Name="sender" Relationship="com.sap.gtt.app.deliverysample.DeliveryService.PickingCompletedEvent_sender" FromRole="PickingCompletedEvent" ToRole="BusinessPartner"/>
        <Property Name="logicalSenderSystem" Type="Edm.String" MaxLength="10"/>
        <Property Name="trackingIdType" Type="Edm.String" MaxLength="40"/>
        <Property Name="trackingId" Type="Edm.String" MaxLength="50"/>
        <Property Name="altKey" Type="Edm.String" MaxLength="255"/>
        <Property Name="actualTechnicalTimestamp" Type="Edm.DateTimeOffset"/>
        <Property Name="actualBusinessTimestamp" Type="Edm.DateTimeOffset"/>
        <Property Name="actualBusinessTimeZone" Type="Edm.String" MaxLength="50"/>
        <NavigationProperty Name="location" Relationship="com.sap.gtt.app.deliverysample.DeliveryService.PickingCompletedEvent_location" FromRole="PickingCompletedEvent" ToRole="Location"/>
        <Property Name="locationId" Type="Edm.String" MaxLength="255"/>
        <Property Name="locationDescription" Type="Edm.String" MaxLength="255"/>
        <Property Name="longitude" Type="Edm.Decimal" Scale="6" Precision="9"/>
        <Property Name="latitude" Type="Edm.Decimal" Scale="6" Precision="8"/>
        <NavigationProperty Name="objectReferences" Relationship="com.sap.gtt.app.deliverysample.DeliveryService.ObjectReference_event" FromRole="PickingCompletedEvent" ToRole="ObjectReference"/>
        <Property Name="messageSourceType" Type="Edm.String" MaxLength="50"/>
        <Property Name="createdByUser" Type="Edm.String" MaxLength="64"/>
        <Property Name="creationDateTime" Type="Edm.DateTimeOffset"/>
        <Property Name="senderParty_id" Type="Edm.String" MaxLength="50"/>
        <Property Name="sender_id" Type="Edm.String" MaxLength="50"/>
        <Property Name="location_id" Type="Edm.String" MaxLength="50"/>
      </EntityType>
      <EntityType Name="PlannedEvent">
        <Key>
          <PropertyRef Name="id"/>
        </Key>
        <Property Name="id" Type="Edm.String" MaxLength="50" Nullable="false"/>
        <NavigationProperty Name="process" Relationship="com.sap.gtt.app.deliverysample.DeliveryService.PlannedEvent_process" FromRole="PlannedEvent" ToRole="TrackedProcess"/>
        <Property Name="eventType" Type="Edm.String" MaxLength="255"/>
        <NavigationProperty Name="location" Relationship="com.sap.gtt.app.deliverysample.DeliveryService.PlannedEvent_location" FromRole="PlannedEvent" ToRole="Location"/>
        <Property Name="eventStatus" Type="Edm.String" MaxLength="50"/>
        <Property Name="nextOverdueDetection" Type="Edm.DateTimeOffset"/>
        <Property Name="overdueDetectionCounter" Type="Edm.Int32"/>
        <Property Name="plannedTechnicalTimestamp" Type="Edm.DateTimeOffset"/>
        <Property Name="plannedTechTsLatest" Type="Edm.DateTimeOffset"/>
        <Property Name="plannedBusinessTimestamp" Type="Edm.DateTimeOffset"/>
        <Property Name="plannedBusinessTimeZone" Type="Edm.String" MaxLength="50"/>
        <Property Name="process_id" Type="Edm.String" MaxLength="50"/>
        <Property Name="location_id" Type="Edm.String" MaxLength="50"/>
      </EntityType>
      <EntityType Name="ProcessEventDirectory">
        <Key>
          <PropertyRef Name="id"/>
        </Key>
        <Property Name="id" Type="Edm.String" MaxLength="50" Nullable="false"/>
        <NavigationProperty Name="process" Relationship="com.sap.gtt.app.deliverysample.DeliveryService.ProcessEventDirectory_process" FromRole="ProcessEventDirectory" ToRole="TrackedProcess"/>
        <NavigationProperty Name="plannedEvent" Relationship="com.sap.gtt.app.deliverysample.DeliveryService.ProcessEventDirectory_plannedEvent" FromRole="ProcessEventDirectory" ToRole="PlannedEvent"/>
        <NavigationProperty Name="event" Relationship="com.sap.gtt.app.deliverysample.DeliveryService.ProcessEventDirectory_event" FromRole="ProcessEventDirectory" ToRole="Event"/>
        <Property Name="process_id" Type="Edm.String" MaxLength="50"/>
        <Property Name="plannedEvent_id" Type="Edm.String" MaxLength="50"/>
        <Property Name="event_id" Type="Edm.String" MaxLength="50"/>
      </EntityType>
      <EntityType Name="Product">
        <Key>
          <PropertyRef Name="id"/>
        </Key>
        <Property Name="id" Type="Edm.String" MaxLength="50" Nullable="false"/>
        <Property Name="altKey" Type="Edm.String" MaxLength="255"/>
        <Property Name="description" Type="Edm.String" MaxLength="255"/>
        <Property Name="productTypeId" Type="Edm.String" MaxLength="255"/>
        <Property Name="productTypeDescription" Type="Edm.String" MaxLength="255"/>
      </EntityType>
      <EntityType Name="ProofOfDeliveryEvent">
        <Key>
          <PropertyRef Name="id"/>
        </Key>
        <Property Name="id" Type="Edm.String" MaxLength="50" Nullable="false"/>
        <Property Name="eventCode" Type="Edm.String" MaxLength="20"/>
        <Property Name="eventType" Type="Edm.String" MaxLength="255"/>
        <Property Name="eventReasonText" Type="Edm.String" MaxLength="255"/>
        <NavigationProperty Name="senderParty" Relationship="com.sap.gtt.app.deliverysample.DeliveryService.ProofOfDeliveryEvent_senderParty" FromRole="ProofOfDeliveryEvent" ToRole="BusinessPartner"/>
        <Property Name="scheme" Type="Edm.String" MaxLength="255"/>
        <NavigationProperty Name="sender" Relationship="com.sap.gtt.app.deliverysample.DeliveryService.ProofOfDeliveryEvent_sender" FromRole="ProofOfDeliveryEvent" ToRole="BusinessPartner"/>
        <Property Name="logicalSenderSystem" Type="Edm.String" MaxLength="10"/>
        <Property Name="trackingIdType" Type="Edm.String" MaxLength="40"/>
        <Property Name="trackingId" Type="Edm.String" MaxLength="50"/>
        <Property Name="altKey" Type="Edm.String" MaxLength="255"/>
        <Property Name="actualTechnicalTimestamp" Type="Edm.DateTimeOffset"/>
        <Property Name="actualBusinessTimestamp" Type="Edm.DateTimeOffset"/>
        <Property Name="actualBusinessTimeZone" Type="Edm.String" MaxLength="50"/>
        <NavigationProperty Name="location" Relationship="com.sap.gtt.app.deliverysample.DeliveryService.ProofOfDeliveryEvent_location" FromRole="ProofOfDeliveryEvent" ToRole="Location"/>
        <Property Name="locationId" Type="Edm.String" MaxLength="255"/>
        <Property Name="locationDescription" Type="Edm.String" MaxLength="255"/>
        <Property Name="longitude" Type="Edm.Decimal" Scale="6" Precision="9"/>
        <Property Name="latitude" Type="Edm.Decimal" Scale="6" Precision="8"/>
        <NavigationProperty Name="objectReferences" Relationship="com.sap.gtt.app.deliverysample.DeliveryService.ObjectReference_event" FromRole="ProofOfDeliveryEvent" ToRole="ObjectReference"/>
        <Property Name="messageSourceType" Type="Edm.String" MaxLength="50"/>
        <Property Name="createdByUser" Type="Edm.String" MaxLength="64"/>
        <Property Name="creationDateTime" Type="Edm.DateTimeOffset"/>
        <Property Name="senderParty_id" Type="Edm.String" MaxLength="50"/>
        <Property Name="sender_id" Type="Edm.String" MaxLength="50"/>
        <Property Name="location_id" Type="Edm.String" MaxLength="50"/>
      </EntityType>
      <EntityType Name="PurchaseOrderProcess">
        <Key>
          <PropertyRef Name="id"/>
        </Key>
        <Property Name="id" Type="Edm.String" MaxLength="50" Nullable="false"/>
        <NavigationProperty Name="trackingIds" Relationship="com.sap.gtt.app.deliverysample.DeliveryService.QualifiedTrackingId_trackedProcess" FromRole="PurchaseOrderProcess" ToRole="QualifiedTrackingId"/>
        <Property Name="scheme" Type="Edm.String" MaxLength="255"/>
        <NavigationProperty Name="sender" Relationship="com.sap.gtt.app.deliverysample.DeliveryService.PurchaseOrderProcess_sender" FromRole="PurchaseOrderProcess" ToRole="BusinessPartner"/>
        <Property Name="logicalSenderSystem" Type="Edm.String" MaxLength="10"/>
        <Property Name="trackingIdType" Type="Edm.String" MaxLength="40"/>
        <Property Name="trackingId" Type="Edm.String" MaxLength="50"/>
        <Property Name="altKey" Type="Edm.String" MaxLength="255"/>
        <NavigationProperty Name="plannedEvents" Relationship="com.sap.gtt.app.deliverysample.DeliveryService.PlannedEvent_process" FromRole="PurchaseOrderProcess" ToRole="PlannedEvent"/>
        <NavigationProperty Name="processEvents" Relationship="com.sap.gtt.app.deliverysample.DeliveryService.ProcessEventDirectory_process" FromRole="PurchaseOrderProcess" ToRole="ProcessEventDirectory"/>
        <Property Name="personalDataProtectionStatus" Type="Edm.String" MaxLength="20"/>
        <Property Name="createdByUser" Type="Edm.String" MaxLength="64"/>
        <Property Name="creationDateTime" Type="Edm.DateTimeOffset"/>
        <Property Name="lastChangedByUser" Type="Edm.String" MaxLength="64"/>
        <Property Name="lastChangeDateTime" Type="Edm.DateTimeOffset"/>
        <Property Name="purchaseOrderId" Type="Edm.String" MaxLength="10"/>
        <NavigationProperty Name="vendor" Relationship="com.sap.gtt.app.deliverysample.DeliveryService.PurchaseOrderProcess_vendor" FromRole="PurchaseOrderProcess" ToRole="BusinessPartner"/>
        <Property Name="purchaseOrganization" Type="Edm.String" MaxLength="4"/>
        <Property Name="purchaseGroup" Type="Edm.String" MaxLength="3"/>
        <Property Name="companyCode" Type="Edm.String" MaxLength="4"/>
        <Property Name="poType" Type="Edm.String" MaxLength="4"/>
        <Property Name="salesperson" Type="Edm.String" MaxLength="30"/>
        <Property Name="telephone" Type="Edm.String" MaxLength="30"/>
        <Property Name="yourReference" Type="Edm.String" MaxLength="12"/>
        <Property Name="ourReference" Type="Edm.String" MaxLength="12"/>
        <Property Name="paymentTerms" Type="Edm.String" MaxLength="4"/>
        <Property Name="incoterms" Type="Edm.String" MaxLength="32"/>
        <Property Name="documentDate" Type="Edm.DateTime" sap:display-format="Date"/>
        <Property Name="confirmationStatus" Type="Edm.String" MaxLength="50"/>
        <Property Name="deliveryStatus" Type="Edm.String" MaxLength="2"/>
        <NavigationProperty Name="items" Relationship="com.sap.gtt.app.deliverysample.DeliveryService.com_sap_gtt_app_purchaseordersample_PurchaseOrderModel_PurchaseOrderItem_purchaseOrder" FromRole="PurchaseOrderProcess" ToRole="com_sap_gtt_app_purchaseordersample_PurchaseOrderModel_PurchaseOrderItem"/>
        <Property Name="sender_id" Type="Edm.String" MaxLength="50"/>
        <Property Name="vendor_id" Type="Edm.String" MaxLength="50"/>
      </EntityType>
      <EntityType Name="QualifiedTrackingId">
        <Key>
          <PropertyRef Name="trackedProcess_id"/>
          <PropertyRef Name="observedProcess_id"/>
        </Key>
        <NavigationProperty Name="trackedProcess" Relationship="com.sap.gtt.app.deliverysample.DeliveryService.QualifiedTrackingId_trackedProcess" FromRole="QualifiedTrackingId" ToRole="TrackedProcess"/>
        <NavigationProperty Name="observedProcess" Relationship="com.sap.gtt.app.deliverysample.DeliveryService.QualifiedTrackingId_observedProcess" FromRole="QualifiedTrackingId" ToRole="TrackedProcess"/>
        <Property Name="validFrom" Type="Edm.DateTimeOffset"/>
        <Property Name="validTo" Type="Edm.DateTimeOffset"/>
        <Property Name="trackedProcess_id" Type="Edm.String" MaxLength="50" Nullable="false"/>
        <Property Name="observedProcess_id" Type="Edm.String" MaxLength="50" Nullable="false"/>
      </EntityType>
      <EntityType Name="ShippingStatus">
        <Key>
          <PropertyRef Name="Code"/>
        </Key>
        <Property Name="Code" Type="Edm.String" MaxLength="10" Nullable="false"/>
        <Property Name="Text" Type="Edm.String" MaxLength="50"/>
      </EntityType>
      <EntityType Name="ShippingType">
        <Key>
          <PropertyRef Name="Code"/>
        </Key>
        <Property Name="Code" Type="Edm.String" MaxLength="10" Nullable="false"/>
        <Property Name="Text" Type="Edm.String" MaxLength="50"/>
      </EntityType>
      <EntityType Name="TimeZone">
        <Key>
          <PropertyRef Name="timeZoneCode"/>
        </Key>
        <Property Name="timeZoneCode" Type="Edm.String" MaxLength="50" Nullable="false"/>
        <Property Name="description" Type="Edm.String" MaxLength="255"/>
      </EntityType>
      <EntityType Name="TrackedProcess">
        <Key>
          <PropertyRef Name="id"/>
        </Key>
        <Property Name="id" Type="Edm.String" MaxLength="50" Nullable="false"/>
        <Property Name="trackedProcessType" Type="Edm.String" MaxLength="255"/>
        <NavigationProperty Name="trackingIds" Relationship="com.sap.gtt.app.deliverysample.DeliveryService.QualifiedTrackingId_trackedProcess" FromRole="TrackedProcess" ToRole="QualifiedTrackingId"/>
        <Property Name="scheme" Type="Edm.String" MaxLength="255"/>
        <NavigationProperty Name="sender" Relationship="com.sap.gtt.app.deliverysample.DeliveryService.TrackedProcess_sender" FromRole="TrackedProcess" ToRole="BusinessPartner"/>
        <Property Name="logicalSenderSystem" Type="Edm.String" MaxLength="10"/>
        <Property Name="trackingIdType" Type="Edm.String" MaxLength="40"/>
        <Property Name="trackingId" Type="Edm.String" MaxLength="50"/>
        <Property Name="altKey" Type="Edm.String" MaxLength="255"/>
        <NavigationProperty Name="plannedEvents" Relationship="com.sap.gtt.app.deliverysample.DeliveryService.PlannedEvent_process" FromRole="TrackedProcess" ToRole="PlannedEvent"/>
        <NavigationProperty Name="processEvents" Relationship="com.sap.gtt.app.deliverysample.DeliveryService.ProcessEventDirectory_process" FromRole="TrackedProcess" ToRole="ProcessEventDirectory"/>
        <Property Name="personalDataProtectionStatus" Type="Edm.String" MaxLength="20"/>
        <Property Name="createdByUser" Type="Edm.String" MaxLength="64"/>
        <Property Name="creationDateTime" Type="Edm.DateTimeOffset"/>
        <Property Name="lastChangedByUser" Type="Edm.String" MaxLength="64"/>
        <Property Name="lastChangeDateTime" Type="Edm.DateTimeOffset"/>
        <Property Name="sender_id" Type="Edm.String" MaxLength="50"/>
      </EntityType>
      <EntityType Name="com_sap_gtt_app_purchaseordersample_PurchaseOrderModel_PurchaseOrderItem">
        <Key>
          <PropertyRef Name="item"/>
          <PropertyRef Name="purchaseOrder_id"/>
        </Key>
        <NavigationProperty Name="purchaseOrder" Relationship="com.sap.gtt.app.deliverysample.DeliveryService.com_sap_gtt_app_purchaseordersample_PurchaseOrderModel_PurchaseOrderItem_purchaseOrder" FromRole="com_sap_gtt_app_purchaseordersample_PurchaseOrderModel_PurchaseOrderItem" ToRole="PurchaseOrderProcess"/>
        <Property Name="item" Type="Edm.String" MaxLength="6" Nullable="false"/>
        <NavigationProperty Name="product" Relationship="com.sap.gtt.app.deliverysample.DeliveryService.com_sap_gtt_app_purchaseordersample_PurchaseOrderModel_PurchaseOrderItem_product" FromRole="com_sap_gtt_app_purchaseordersample_PurchaseOrderModel_PurchaseOrderItem" ToRole="Product"/>
        <Property Name="orderQty" Type="Edm.Decimal" Scale="3" Precision="13"/>
        <Property Name="qtyUnit" Type="Edm.String" MaxLength="6"/>
        <Property Name="netPrice" Type="Edm.Decimal" Scale="2" Precision="11"/>
        <Property Name="currency" Type="Edm.String" MaxLength="5"/>
        <Property Name="deliveryDate" Type="Edm.DateTime" sap:display-format="Date"/>
        <Property Name="plant" Type="Edm.String" MaxLength="4"/>
        <Property Name="storageLocation" Type="Edm.String" MaxLength="4"/>
        <Property Name="batch" Type="Edm.String" MaxLength="10"/>
        <Property Name="requirementNumber" Type="Edm.String" MaxLength="10"/>
        <Property Name="requisitioner" Type="Edm.String" MaxLength="12"/>
        <Property Name="purchaseOrder_id" Type="Edm.String" MaxLength="50" Nullable="false"/>
        <Property Name="product_id" Type="Edm.String" MaxLength="50"/>
      </EntityType>
      <Association Name="DelayedEvent_senderParty">
        <End Role="DelayedEvent" Type="com.sap.gtt.app.deliverysample.DeliveryService.DelayedEvent" Multiplicity="*"/>
        <End Role="BusinessPartner" Type="com.sap.gtt.app.deliverysample.DeliveryService.BusinessPartner" Multiplicity="0..1"/>
        <ReferentialConstraint>
          <Principal Role="BusinessPartner">
            <PropertyRef Name="id"/>
          </Principal>
          <Dependent Role="DelayedEvent">
            <PropertyRef Name="senderParty_id"/>
          </Dependent>
        </ReferentialConstraint>
      </Association>
      <Association Name="DelayedEvent_sender">
        <End Role="DelayedEvent" Type="com.sap.gtt.app.deliverysample.DeliveryService.DelayedEvent" Multiplicity="*"/>
        <End Role="BusinessPartner" Type="com.sap.gtt.app.deliverysample.DeliveryService.BusinessPartner" Multiplicity="0..1"/>
        <ReferentialConstraint>
          <Principal Role="BusinessPartner">
            <PropertyRef Name="id"/>
          </Principal>
          <Dependent Role="DelayedEvent">
            <PropertyRef Name="sender_id"/>
          </Dependent>
        </ReferentialConstraint>
      </Association>
      <Association Name="DelayedEvent_location">
        <End Role="DelayedEvent" Type="com.sap.gtt.app.deliverysample.DeliveryService.DelayedEvent" Multiplicity="*"/>
        <End Role="Location" Type="com.sap.gtt.app.deliverysample.DeliveryService.Location" Multiplicity="0..1"/>
        <ReferentialConstraint>
          <Principal Role="Location">
            <PropertyRef Name="id"/>
          </Principal>
          <Dependent Role="DelayedEvent">
            <PropertyRef Name="location_id"/>
          </Dependent>
        </ReferentialConstraint>
      </Association>
      <Association Name="DeliveryItem_delivery">
        <End Role="DeliveryItem" Type="com.sap.gtt.app.deliverysample.DeliveryService.DeliveryItem" Multiplicity="*"/>
        <End Role="DeliveryProcess" Type="com.sap.gtt.app.deliverysample.DeliveryService.DeliveryProcess" Multiplicity="0..1"/>
        <ReferentialConstraint>
          <Principal Role="DeliveryProcess">
            <PropertyRef Name="id"/>
          </Principal>
          <Dependent Role="DeliveryItem">
            <PropertyRef Name="delivery_id"/>
          </Dependent>
        </ReferentialConstraint>
      </Association>
      <Association Name="DeliveryItem_storageLocation">
        <End Role="DeliveryItem" Type="com.sap.gtt.app.deliverysample.DeliveryService.DeliveryItem" Multiplicity="*"/>
        <End Role="Location" Type="com.sap.gtt.app.deliverysample.DeliveryService.Location" Multiplicity="0..1"/>
        <ReferentialConstraint>
          <Principal Role="Location">
            <PropertyRef Name="id"/>
          </Principal>
          <Dependent Role="DeliveryItem">
            <PropertyRef Name="storageLocation_id"/>
          </Dependent>
        </ReferentialConstraint>
      </Association>
      <Association Name="DeliveryItem_product">
        <End Role="DeliveryItem" Type="com.sap.gtt.app.deliverysample.DeliveryService.DeliveryItem" Multiplicity="*"/>
        <End Role="Product" Type="com.sap.gtt.app.deliverysample.DeliveryService.Product" Multiplicity="0..1"/>
        <ReferentialConstraint>
          <Principal Role="Product">
            <PropertyRef Name="id"/>
          </Principal>
          <Dependent Role="DeliveryItem">
            <PropertyRef Name="product_id"/>
          </Dependent>
        </ReferentialConstraint>
      </Association>
      <Association Name="DeliveryProcess_sender">
        <End Role="DeliveryProcess" Type="com.sap.gtt.app.deliverysample.DeliveryService.DeliveryProcess" Multiplicity="*"/>
        <End Role="BusinessPartner" Type="com.sap.gtt.app.deliverysample.DeliveryService.BusinessPartner" Multiplicity="0..1"/>
        <ReferentialConstraint>
          <Principal Role="BusinessPartner">
            <PropertyRef Name="id"/>
          </Principal>
          <Dependent Role="DeliveryProcess">
            <PropertyRef Name="sender_id"/>
          </Dependent>
        </ReferentialConstraint>
      </Association>
      <Association Name="DeliveryProcess_shipToParty">
        <End Role="DeliveryProcess" Type="com.sap.gtt.app.deliverysample.DeliveryService.DeliveryProcess" Multiplicity="*"/>
        <End Role="BusinessPartner" Type="com.sap.gtt.app.deliverysample.DeliveryService.BusinessPartner" Multiplicity="0..1"/>
        <ReferentialConstraint>
          <Principal Role="BusinessPartner">
            <PropertyRef Name="id"/>
          </Principal>
          <Dependent Role="DeliveryProcess">
            <PropertyRef Name="shipToParty_id"/>
          </Dependent>
        </ReferentialConstraint>
      </Association>
      <Association Name="DeliveryProcess_soldToParty">
        <End Role="DeliveryProcess" Type="com.sap.gtt.app.deliverysample.DeliveryService.DeliveryProcess" Multiplicity="*"/>
        <End Role="BusinessPartner" Type="com.sap.gtt.app.deliverysample.DeliveryService.BusinessPartner" Multiplicity="0..1"/>
        <ReferentialConstraint>
          <Principal Role="BusinessPartner">
            <PropertyRef Name="id"/>
          </Principal>
          <Dependent Role="DeliveryProcess">
            <PropertyRef Name="soldToParty_id"/>
          </Dependent>
        </ReferentialConstraint>
      </Association>
      <Association Name="DeliveryProcess_shippingPoint">
        <End Role="DeliveryProcess" Type="com.sap.gtt.app.deliverysample.DeliveryService.DeliveryProcess" Multiplicity="*"/>
        <End Role="Location" Type="com.sap.gtt.app.deliverysample.DeliveryService.Location" Multiplicity="0..1"/>
        <ReferentialConstraint>
          <Principal Role="Location">
            <PropertyRef Name="id"/>
          </Principal>
          <Dependent Role="DeliveryProcess">
            <PropertyRef Name="shippingPoint_id"/>
          </Dependent>
        </ReferentialConstraint>
      </Association>
      <Association Name="DeliveryProcess_purchaseOrderId">
        <End Role="DeliveryProcess" Type="com.sap.gtt.app.deliverysample.DeliveryService.DeliveryProcess" Multiplicity="*"/>
        <End Role="PurchaseOrderProcess" Type="com.sap.gtt.app.deliverysample.DeliveryService.PurchaseOrderProcess" Multiplicity="0..1"/>
        <ReferentialConstraint>
          <Principal Role="PurchaseOrderProcess">
            <PropertyRef Name="id"/>
          </Principal>
          <Dependent Role="DeliveryProcess">
            <PropertyRef Name="purchaseOrderId_id"/>
          </Dependent>
        </ReferentialConstraint>
      </Association>
      <Association Name="Event_senderParty">
        <End Role="Event" Type="com.sap.gtt.app.deliverysample.DeliveryService.Event" Multiplicity="*"/>
        <End Role="BusinessPartner" Type="com.sap.gtt.app.deliverysample.DeliveryService.BusinessPartner" Multiplicity="0..1"/>
        <ReferentialConstraint>
          <Principal Role="BusinessPartner">
            <PropertyRef Name="id"/>
          </Principal>
          <Dependent Role="Event">
            <PropertyRef Name="senderParty_id"/>
          </Dependent>
        </ReferentialConstraint>
      </Association>
      <Association Name="Event_sender">
        <End Role="Event" Type="com.sap.gtt.app.deliverysample.DeliveryService.Event" Multiplicity="*"/>
        <End Role="BusinessPartner" Type="com.sap.gtt.app.deliverysample.DeliveryService.BusinessPartner" Multiplicity="0..1"/>
        <ReferentialConstraint>
          <Principal Role="BusinessPartner">
            <PropertyRef Name="id"/>
          </Principal>
          <Dependent Role="Event">
            <PropertyRef Name="sender_id"/>
          </Dependent>
        </ReferentialConstraint>
      </Association>
      <Association Name="Event_location">
        <End Role="Event" Type="com.sap.gtt.app.deliverysample.DeliveryService.Event" Multiplicity="*"/>
        <End Role="Location" Type="com.sap.gtt.app.deliverysample.DeliveryService.Location" Multiplicity="0..1"/>
        <ReferentialConstraint>
          <Principal Role="Location">
            <PropertyRef Name="id"/>
          </Principal>
          <Dependent Role="Event">
            <PropertyRef Name="location_id"/>
          </Dependent>
        </ReferentialConstraint>
      </Association>
      <Association Name="GTTOverdueEvent_senderParty">
        <End Role="GTTOverdueEvent" Type="com.sap.gtt.app.deliverysample.DeliveryService.GTTOverdueEvent" Multiplicity="*"/>
        <End Role="BusinessPartner" Type="com.sap.gtt.app.deliverysample.DeliveryService.BusinessPartner" Multiplicity="0..1"/>
        <ReferentialConstraint>
          <Principal Role="BusinessPartner">
            <PropertyRef Name="id"/>
          </Principal>
          <Dependent Role="GTTOverdueEvent">
            <PropertyRef Name="senderParty_id"/>
          </Dependent>
        </ReferentialConstraint>
      </Association>
      <Association Name="GTTOverdueEvent_sender">
        <End Role="GTTOverdueEvent" Type="com.sap.gtt.app.deliverysample.DeliveryService.GTTOverdueEvent" Multiplicity="*"/>
        <End Role="BusinessPartner" Type="com.sap.gtt.app.deliverysample.DeliveryService.BusinessPartner" Multiplicity="0..1"/>
        <ReferentialConstraint>
          <Principal Role="BusinessPartner">
            <PropertyRef Name="id"/>
          </Principal>
          <Dependent Role="GTTOverdueEvent">
            <PropertyRef Name="sender_id"/>
          </Dependent>
        </ReferentialConstraint>
      </Association>
      <Association Name="GTTOverdueEvent_location">
        <End Role="GTTOverdueEvent" Type="com.sap.gtt.app.deliverysample.DeliveryService.GTTOverdueEvent" Multiplicity="*"/>
        <End Role="Location" Type="com.sap.gtt.app.deliverysample.DeliveryService.Location" Multiplicity="0..1"/>
        <ReferentialConstraint>
          <Principal Role="Location">
            <PropertyRef Name="id"/>
          </Principal>
          <Dependent Role="GTTOverdueEvent">
            <PropertyRef Name="location_id"/>
          </Dependent>
        </ReferentialConstraint>
      </Association>
      <Association Name="GTTPersonalDataBlockingEvent_senderParty">
        <End Role="GTTPersonalDataBlockingEvent" Type="com.sap.gtt.app.deliverysample.DeliveryService.GTTPersonalDataBlockingEvent" Multiplicity="*"/>
        <End Role="BusinessPartner" Type="com.sap.gtt.app.deliverysample.DeliveryService.BusinessPartner" Multiplicity="0..1"/>
        <ReferentialConstraint>
          <Principal Role="BusinessPartner">
            <PropertyRef Name="id"/>
          </Principal>
          <Dependent Role="GTTPersonalDataBlockingEvent">
            <PropertyRef Name="senderParty_id"/>
          </Dependent>
        </ReferentialConstraint>
      </Association>
      <Association Name="GTTPersonalDataBlockingEvent_sender">
        <End Role="GTTPersonalDataBlockingEvent" Type="com.sap.gtt.app.deliverysample.DeliveryService.GTTPersonalDataBlockingEvent" Multiplicity="*"/>
        <End Role="BusinessPartner" Type="com.sap.gtt.app.deliverysample.DeliveryService.BusinessPartner" Multiplicity="0..1"/>
        <ReferentialConstraint>
          <Principal Role="BusinessPartner">
            <PropertyRef Name="id"/>
          </Principal>
          <Dependent Role="GTTPersonalDataBlockingEvent">
            <PropertyRef Name="sender_id"/>
          </Dependent>
        </ReferentialConstraint>
      </Association>
      <Association Name="GTTPersonalDataBlockingEvent_location">
        <End Role="GTTPersonalDataBlockingEvent" Type="com.sap.gtt.app.deliverysample.DeliveryService.GTTPersonalDataBlockingEvent" Multiplicity="*"/>
        <End Role="Location" Type="com.sap.gtt.app.deliverysample.DeliveryService.Location" Multiplicity="0..1"/>
        <ReferentialConstraint>
          <Principal Role="Location">
            <PropertyRef Name="id"/>
          </Principal>
          <Dependent Role="GTTPersonalDataBlockingEvent">
            <PropertyRef Name="location_id"/>
          </Dependent>
        </ReferentialConstraint>
      </Association>
      <Association Name="GTTPersonalDataDeletionEvent_senderParty">
        <End Role="GTTPersonalDataDeletionEvent" Type="com.sap.gtt.app.deliverysample.DeliveryService.GTTPersonalDataDeletionEvent" Multiplicity="*"/>
        <End Role="BusinessPartner" Type="com.sap.gtt.app.deliverysample.DeliveryService.BusinessPartner" Multiplicity="0..1"/>
        <ReferentialConstraint>
          <Principal Role="BusinessPartner">
            <PropertyRef Name="id"/>
          </Principal>
          <Dependent Role="GTTPersonalDataDeletionEvent">
            <PropertyRef Name="senderParty_id"/>
          </Dependent>
        </ReferentialConstraint>
      </Association>
      <Association Name="GTTPersonalDataDeletionEvent_sender">
        <End Role="GTTPersonalDataDeletionEvent" Type="com.sap.gtt.app.deliverysample.DeliveryService.GTTPersonalDataDeletionEvent" Multiplicity="*"/>
        <End Role="BusinessPartner" Type="com.sap.gtt.app.deliverysample.DeliveryService.BusinessPartner" Multiplicity="0..1"/>
        <ReferentialConstraint>
          <Principal Role="BusinessPartner">
            <PropertyRef Name="id"/>
          </Principal>
          <Dependent Role="GTTPersonalDataDeletionEvent">
            <PropertyRef Name="sender_id"/>
          </Dependent>
        </ReferentialConstraint>
      </Association>
      <Association Name="GTTPersonalDataDeletionEvent_location">
        <End Role="GTTPersonalDataDeletionEvent" Type="com.sap.gtt.app.deliverysample.DeliveryService.GTTPersonalDataDeletionEvent" Multiplicity="*"/>
        <End Role="Location" Type="com.sap.gtt.app.deliverysample.DeliveryService.Location" Multiplicity="0..1"/>
        <ReferentialConstraint>
          <Principal Role="Location">
            <PropertyRef Name="id"/>
          </Principal>
          <Dependent Role="GTTPersonalDataDeletionEvent">
            <PropertyRef Name="location_id"/>
          </Dependent>
        </ReferentialConstraint>
      </Association>
      <Association Name="GoodsDamageEvent_senderParty">
        <End Role="GoodsDamageEvent" Type="com.sap.gtt.app.deliverysample.DeliveryService.GoodsDamageEvent" Multiplicity="*"/>
        <End Role="BusinessPartner" Type="com.sap.gtt.app.deliverysample.DeliveryService.BusinessPartner" Multiplicity="0..1"/>
        <ReferentialConstraint>
          <Principal Role="BusinessPartner">
            <PropertyRef Name="id"/>
          </Principal>
          <Dependent Role="GoodsDamageEvent">
            <PropertyRef Name="senderParty_id"/>
          </Dependent>
        </ReferentialConstraint>
      </Association>
      <Association Name="GoodsDamageEvent_sender">
        <End Role="GoodsDamageEvent" Type="com.sap.gtt.app.deliverysample.DeliveryService.GoodsDamageEvent" Multiplicity="*"/>
        <End Role="BusinessPartner" Type="com.sap.gtt.app.deliverysample.DeliveryService.BusinessPartner" Multiplicity="0..1"/>
        <ReferentialConstraint>
          <Principal Role="BusinessPartner">
            <PropertyRef Name="id"/>
          </Principal>
          <Dependent Role="GoodsDamageEvent">
            <PropertyRef Name="sender_id"/>
          </Dependent>
        </ReferentialConstraint>
      </Association>
      <Association Name="GoodsDamageEvent_location">
        <End Role="GoodsDamageEvent" Type="com.sap.gtt.app.deliverysample.DeliveryService.GoodsDamageEvent" Multiplicity="*"/>
        <End Role="Location" Type="com.sap.gtt.app.deliverysample.DeliveryService.Location" Multiplicity="0..1"/>
        <ReferentialConstraint>
          <Principal Role="Location">
            <PropertyRef Name="id"/>
          </Principal>
          <Dependent Role="GoodsDamageEvent">
            <PropertyRef Name="location_id"/>
          </Dependent>
        </ReferentialConstraint>
      </Association>
      <Association Name="GoodsIssuedEvent_senderParty">
        <End Role="GoodsIssuedEvent" Type="com.sap.gtt.app.deliverysample.DeliveryService.GoodsIssuedEvent" Multiplicity="*"/>
        <End Role="BusinessPartner" Type="com.sap.gtt.app.deliverysample.DeliveryService.BusinessPartner" Multiplicity="0..1"/>
        <ReferentialConstraint>
          <Principal Role="BusinessPartner">
            <PropertyRef Name="id"/>
          </Principal>
          <Dependent Role="GoodsIssuedEvent">
            <PropertyRef Name="senderParty_id"/>
          </Dependent>
        </ReferentialConstraint>
      </Association>
      <Association Name="GoodsIssuedEvent_sender">
        <End Role="GoodsIssuedEvent" Type="com.sap.gtt.app.deliverysample.DeliveryService.GoodsIssuedEvent" Multiplicity="*"/>
        <End Role="BusinessPartner" Type="com.sap.gtt.app.deliverysample.DeliveryService.BusinessPartner" Multiplicity="0..1"/>
        <ReferentialConstraint>
          <Principal Role="BusinessPartner">
            <PropertyRef Name="id"/>
          </Principal>
          <Dependent Role="GoodsIssuedEvent">
            <PropertyRef Name="sender_id"/>
          </Dependent>
        </ReferentialConstraint>
      </Association>
      <Association Name="GoodsIssuedEvent_location">
        <End Role="GoodsIssuedEvent" Type="com.sap.gtt.app.deliverysample.DeliveryService.GoodsIssuedEvent" Multiplicity="*"/>
        <End Role="Location" Type="com.sap.gtt.app.deliverysample.DeliveryService.Location" Multiplicity="0..1"/>
        <ReferentialConstraint>
          <Principal Role="Location">
            <PropertyRef Name="id"/>
          </Principal>
          <Dependent Role="GoodsIssuedEvent">
            <PropertyRef Name="location_id"/>
          </Dependent>
        </ReferentialConstraint>
      </Association>
      <Association Name="ObjectReference_event">
        <End Role="ObjectReference" Type="com.sap.gtt.app.deliverysample.DeliveryService.ObjectReference" Multiplicity="*">
          <OnDelete Action="Cascade"/>
        </End>
        <End Role="Event" Type="com.sap.gtt.app.deliverysample.DeliveryService.Event" Multiplicity="0..1"/>
        <ReferentialConstraint>
          <Principal Role="Event">
            <PropertyRef Name="id"/>
          </Principal>
          <Dependent Role="ObjectReference">
            <PropertyRef Name="event_id"/>
          </Dependent>
        </ReferentialConstraint>
      </Association>
      <Association Name="PickingCompletedEvent_senderParty">
        <End Role="PickingCompletedEvent" Type="com.sap.gtt.app.deliverysample.DeliveryService.PickingCompletedEvent" Multiplicity="*"/>
        <End Role="BusinessPartner" Type="com.sap.gtt.app.deliverysample.DeliveryService.BusinessPartner" Multiplicity="0..1"/>
        <ReferentialConstraint>
          <Principal Role="BusinessPartner">
            <PropertyRef Name="id"/>
          </Principal>
          <Dependent Role="PickingCompletedEvent">
            <PropertyRef Name="senderParty_id"/>
          </Dependent>
        </ReferentialConstraint>
      </Association>
      <Association Name="PickingCompletedEvent_sender">
        <End Role="PickingCompletedEvent" Type="com.sap.gtt.app.deliverysample.DeliveryService.PickingCompletedEvent" Multiplicity="*"/>
        <End Role="BusinessPartner" Type="com.sap.gtt.app.deliverysample.DeliveryService.BusinessPartner" Multiplicity="0..1"/>
        <ReferentialConstraint>
          <Principal Role="BusinessPartner">
            <PropertyRef Name="id"/>
          </Principal>
          <Dependent Role="PickingCompletedEvent">
            <PropertyRef Name="sender_id"/>
          </Dependent>
        </ReferentialConstraint>
      </Association>
      <Association Name="PickingCompletedEvent_location">
        <End Role="PickingCompletedEvent" Type="com.sap.gtt.app.deliverysample.DeliveryService.PickingCompletedEvent" Multiplicity="*"/>
        <End Role="Location" Type="com.sap.gtt.app.deliverysample.DeliveryService.Location" Multiplicity="0..1"/>
        <ReferentialConstraint>
          <Principal Role="Location">
            <PropertyRef Name="id"/>
          </Principal>
          <Dependent Role="PickingCompletedEvent">
            <PropertyRef Name="location_id"/>
          </Dependent>
        </ReferentialConstraint>
      </Association>
      <Association Name="PlannedEvent_process">
        <End Role="PlannedEvent" Type="com.sap.gtt.app.deliverysample.DeliveryService.PlannedEvent" Multiplicity="*">
          <OnDelete Action="Cascade"/>
        </End>
        <End Role="TrackedProcess" Type="com.sap.gtt.app.deliverysample.DeliveryService.TrackedProcess" Multiplicity="0..1"/>
        <ReferentialConstraint>
          <Principal Role="TrackedProcess">
            <PropertyRef Name="id"/>
          </Principal>
          <Dependent Role="PlannedEvent">
            <PropertyRef Name="process_id"/>
          </Dependent>
        </ReferentialConstraint>
      </Association>
      <Association Name="PlannedEvent_location">
        <End Role="PlannedEvent" Type="com.sap.gtt.app.deliverysample.DeliveryService.PlannedEvent" Multiplicity="*"/>
        <End Role="Location" Type="com.sap.gtt.app.deliverysample.DeliveryService.Location" Multiplicity="0..1"/>
        <ReferentialConstraint>
          <Principal Role="Location">
            <PropertyRef Name="id"/>
          </Principal>
          <Dependent Role="PlannedEvent">
            <PropertyRef Name="location_id"/>
          </Dependent>
        </ReferentialConstraint>
      </Association>
      <Association Name="ProcessEventDirectory_process">
        <End Role="ProcessEventDirectory" Type="com.sap.gtt.app.deliverysample.DeliveryService.ProcessEventDirectory" Multiplicity="*">
          <OnDelete Action="Cascade"/>
        </End>
        <End Role="TrackedProcess" Type="com.sap.gtt.app.deliverysample.DeliveryService.TrackedProcess" Multiplicity="0..1"/>
        <ReferentialConstraint>
          <Principal Role="TrackedProcess">
            <PropertyRef Name="id"/>
          </Principal>
          <Dependent Role="ProcessEventDirectory">
            <PropertyRef Name="process_id"/>
          </Dependent>
        </ReferentialConstraint>
      </Association>
      <Association Name="ProcessEventDirectory_plannedEvent">
        <End Role="ProcessEventDirectory" Type="com.sap.gtt.app.deliverysample.DeliveryService.ProcessEventDirectory" Multiplicity="*"/>
        <End Role="PlannedEvent" Type="com.sap.gtt.app.deliverysample.DeliveryService.PlannedEvent" Multiplicity="0..1"/>
        <ReferentialConstraint>
          <Principal Role="PlannedEvent">
            <PropertyRef Name="id"/>
          </Principal>
          <Dependent Role="ProcessEventDirectory">
            <PropertyRef Name="plannedEvent_id"/>
          </Dependent>
        </ReferentialConstraint>
      </Association>
      <Association Name="ProcessEventDirectory_event">
        <End Role="ProcessEventDirectory" Type="com.sap.gtt.app.deliverysample.DeliveryService.ProcessEventDirectory" Multiplicity="*"/>
        <End Role="Event" Type="com.sap.gtt.app.deliverysample.DeliveryService.Event" Multiplicity="0..1"/>
        <ReferentialConstraint>
          <Principal Role="Event">
            <PropertyRef Name="id"/>
          </Principal>
          <Dependent Role="ProcessEventDirectory">
            <PropertyRef Name="event_id"/>
          </Dependent>
        </ReferentialConstraint>
      </Association>
      <Association Name="ProofOfDeliveryEvent_senderParty">
        <End Role="ProofOfDeliveryEvent" Type="com.sap.gtt.app.deliverysample.DeliveryService.ProofOfDeliveryEvent" Multiplicity="*"/>
        <End Role="BusinessPartner" Type="com.sap.gtt.app.deliverysample.DeliveryService.BusinessPartner" Multiplicity="0..1"/>
        <ReferentialConstraint>
          <Principal Role="BusinessPartner">
            <PropertyRef Name="id"/>
          </Principal>
          <Dependent Role="ProofOfDeliveryEvent">
            <PropertyRef Name="senderParty_id"/>
          </Dependent>
        </ReferentialConstraint>
      </Association>
      <Association Name="ProofOfDeliveryEvent_sender">
        <End Role="ProofOfDeliveryEvent" Type="com.sap.gtt.app.deliverysample.DeliveryService.ProofOfDeliveryEvent" Multiplicity="*"/>
        <End Role="BusinessPartner" Type="com.sap.gtt.app.deliverysample.DeliveryService.BusinessPartner" Multiplicity="0..1"/>
        <ReferentialConstraint>
          <Principal Role="BusinessPartner">
            <PropertyRef Name="id"/>
          </Principal>
          <Dependent Role="ProofOfDeliveryEvent">
            <PropertyRef Name="sender_id"/>
          </Dependent>
        </ReferentialConstraint>
      </Association>
      <Association Name="ProofOfDeliveryEvent_location">
        <End Role="ProofOfDeliveryEvent" Type="com.sap.gtt.app.deliverysample.DeliveryService.ProofOfDeliveryEvent" Multiplicity="*"/>
        <End Role="Location" Type="com.sap.gtt.app.deliverysample.DeliveryService.Location" Multiplicity="0..1"/>
        <ReferentialConstraint>
          <Principal Role="Location">
            <PropertyRef Name="id"/>
          </Principal>
          <Dependent Role="ProofOfDeliveryEvent">
            <PropertyRef Name="location_id"/>
          </Dependent>
        </ReferentialConstraint>
      </Association>
      <Association Name="PurchaseOrderProcess_sender">
        <End Role="PurchaseOrderProcess" Type="com.sap.gtt.app.deliverysample.DeliveryService.PurchaseOrderProcess" Multiplicity="*"/>
        <End Role="BusinessPartner" Type="com.sap.gtt.app.deliverysample.DeliveryService.BusinessPartner" Multiplicity="0..1"/>
        <ReferentialConstraint>
          <Principal Role="BusinessPartner">
            <PropertyRef Name="id"/>
          </Principal>
          <Dependent Role="PurchaseOrderProcess">
            <PropertyRef Name="sender_id"/>
          </Dependent>
        </ReferentialConstraint>
      </Association>
      <Association Name="PurchaseOrderProcess_vendor">
        <End Role="PurchaseOrderProcess" Type="com.sap.gtt.app.deliverysample.DeliveryService.PurchaseOrderProcess" Multiplicity="*"/>
        <End Role="BusinessPartner" Type="com.sap.gtt.app.deliverysample.DeliveryService.BusinessPartner" Multiplicity="0..1"/>
        <ReferentialConstraint>
          <Principal Role="BusinessPartner">
            <PropertyRef Name="id"/>
          </Principal>
          <Dependent Role="PurchaseOrderProcess">
            <PropertyRef Name="vendor_id"/>
          </Dependent>
        </ReferentialConstraint>
      </Association>
      <Association Name="QualifiedTrackingId_trackedProcess">
        <End Role="QualifiedTrackingId" Type="com.sap.gtt.app.deliverysample.DeliveryService.QualifiedTrackingId" Multiplicity="*">
          <OnDelete Action="Cascade"/>
        </End>
        <End Role="TrackedProcess" Type="com.sap.gtt.app.deliverysample.DeliveryService.TrackedProcess" Multiplicity="0..1"/>
        <ReferentialConstraint>
          <Principal Role="TrackedProcess">
            <PropertyRef Name="id"/>
          </Principal>
          <Dependent Role="QualifiedTrackingId">
            <PropertyRef Name="trackedProcess_id"/>
          </Dependent>
        </ReferentialConstraint>
      </Association>
      <Association Name="QualifiedTrackingId_observedProcess">
        <End Role="QualifiedTrackingId" Type="com.sap.gtt.app.deliverysample.DeliveryService.QualifiedTrackingId" Multiplicity="*"/>
        <End Role="TrackedProcess" Type="com.sap.gtt.app.deliverysample.DeliveryService.TrackedProcess" Multiplicity="0..1"/>
        <ReferentialConstraint>
          <Principal Role="TrackedProcess">
            <PropertyRef Name="id"/>
          </Principal>
          <Dependent Role="QualifiedTrackingId">
            <PropertyRef Name="observedProcess_id"/>
          </Dependent>
        </ReferentialConstraint>
      </Association>
      <Association Name="TrackedProcess_sender">
        <End Role="TrackedProcess" Type="com.sap.gtt.app.deliverysample.DeliveryService.TrackedProcess" Multiplicity="*"/>
        <End Role="BusinessPartner" Type="com.sap.gtt.app.deliverysample.DeliveryService.BusinessPartner" Multiplicity="0..1"/>
        <ReferentialConstraint>
          <Principal Role="BusinessPartner">
            <PropertyRef Name="id"/>
          </Principal>
          <Dependent Role="TrackedProcess">
            <PropertyRef Name="sender_id"/>
          </Dependent>
        </ReferentialConstraint>
      </Association>
      <Association Name="com_sap_gtt_app_purchaseordersample_PurchaseOrderModel_PurchaseOrderItem_purchaseOrder">
        <End Role="com_sap_gtt_app_purchaseordersample_PurchaseOrderModel_PurchaseOrderItem" Type="com.sap.gtt.app.deliverysample.DeliveryService.com_sap_gtt_app_purchaseordersample_PurchaseOrderModel_PurchaseOrderItem" Multiplicity="*">
          <OnDelete Action="Cascade"/>
        </End>
        <End Role="PurchaseOrderProcess" Type="com.sap.gtt.app.deliverysample.DeliveryService.PurchaseOrderProcess" Multiplicity="0..1"/>
        <ReferentialConstraint>
          <Principal Role="PurchaseOrderProcess">
            <PropertyRef Name="id"/>
          </Principal>
          <Dependent Role="com_sap_gtt_app_purchaseordersample_PurchaseOrderModel_PurchaseOrderItem">
            <PropertyRef Name="purchaseOrder_id"/>
          </Dependent>
        </ReferentialConstraint>
      </Association>
      <Association Name="com_sap_gtt_app_purchaseordersample_PurchaseOrderModel_PurchaseOrderItem_product">
        <End Role="com_sap_gtt_app_purchaseordersample_PurchaseOrderModel_PurchaseOrderItem" Type="com.sap.gtt.app.deliverysample.DeliveryService.com_sap_gtt_app_purchaseordersample_PurchaseOrderModel_PurchaseOrderItem" Multiplicity="*"/>
        <End Role="Product" Type="com.sap.gtt.app.deliverysample.DeliveryService.Product" Multiplicity="0..1"/>
        <ReferentialConstraint>
          <Principal Role="Product">
            <PropertyRef Name="id"/>
          </Principal>
          <Dependent Role="com_sap_gtt_app_purchaseordersample_PurchaseOrderModel_PurchaseOrderItem">
            <PropertyRef Name="product_id"/>
          </Dependent>
        </ReferentialConstraint>
      </Association>
    </Schema>
  </edmx:DataServices>
</edmx:Edmx>