<?xml version="1.0" encoding="utf-8"?>
<edmx:Edmx Version="1.0" xmlns:edmx="http://schemas.microsoft.com/ado/2007/06/edmx" xmlns:m="http://schemas.microsoft.com/ado/2007/08/dataservices/metadata" xmlns:sap="http://www.sap.com/Protocols/SAPData">
  <edmx:DataServices m:DataServiceVersion="2.0">
    <Schema Namespace="com.sap.gtt.app.shipment0326002.shipment0326002Service" xmlns="http://schemas.microsoft.com/ado/2008/09/edm">
      <EntityContainer Name="EntityContainer" m:IsDefaultEntityContainer="true">
        <EntitySet Name="CheckInEvent" EntityType="com.sap.gtt.app.shipment0326002.shipment0326002Service.CheckInEvent"/>
        <EntitySet Name="Event" EntityType="com.sap.gtt.app.shipment0326002.shipment0326002Service.Event"/>
        <EntitySet Name="GTTDPPBlockingEvent" EntityType="com.sap.gtt.app.shipment0326002.shipment0326002Service.GTTDPPBlockingEvent"/>
        <EntitySet Name="GTTDPPDeletionEvent" EntityType="com.sap.gtt.app.shipment0326002.shipment0326002Service.GTTDPPDeletionEvent"/>
        <EntitySet Name="GTTDelayedEvent" EntityType="com.sap.gtt.app.shipment0326002.shipment0326002Service.GTTDelayedEvent"/>
        <EntitySet Name="GTTDeletionEvent" EntityType="com.sap.gtt.app.shipment0326002.shipment0326002Service.GTTDeletionEvent"/>
        <EntitySet Name="GTTOverdueEvent" EntityType="com.sap.gtt.app.shipment0326002.shipment0326002Service.GTTOverdueEvent"/>
        <EntitySet Name="GTTResetPlannedEventStatusEvent" EntityType="com.sap.gtt.app.shipment0326002.shipment0326002Service.GTTResetPlannedEventStatusEvent"/>
        <EntitySet Name="PlannedEvent" EntityType="com.sap.gtt.app.shipment0326002.shipment0326002Service.PlannedEvent"/>
        <EntitySet Name="PlannedEventForEvent" EntityType="com.sap.gtt.app.shipment0326002.shipment0326002Service.PlannedEventForEvent"/>
        <EntitySet Name="ProcessEventDirectory" EntityType="com.sap.gtt.app.shipment0326002.shipment0326002Service.ProcessEventDirectory"/>
        <EntitySet Name="QualifiedTrackingId" EntityType="com.sap.gtt.app.shipment0326002.shipment0326002Service.QualifiedTrackingId"/>
        <EntitySet Name="Reference" EntityType="com.sap.gtt.app.shipment0326002.shipment0326002Service.Reference"/>
        <EntitySet Name="TrackedProcess" EntityType="com.sap.gtt.app.shipment0326002.shipment0326002Service.TrackedProcess"/>
        <EntitySet Name="delivery" EntityType="com.sap.gtt.app.shipment0326002.shipment0326002Service.delivery"/>
        <EntitySet Name="deliveryEvent" EntityType="com.sap.gtt.app.shipment0326002.shipment0326002Service.deliveryEvent"/>
        <EntitySet Name="shipment" EntityType="com.sap.gtt.app.shipment0326002.shipment0326002Service.shipment"/>
        <EntitySet Name="shipmentEvent" EntityType="com.sap.gtt.app.shipment0326002.shipment0326002Service.shipmentEvent"/>
        <EntitySet Name="shipmentEventStages" EntityType="com.sap.gtt.app.shipment0326002.shipment0326002Service.shipmentEventStages"/>
        <EntitySet Name="shipmentStages" EntityType="com.sap.gtt.app.shipment0326002.shipment0326002Service.shipmentStages"/>
        <AssociationSet Name="CheckInEvent_references" Association="com.sap.gtt.app.shipment0326002.shipment0326002Service.CheckInEvent_references">
          <End Role="CheckInEvent" EntitySet="CheckInEvent"/>
          <End Role="Reference" EntitySet="Reference"/>
        </AssociationSet>
        <AssociationSet Name="CheckInEvent_eventProcesses" Association="com.sap.gtt.app.shipment0326002.shipment0326002Service.CheckInEvent_eventProcesses">
          <End Role="CheckInEvent" EntitySet="CheckInEvent"/>
          <End Role="ProcessEventDirectory" EntitySet="ProcessEventDirectory"/>
        </AssociationSet>
        <AssociationSet Name="Event_references" Association="com.sap.gtt.app.shipment0326002.shipment0326002Service.Event_references">
          <End Role="Event" EntitySet="Event"/>
          <End Role="Reference" EntitySet="Reference"/>
        </AssociationSet>
        <AssociationSet Name="Event_eventProcesses" Association="com.sap.gtt.app.shipment0326002.shipment0326002Service.Event_eventProcesses">
          <End Role="Event" EntitySet="Event"/>
          <End Role="ProcessEventDirectory" EntitySet="ProcessEventDirectory"/>
        </AssociationSet>
        <AssociationSet Name="GTTDPPBlockingEvent_references" Association="com.sap.gtt.app.shipment0326002.shipment0326002Service.GTTDPPBlockingEvent_references">
          <End Role="GTTDPPBlockingEvent" EntitySet="GTTDPPBlockingEvent"/>
          <End Role="Reference" EntitySet="Reference"/>
        </AssociationSet>
        <AssociationSet Name="GTTDPPBlockingEvent_eventProcesses" Association="com.sap.gtt.app.shipment0326002.shipment0326002Service.GTTDPPBlockingEvent_eventProcesses">
          <End Role="GTTDPPBlockingEvent" EntitySet="GTTDPPBlockingEvent"/>
          <End Role="ProcessEventDirectory" EntitySet="ProcessEventDirectory"/>
        </AssociationSet>
        <AssociationSet Name="GTTDPPDeletionEvent_references" Association="com.sap.gtt.app.shipment0326002.shipment0326002Service.GTTDPPDeletionEvent_references">
          <End Role="GTTDPPDeletionEvent" EntitySet="GTTDPPDeletionEvent"/>
          <End Role="Reference" EntitySet="Reference"/>
        </AssociationSet>
        <AssociationSet Name="GTTDPPDeletionEvent_eventProcesses" Association="com.sap.gtt.app.shipment0326002.shipment0326002Service.GTTDPPDeletionEvent_eventProcesses">
          <End Role="GTTDPPDeletionEvent" EntitySet="GTTDPPDeletionEvent"/>
          <End Role="ProcessEventDirectory" EntitySet="ProcessEventDirectory"/>
        </AssociationSet>
        <AssociationSet Name="GTTDelayedEvent_references" Association="com.sap.gtt.app.shipment0326002.shipment0326002Service.GTTDelayedEvent_references">
          <End Role="GTTDelayedEvent" EntitySet="GTTDelayedEvent"/>
          <End Role="Reference" EntitySet="Reference"/>
        </AssociationSet>
        <AssociationSet Name="GTTDelayedEvent_eventProcesses" Association="com.sap.gtt.app.shipment0326002.shipment0326002Service.GTTDelayedEvent_eventProcesses">
          <End Role="GTTDelayedEvent" EntitySet="GTTDelayedEvent"/>
          <End Role="ProcessEventDirectory" EntitySet="ProcessEventDirectory"/>
        </AssociationSet>
        <AssociationSet Name="GTTDeletionEvent_references" Association="com.sap.gtt.app.shipment0326002.shipment0326002Service.GTTDeletionEvent_references">
          <End Role="GTTDeletionEvent" EntitySet="GTTDeletionEvent"/>
          <End Role="Reference" EntitySet="Reference"/>
        </AssociationSet>
        <AssociationSet Name="GTTDeletionEvent_eventProcesses" Association="com.sap.gtt.app.shipment0326002.shipment0326002Service.GTTDeletionEvent_eventProcesses">
          <End Role="GTTDeletionEvent" EntitySet="GTTDeletionEvent"/>
          <End Role="ProcessEventDirectory" EntitySet="ProcessEventDirectory"/>
        </AssociationSet>
        <AssociationSet Name="GTTOverdueEvent_references" Association="com.sap.gtt.app.shipment0326002.shipment0326002Service.GTTOverdueEvent_references">
          <End Role="GTTOverdueEvent" EntitySet="GTTOverdueEvent"/>
          <End Role="Reference" EntitySet="Reference"/>
        </AssociationSet>
        <AssociationSet Name="GTTOverdueEvent_eventProcesses" Association="com.sap.gtt.app.shipment0326002.shipment0326002Service.GTTOverdueEvent_eventProcesses">
          <End Role="GTTOverdueEvent" EntitySet="GTTOverdueEvent"/>
          <End Role="ProcessEventDirectory" EntitySet="ProcessEventDirectory"/>
        </AssociationSet>
        <AssociationSet Name="GTTResetPlannedEventStatusEvent_references" Association="com.sap.gtt.app.shipment0326002.shipment0326002Service.GTTResetPlannedEventStatusEvent_references">
          <End Role="GTTResetPlannedEventStatusEvent" EntitySet="GTTResetPlannedEventStatusEvent"/>
          <End Role="Reference" EntitySet="Reference"/>
        </AssociationSet>
        <AssociationSet Name="GTTResetPlannedEventStatusEvent_eventProcesses" Association="com.sap.gtt.app.shipment0326002.shipment0326002Service.GTTResetPlannedEventStatusEvent_eventProcesses">
          <End Role="GTTResetPlannedEventStatusEvent" EntitySet="GTTResetPlannedEventStatusEvent"/>
          <End Role="ProcessEventDirectory" EntitySet="ProcessEventDirectory"/>
        </AssociationSet>
        <AssociationSet Name="PlannedEvent_process" Association="com.sap.gtt.app.shipment0326002.shipment0326002Service.PlannedEvent_process">
          <End Role="PlannedEvent" EntitySet="PlannedEvent"/>
          <End Role="TrackedProcess" EntitySet="TrackedProcess"/>
        </AssociationSet>
        <AssociationSet Name="PlannedEvent_lastProcessEventDirectory" Association="com.sap.gtt.app.shipment0326002.shipment0326002Service.PlannedEvent_lastProcessEventDirectory">
          <End Role="PlannedEvent" EntitySet="PlannedEvent"/>
          <End Role="ProcessEventDirectory" EntitySet="ProcessEventDirectory"/>
        </AssociationSet>
        <AssociationSet Name="PlannedEventForEvent_event" Association="com.sap.gtt.app.shipment0326002.shipment0326002Service.PlannedEventForEvent_event">
          <End Role="PlannedEventForEvent" EntitySet="PlannedEventForEvent"/>
          <End Role="Event" EntitySet="Event"/>
        </AssociationSet>
        <AssociationSet Name="ProcessEventDirectory_process" Association="com.sap.gtt.app.shipment0326002.shipment0326002Service.ProcessEventDirectory_process">
          <End Role="ProcessEventDirectory" EntitySet="ProcessEventDirectory"/>
          <End Role="TrackedProcess" EntitySet="TrackedProcess"/>
        </AssociationSet>
        <AssociationSet Name="ProcessEventDirectory_plannedEvent" Association="com.sap.gtt.app.shipment0326002.shipment0326002Service.ProcessEventDirectory_plannedEvent">
          <End Role="ProcessEventDirectory" EntitySet="ProcessEventDirectory"/>
          <End Role="PlannedEvent" EntitySet="PlannedEvent"/>
        </AssociationSet>
        <AssociationSet Name="ProcessEventDirectory_event" Association="com.sap.gtt.app.shipment0326002.shipment0326002Service.ProcessEventDirectory_event">
          <End Role="ProcessEventDirectory" EntitySet="ProcessEventDirectory"/>
          <End Role="Event" EntitySet="Event"/>
        </AssociationSet>
        <AssociationSet Name="QualifiedTrackingId_process" Association="com.sap.gtt.app.shipment0326002.shipment0326002Service.QualifiedTrackingId_process">
          <End Role="QualifiedTrackingId" EntitySet="QualifiedTrackingId"/>
          <End Role="TrackedProcess" EntitySet="TrackedProcess"/>
        </AssociationSet>
        <AssociationSet Name="QualifiedTrackingId_observedProcess" Association="com.sap.gtt.app.shipment0326002.shipment0326002Service.QualifiedTrackingId_observedProcess">
          <End Role="QualifiedTrackingId" EntitySet="QualifiedTrackingId"/>
          <End Role="TrackedProcess" EntitySet="TrackedProcess"/>
        </AssociationSet>
        <AssociationSet Name="Reference_event" Association="com.sap.gtt.app.shipment0326002.shipment0326002Service.Reference_event">
          <End Role="Reference" EntitySet="Reference"/>
          <End Role="Event" EntitySet="Event"/>
        </AssociationSet>
        <AssociationSet Name="TrackedProcess_trackingIds" Association="com.sap.gtt.app.shipment0326002.shipment0326002Service.TrackedProcess_trackingIds">
          <End Role="TrackedProcess" EntitySet="TrackedProcess"/>
          <End Role="QualifiedTrackingId" EntitySet="QualifiedTrackingId"/>
        </AssociationSet>
        <AssociationSet Name="TrackedProcess_plannedEvents" Association="com.sap.gtt.app.shipment0326002.shipment0326002Service.TrackedProcess_plannedEvents">
          <End Role="TrackedProcess" EntitySet="TrackedProcess"/>
          <End Role="PlannedEvent" EntitySet="PlannedEvent"/>
        </AssociationSet>
        <AssociationSet Name="TrackedProcess_processEvents" Association="com.sap.gtt.app.shipment0326002.shipment0326002Service.TrackedProcess_processEvents">
          <End Role="TrackedProcess" EntitySet="TrackedProcess"/>
          <End Role="ProcessEventDirectory" EntitySet="ProcessEventDirectory"/>
        </AssociationSet>
        <AssociationSet Name="delivery_trackingIds" Association="com.sap.gtt.app.shipment0326002.shipment0326002Service.delivery_trackingIds">
          <End Role="delivery" EntitySet="delivery"/>
          <End Role="QualifiedTrackingId" EntitySet="QualifiedTrackingId"/>
        </AssociationSet>
        <AssociationSet Name="delivery_plannedEvents" Association="com.sap.gtt.app.shipment0326002.shipment0326002Service.delivery_plannedEvents">
          <End Role="delivery" EntitySet="delivery"/>
          <End Role="PlannedEvent" EntitySet="PlannedEvent"/>
        </AssociationSet>
        <AssociationSet Name="delivery_processEvents" Association="com.sap.gtt.app.shipment0326002.shipment0326002Service.delivery_processEvents">
          <End Role="delivery" EntitySet="delivery"/>
          <End Role="ProcessEventDirectory" EntitySet="ProcessEventDirectory"/>
        </AssociationSet>
        <AssociationSet Name="deliveryEvent_references" Association="com.sap.gtt.app.shipment0326002.shipment0326002Service.deliveryEvent_references">
          <End Role="deliveryEvent" EntitySet="deliveryEvent"/>
          <End Role="Reference" EntitySet="Reference"/>
        </AssociationSet>
        <AssociationSet Name="deliveryEvent_eventProcesses" Association="com.sap.gtt.app.shipment0326002.shipment0326002Service.deliveryEvent_eventProcesses">
          <End Role="deliveryEvent" EntitySet="deliveryEvent"/>
          <End Role="ProcessEventDirectory" EntitySet="ProcessEventDirectory"/>
        </AssociationSet>
        <AssociationSet Name="deliveryEvent_plannedEvents" Association="com.sap.gtt.app.shipment0326002.shipment0326002Service.deliveryEvent_plannedEvents">
          <End Role="deliveryEvent" EntitySet="deliveryEvent"/>
          <End Role="PlannedEventForEvent" EntitySet="PlannedEventForEvent"/>
        </AssociationSet>
        <AssociationSet Name="shipment_trackingIds" Association="com.sap.gtt.app.shipment0326002.shipment0326002Service.shipment_trackingIds">
          <End Role="shipment" EntitySet="shipment"/>
          <End Role="QualifiedTrackingId" EntitySet="QualifiedTrackingId"/>
        </AssociationSet>
        <AssociationSet Name="shipment_plannedEvents" Association="com.sap.gtt.app.shipment0326002.shipment0326002Service.shipment_plannedEvents">
          <End Role="shipment" EntitySet="shipment"/>
          <End Role="PlannedEvent" EntitySet="PlannedEvent"/>
        </AssociationSet>
        <AssociationSet Name="shipment_processEvents" Association="com.sap.gtt.app.shipment0326002.shipment0326002Service.shipment_processEvents">
          <End Role="shipment" EntitySet="shipment"/>
          <End Role="ProcessEventDirectory" EntitySet="ProcessEventDirectory"/>
        </AssociationSet>
        <AssociationSet Name="shipment_delivery" Association="com.sap.gtt.app.shipment0326002.shipment0326002Service.shipment_delivery">
          <End Role="shipment" EntitySet="shipment"/>
          <End Role="delivery" EntitySet="delivery"/>
        </AssociationSet>
        <AssociationSet Name="shipmentEvent_references" Association="com.sap.gtt.app.shipment0326002.shipment0326002Service.shipmentEvent_references">
          <End Role="shipmentEvent" EntitySet="shipmentEvent"/>
          <End Role="Reference" EntitySet="Reference"/>
        </AssociationSet>
        <AssociationSet Name="shipmentEvent_eventProcesses" Association="com.sap.gtt.app.shipment0326002.shipment0326002Service.shipmentEvent_eventProcesses">
          <End Role="shipmentEvent" EntitySet="shipmentEvent"/>
          <End Role="ProcessEventDirectory" EntitySet="ProcessEventDirectory"/>
        </AssociationSet>
        <AssociationSet Name="shipmentEvent_plannedEvents" Association="com.sap.gtt.app.shipment0326002.shipment0326002Service.shipmentEvent_plannedEvents">
          <End Role="shipmentEvent" EntitySet="shipmentEvent"/>
          <End Role="PlannedEventForEvent" EntitySet="PlannedEventForEvent"/>
        </AssociationSet>
        <AssociationSet Name="shipmentEvent_delivery" Association="com.sap.gtt.app.shipment0326002.shipment0326002Service.shipmentEvent_delivery">
          <End Role="shipmentEvent" EntitySet="shipmentEvent"/>
          <End Role="delivery" EntitySet="delivery"/>
        </AssociationSet>
        <AssociationSet Name="shipmentEventStages_shipmentEvent" Association="com.sap.gtt.app.shipment0326002.shipment0326002Service.shipmentEventStages_shipmentEvent">
          <End Role="shipmentEventStages" EntitySet="shipmentEventStages"/>
          <End Role="shipmentEvent" EntitySet="shipmentEvent"/>
        </AssociationSet>
        <AssociationSet Name="shipmentStages_shipment" Association="com.sap.gtt.app.shipment0326002.shipment0326002Service.shipmentStages_shipment">
          <End Role="shipmentStages" EntitySet="shipmentStages"/>
          <End Role="shipment" EntitySet="shipment"/>
        </AssociationSet>
      </EntityContainer>
      <EntityType Name="CheckInEvent">
        <Key>
          <PropertyRef Name="id"/>
        </Key>
        <Property Name="id" Type="Edm.Guid" Nullable="false"/>
        <Property Name="subaccountId" Type="Edm.Guid"/>
        <Property Name="cloneInstanceId" Type="Edm.Guid"/>
        <Property Name="modelNamespace" Type="Edm.String" MaxLength="255"/>
        <Property Name="eventType" Type="Edm.String" MaxLength="255"/>
        <Property Name="eventReasonText" Type="Edm.String" MaxLength="255"/>
        <Property Name="eventReasonCode" Type="Edm.String" MaxLength="255"/>
        <Property Name="senderPartyId" Type="Edm.String" MaxLength="50"/>
        <Property Name="altKey" Type="Edm.String" MaxLength="255"/>
        <Property Name="scheme" Type="Edm.String" MaxLength="255"/>
        <Property Name="partyId" Type="Edm.String" MaxLength="50"/>
        <Property Name="logicalSystem" Type="Edm.String" MaxLength="10"/>
        <Property Name="trackingIdType" Type="Edm.String" MaxLength="40"/>
        <Property Name="trackingId" Type="Edm.String" MaxLength="50"/>
        <Property Name="actualTechnicalTimestamp" Type="Edm.DateTimeOffset"/>
        <Property Name="actualBusinessTimestamp" Type="Edm.DateTimeOffset"/>
        <Property Name="actualBusinessTimeZone" Type="Edm.String" MaxLength="50"/>
        <Property Name="locationAltKey" Type="Edm.String" MaxLength="255"/>
        <Property Name="eventMatchKey" Type="Edm.String" MaxLength="255"/>
        <Property Name="longitude" Type="Edm.Decimal" Scale="9" Precision="12"/>
        <Property Name="latitude" Type="Edm.Decimal" Scale="9" Precision="12"/>
        <NavigationProperty Name="references" Relationship="com.sap.gtt.app.shipment0326002.shipment0326002Service.CheckInEvent_references" FromRole="CheckInEvent" ToRole="Reference"/>
        <NavigationProperty Name="eventProcesses" Relationship="com.sap.gtt.app.shipment0326002.shipment0326002Service.CheckInEvent_eventProcesses" FromRole="CheckInEvent" ToRole="ProcessEventDirectory"/>
        <Property Name="messageSourceType" Type="Edm.String" MaxLength="50"/>
        <Property Name="createdByUser" Type="Edm.String" MaxLength="64"/>
        <Property Name="creationDateTime" Type="Edm.DateTimeOffset"/>
        <Property Name="gate" Type="Edm.String" MaxLength="20"/>
      </EntityType>
      <EntityType Name="Event">
        <Key>
          <PropertyRef Name="id"/>
        </Key>
        <Property Name="id" Type="Edm.Guid" Nullable="false"/>
        <Property Name="subaccountId" Type="Edm.Guid"/>
        <Property Name="cloneInstanceId" Type="Edm.Guid"/>
        <Property Name="modelNamespace" Type="Edm.String" MaxLength="255"/>
        <Property Name="eventType" Type="Edm.String" MaxLength="255"/>
        <Property Name="eventReasonText" Type="Edm.String" MaxLength="255"/>
        <Property Name="eventReasonCode" Type="Edm.String" MaxLength="255"/>
        <Property Name="senderPartyId" Type="Edm.String" MaxLength="50"/>
        <Property Name="altKey" Type="Edm.String" MaxLength="255"/>
        <Property Name="scheme" Type="Edm.String" MaxLength="255"/>
        <Property Name="partyId" Type="Edm.String" MaxLength="50"/>
        <Property Name="logicalSystem" Type="Edm.String" MaxLength="10"/>
        <Property Name="trackingIdType" Type="Edm.String" MaxLength="40"/>
        <Property Name="trackingId" Type="Edm.String" MaxLength="50"/>
        <Property Name="actualTechnicalTimestamp" Type="Edm.DateTimeOffset"/>
        <Property Name="actualBusinessTimestamp" Type="Edm.DateTimeOffset"/>
        <Property Name="actualBusinessTimeZone" Type="Edm.String" MaxLength="50"/>
        <Property Name="locationAltKey" Type="Edm.String" MaxLength="255"/>
        <Property Name="eventMatchKey" Type="Edm.String" MaxLength="255"/>
        <Property Name="longitude" Type="Edm.Decimal" Scale="9" Precision="12"/>
        <Property Name="latitude" Type="Edm.Decimal" Scale="9" Precision="12"/>
        <NavigationProperty Name="references" Relationship="com.sap.gtt.app.shipment0326002.shipment0326002Service.Event_references" FromRole="Event" ToRole="Reference"/>
        <NavigationProperty Name="eventProcesses" Relationship="com.sap.gtt.app.shipment0326002.shipment0326002Service.Event_eventProcesses" FromRole="Event" ToRole="ProcessEventDirectory"/>
        <Property Name="messageSourceType" Type="Edm.String" MaxLength="50"/>
        <Property Name="createdByUser" Type="Edm.String" MaxLength="64"/>
        <Property Name="creationDateTime" Type="Edm.DateTimeOffset"/>
      </EntityType>
      <EntityType Name="GTTDPPBlockingEvent">
        <Key>
          <PropertyRef Name="id"/>
        </Key>
        <Property Name="id" Type="Edm.Guid" Nullable="false"/>
        <Property Name="subaccountId" Type="Edm.Guid"/>
        <Property Name="cloneInstanceId" Type="Edm.Guid"/>
        <Property Name="modelNamespace" Type="Edm.String" MaxLength="255"/>
        <Property Name="eventType" Type="Edm.String" MaxLength="255"/>
        <Property Name="eventReasonText" Type="Edm.String" MaxLength="255"/>
        <Property Name="eventReasonCode" Type="Edm.String" MaxLength="255"/>
        <Property Name="senderPartyId" Type="Edm.String" MaxLength="50"/>
        <Property Name="altKey" Type="Edm.String" MaxLength="255"/>
        <Property Name="scheme" Type="Edm.String" MaxLength="255"/>
        <Property Name="partyId" Type="Edm.String" MaxLength="50"/>
        <Property Name="logicalSystem" Type="Edm.String" MaxLength="10"/>
        <Property Name="trackingIdType" Type="Edm.String" MaxLength="40"/>
        <Property Name="trackingId" Type="Edm.String" MaxLength="50"/>
        <Property Name="actualTechnicalTimestamp" Type="Edm.DateTimeOffset"/>
        <Property Name="actualBusinessTimestamp" Type="Edm.DateTimeOffset"/>
        <Property Name="actualBusinessTimeZone" Type="Edm.String" MaxLength="50"/>
        <Property Name="locationAltKey" Type="Edm.String" MaxLength="255"/>
        <Property Name="eventMatchKey" Type="Edm.String" MaxLength="255"/>
        <Property Name="longitude" Type="Edm.Decimal" Scale="9" Precision="12"/>
        <Property Name="latitude" Type="Edm.Decimal" Scale="9" Precision="12"/>
        <NavigationProperty Name="references" Relationship="com.sap.gtt.app.shipment0326002.shipment0326002Service.GTTDPPBlockingEvent_references" FromRole="GTTDPPBlockingEvent" ToRole="Reference"/>
        <NavigationProperty Name="eventProcesses" Relationship="com.sap.gtt.app.shipment0326002.shipment0326002Service.GTTDPPBlockingEvent_eventProcesses" FromRole="GTTDPPBlockingEvent" ToRole="ProcessEventDirectory"/>
        <Property Name="messageSourceType" Type="Edm.String" MaxLength="50"/>
        <Property Name="createdByUser" Type="Edm.String" MaxLength="64"/>
        <Property Name="creationDateTime" Type="Edm.DateTimeOffset"/>
      </EntityType>
      <EntityType Name="GTTDPPDeletionEvent">
        <Key>
          <PropertyRef Name="id"/>
        </Key>
        <Property Name="id" Type="Edm.Guid" Nullable="false"/>
        <Property Name="subaccountId" Type="Edm.Guid"/>
        <Property Name="cloneInstanceId" Type="Edm.Guid"/>
        <Property Name="modelNamespace" Type="Edm.String" MaxLength="255"/>
        <Property Name="eventType" Type="Edm.String" MaxLength="255"/>
        <Property Name="eventReasonText" Type="Edm.String" MaxLength="255"/>
        <Property Name="eventReasonCode" Type="Edm.String" MaxLength="255"/>
        <Property Name="senderPartyId" Type="Edm.String" MaxLength="50"/>
        <Property Name="altKey" Type="Edm.String" MaxLength="255"/>
        <Property Name="scheme" Type="Edm.String" MaxLength="255"/>
        <Property Name="partyId" Type="Edm.String" MaxLength="50"/>
        <Property Name="logicalSystem" Type="Edm.String" MaxLength="10"/>
        <Property Name="trackingIdType" Type="Edm.String" MaxLength="40"/>
        <Property Name="trackingId" Type="Edm.String" MaxLength="50"/>
        <Property Name="actualTechnicalTimestamp" Type="Edm.DateTimeOffset"/>
        <Property Name="actualBusinessTimestamp" Type="Edm.DateTimeOffset"/>
        <Property Name="actualBusinessTimeZone" Type="Edm.String" MaxLength="50"/>
        <Property Name="locationAltKey" Type="Edm.String" MaxLength="255"/>
        <Property Name="eventMatchKey" Type="Edm.String" MaxLength="255"/>
        <Property Name="longitude" Type="Edm.Decimal" Scale="9" Precision="12"/>
        <Property Name="latitude" Type="Edm.Decimal" Scale="9" Precision="12"/>
        <NavigationProperty Name="references" Relationship="com.sap.gtt.app.shipment0326002.shipment0326002Service.GTTDPPDeletionEvent_references" FromRole="GTTDPPDeletionEvent" ToRole="Reference"/>
        <NavigationProperty Name="eventProcesses" Relationship="com.sap.gtt.app.shipment0326002.shipment0326002Service.GTTDPPDeletionEvent_eventProcesses" FromRole="GTTDPPDeletionEvent" ToRole="ProcessEventDirectory"/>
        <Property Name="messageSourceType" Type="Edm.String" MaxLength="50"/>
        <Property Name="createdByUser" Type="Edm.String" MaxLength="64"/>
        <Property Name="creationDateTime" Type="Edm.DateTimeOffset"/>
      </EntityType>
      <EntityType Name="GTTDelayedEvent">
        <Key>
          <PropertyRef Name="id"/>
        </Key>
        <Property Name="id" Type="Edm.Guid" Nullable="false"/>
        <Property Name="subaccountId" Type="Edm.Guid"/>
        <Property Name="cloneInstanceId" Type="Edm.Guid"/>
        <Property Name="modelNamespace" Type="Edm.String" MaxLength="255"/>
        <Property Name="eventType" Type="Edm.String" MaxLength="255"/>
        <Property Name="eventReasonText" Type="Edm.String" MaxLength="255"/>
        <Property Name="eventReasonCode" Type="Edm.String" MaxLength="255"/>
        <Property Name="senderPartyId" Type="Edm.String" MaxLength="50"/>
        <Property Name="altKey" Type="Edm.String" MaxLength="255"/>
        <Property Name="scheme" Type="Edm.String" MaxLength="255"/>
        <Property Name="partyId" Type="Edm.String" MaxLength="50"/>
        <Property Name="logicalSystem" Type="Edm.String" MaxLength="10"/>
        <Property Name="trackingIdType" Type="Edm.String" MaxLength="40"/>
        <Property Name="trackingId" Type="Edm.String" MaxLength="50"/>
        <Property Name="actualTechnicalTimestamp" Type="Edm.DateTimeOffset"/>
        <Property Name="actualBusinessTimestamp" Type="Edm.DateTimeOffset"/>
        <Property Name="actualBusinessTimeZone" Type="Edm.String" MaxLength="50"/>
        <Property Name="locationAltKey" Type="Edm.String" MaxLength="255"/>
        <Property Name="eventMatchKey" Type="Edm.String" MaxLength="255"/>
        <Property Name="longitude" Type="Edm.Decimal" Scale="9" Precision="12"/>
        <Property Name="latitude" Type="Edm.Decimal" Scale="9" Precision="12"/>
        <NavigationProperty Name="references" Relationship="com.sap.gtt.app.shipment0326002.shipment0326002Service.GTTDelayedEvent_references" FromRole="GTTDelayedEvent" ToRole="Reference"/>
        <NavigationProperty Name="eventProcesses" Relationship="com.sap.gtt.app.shipment0326002.shipment0326002Service.GTTDelayedEvent_eventProcesses" FromRole="GTTDelayedEvent" ToRole="ProcessEventDirectory"/>
        <Property Name="messageSourceType" Type="Edm.String" MaxLength="50"/>
        <Property Name="createdByUser" Type="Edm.String" MaxLength="64"/>
        <Property Name="creationDateTime" Type="Edm.DateTimeOffset"/>
        <Property Name="refPlannedEventType" Type="Edm.String" MaxLength="255"/>
        <Property Name="refPlannedEventMatchKey" Type="Edm.String" MaxLength="255"/>
        <Property Name="refPlannedEventLocationAltKey" Type="Edm.String" MaxLength="255"/>
      </EntityType>
      <EntityType Name="GTTDeletionEvent">
        <Key>
          <PropertyRef Name="id"/>
        </Key>
        <Property Name="id" Type="Edm.Guid" Nullable="false"/>
        <Property Name="subaccountId" Type="Edm.Guid"/>
        <Property Name="cloneInstanceId" Type="Edm.Guid"/>
        <Property Name="modelNamespace" Type="Edm.String" MaxLength="255"/>
        <Property Name="eventType" Type="Edm.String" MaxLength="255"/>
        <Property Name="eventReasonText" Type="Edm.String" MaxLength="255"/>
        <Property Name="eventReasonCode" Type="Edm.String" MaxLength="255"/>
        <Property Name="senderPartyId" Type="Edm.String" MaxLength="50"/>
        <Property Name="altKey" Type="Edm.String" MaxLength="255"/>
        <Property Name="scheme" Type="Edm.String" MaxLength="255"/>
        <Property Name="partyId" Type="Edm.String" MaxLength="50"/>
        <Property Name="logicalSystem" Type="Edm.String" MaxLength="10"/>
        <Property Name="trackingIdType" Type="Edm.String" MaxLength="40"/>
        <Property Name="trackingId" Type="Edm.String" MaxLength="50"/>
        <Property Name="actualTechnicalTimestamp" Type="Edm.DateTimeOffset"/>
        <Property Name="actualBusinessTimestamp" Type="Edm.DateTimeOffset"/>
        <Property Name="actualBusinessTimeZone" Type="Edm.String" MaxLength="50"/>
        <Property Name="locationAltKey" Type="Edm.String" MaxLength="255"/>
        <Property Name="eventMatchKey" Type="Edm.String" MaxLength="255"/>
        <Property Name="longitude" Type="Edm.Decimal" Scale="9" Precision="12"/>
        <Property Name="latitude" Type="Edm.Decimal" Scale="9" Precision="12"/>
        <NavigationProperty Name="references" Relationship="com.sap.gtt.app.shipment0326002.shipment0326002Service.GTTDeletionEvent_references" FromRole="GTTDeletionEvent" ToRole="Reference"/>
        <NavigationProperty Name="eventProcesses" Relationship="com.sap.gtt.app.shipment0326002.shipment0326002Service.GTTDeletionEvent_eventProcesses" FromRole="GTTDeletionEvent" ToRole="ProcessEventDirectory"/>
        <Property Name="messageSourceType" Type="Edm.String" MaxLength="50"/>
        <Property Name="createdByUser" Type="Edm.String" MaxLength="64"/>
        <Property Name="creationDateTime" Type="Edm.DateTimeOffset"/>
      </EntityType>
      <EntityType Name="GTTOverdueEvent">
        <Key>
          <PropertyRef Name="id"/>
        </Key>
        <Property Name="id" Type="Edm.Guid" Nullable="false"/>
        <Property Name="subaccountId" Type="Edm.Guid"/>
        <Property Name="cloneInstanceId" Type="Edm.Guid"/>
        <Property Name="modelNamespace" Type="Edm.String" MaxLength="255"/>
        <Property Name="eventType" Type="Edm.String" MaxLength="255"/>
        <Property Name="eventReasonText" Type="Edm.String" MaxLength="255"/>
        <Property Name="eventReasonCode" Type="Edm.String" MaxLength="255"/>
        <Property Name="senderPartyId" Type="Edm.String" MaxLength="50"/>
        <Property Name="altKey" Type="Edm.String" MaxLength="255"/>
        <Property Name="scheme" Type="Edm.String" MaxLength="255"/>
        <Property Name="partyId" Type="Edm.String" MaxLength="50"/>
        <Property Name="logicalSystem" Type="Edm.String" MaxLength="10"/>
        <Property Name="trackingIdType" Type="Edm.String" MaxLength="40"/>
        <Property Name="trackingId" Type="Edm.String" MaxLength="50"/>
        <Property Name="actualTechnicalTimestamp" Type="Edm.DateTimeOffset"/>
        <Property Name="actualBusinessTimestamp" Type="Edm.DateTimeOffset"/>
        <Property Name="actualBusinessTimeZone" Type="Edm.String" MaxLength="50"/>
        <Property Name="locationAltKey" Type="Edm.String" MaxLength="255"/>
        <Property Name="eventMatchKey" Type="Edm.String" MaxLength="255"/>
        <Property Name="longitude" Type="Edm.Decimal" Scale="9" Precision="12"/>
        <Property Name="latitude" Type="Edm.Decimal" Scale="9" Precision="12"/>
        <NavigationProperty Name="references" Relationship="com.sap.gtt.app.shipment0326002.shipment0326002Service.GTTOverdueEvent_references" FromRole="GTTOverdueEvent" ToRole="Reference"/>
        <NavigationProperty Name="eventProcesses" Relationship="com.sap.gtt.app.shipment0326002.shipment0326002Service.GTTOverdueEvent_eventProcesses" FromRole="GTTOverdueEvent" ToRole="ProcessEventDirectory"/>
        <Property Name="messageSourceType" Type="Edm.String" MaxLength="50"/>
        <Property Name="createdByUser" Type="Edm.String" MaxLength="64"/>
        <Property Name="creationDateTime" Type="Edm.DateTimeOffset"/>
        <Property Name="refPlannedEventUUID" Type="Edm.Guid" Nullable="false"/>
      </EntityType>
      <EntityType Name="GTTResetPlannedEventStatusEvent">
        <Key>
          <PropertyRef Name="id"/>
        </Key>
        <Property Name="id" Type="Edm.Guid" Nullable="false"/>
        <Property Name="subaccountId" Type="Edm.Guid"/>
        <Property Name="cloneInstanceId" Type="Edm.Guid"/>
        <Property Name="modelNamespace" Type="Edm.String" MaxLength="255"/>
        <Property Name="eventType" Type="Edm.String" MaxLength="255"/>
        <Property Name="eventReasonText" Type="Edm.String" MaxLength="255"/>
        <Property Name="eventReasonCode" Type="Edm.String" MaxLength="255"/>
        <Property Name="senderPartyId" Type="Edm.String" MaxLength="50"/>
        <Property Name="altKey" Type="Edm.String" MaxLength="255"/>
        <Property Name="scheme" Type="Edm.String" MaxLength="255"/>
        <Property Name="partyId" Type="Edm.String" MaxLength="50"/>
        <Property Name="logicalSystem" Type="Edm.String" MaxLength="10"/>
        <Property Name="trackingIdType" Type="Edm.String" MaxLength="40"/>
        <Property Name="trackingId" Type="Edm.String" MaxLength="50"/>
        <Property Name="actualTechnicalTimestamp" Type="Edm.DateTimeOffset"/>
        <Property Name="actualBusinessTimestamp" Type="Edm.DateTimeOffset"/>
        <Property Name="actualBusinessTimeZone" Type="Edm.String" MaxLength="50"/>
        <Property Name="locationAltKey" Type="Edm.String" MaxLength="255"/>
        <Property Name="eventMatchKey" Type="Edm.String" MaxLength="255"/>
        <Property Name="longitude" Type="Edm.Decimal" Scale="9" Precision="12"/>
        <Property Name="latitude" Type="Edm.Decimal" Scale="9" Precision="12"/>
        <NavigationProperty Name="references" Relationship="com.sap.gtt.app.shipment0326002.shipment0326002Service.GTTResetPlannedEventStatusEvent_references" FromRole="GTTResetPlannedEventStatusEvent" ToRole="Reference"/>
        <NavigationProperty Name="eventProcesses" Relationship="com.sap.gtt.app.shipment0326002.shipment0326002Service.GTTResetPlannedEventStatusEvent_eventProcesses" FromRole="GTTResetPlannedEventStatusEvent" ToRole="ProcessEventDirectory"/>
        <Property Name="messageSourceType" Type="Edm.String" MaxLength="50"/>
        <Property Name="createdByUser" Type="Edm.String" MaxLength="64"/>
        <Property Name="creationDateTime" Type="Edm.DateTimeOffset"/>
        <Property Name="refPlannedEventType" Type="Edm.String" MaxLength="255" Nullable="false"/>
        <Property Name="refPlannedEventMatchKey" Type="Edm.String" MaxLength="255"/>
        <Property Name="refPlannedEventLocationAltKey" Type="Edm.String" MaxLength="255"/>
      </EntityType>
      <EntityType Name="PlannedEvent">
        <Key>
          <PropertyRef Name="id"/>
        </Key>
        <Property Name="id" Type="Edm.Guid" Nullable="false"/>
        <Property Name="process_id" Type="Edm.Guid"/>
        <NavigationProperty Name="process" Relationship="com.sap.gtt.app.shipment0326002.shipment0326002Service.PlannedEvent_process" FromRole="PlannedEvent" ToRole="TrackedProcess"/>
        <Property Name="eventType" Type="Edm.String" MaxLength="255"/>
        <Property Name="locationAltKey" Type="Edm.String" MaxLength="255"/>
        <Property Name="eventMatchKey" Type="Edm.String" MaxLength="255"/>
        <Property Name="longitude" Type="Edm.Decimal" Scale="9" Precision="12"/>
        <Property Name="latitude" Type="Edm.Decimal" Scale="9" Precision="12"/>
        <Property Name="eventStatus" Type="Edm.String" MaxLength="50"/>
        <Property Name="payloadSequence" Type="Edm.Int32"/>
        <Property Name="isFinalPlannedEvent" Type="Edm.Boolean"/>
        <NavigationProperty Name="lastProcessEventDirectory" Relationship="com.sap.gtt.app.shipment0326002.shipment0326002Service.PlannedEvent_lastProcessEventDirectory" FromRole="PlannedEvent" ToRole="ProcessEventDirectory"/>
        <Property Name="nextOverdueDetection" Type="Edm.DateTimeOffset"/>
        <Property Name="overdueDetectionCounter" Type="Edm.Int32"/>
        <Property Name="plannedTechnicalTimestamp" Type="Edm.DateTimeOffset"/>
        <Property Name="plannedTechTsEarliest" Type="Edm.DateTimeOffset"/>
        <Property Name="plannedTechTsLatest" Type="Edm.DateTimeOffset"/>
        <Property Name="plannedBusinessTimestamp" Type="Edm.DateTimeOffset"/>
        <Property Name="plannedBizTsEarliest" Type="Edm.DateTimeOffset"/>
        <Property Name="plannedBizTsLatest" Type="Edm.DateTimeOffset"/>
        <Property Name="plannedBusinessTimeZone" Type="Edm.String" MaxLength="50"/>
        <Property Name="lastProcessEventDirectory_id" Type="Edm.Guid"/>
      </EntityType>
      <EntityType Name="PlannedEventForEvent">
        <Key>
          <PropertyRef Name="id"/>
        </Key>
        <Property Name="id" Type="Edm.Guid" Nullable="false"/>
        <Property Name="event_id" Type="Edm.Guid"/>
        <NavigationProperty Name="event" Relationship="com.sap.gtt.app.shipment0326002.shipment0326002Service.PlannedEventForEvent_event" FromRole="PlannedEventForEvent" ToRole="Event"/>
        <Property Name="eventType" Type="Edm.String" MaxLength="255" Nullable="false"/>
        <Property Name="locationAltKey" Type="Edm.String" MaxLength="255"/>
        <Property Name="eventMatchKey" Type="Edm.String" MaxLength="255"/>
        <Property Name="longitude" Type="Edm.Decimal" Scale="9" Precision="12"/>
        <Property Name="latitude" Type="Edm.Decimal" Scale="9" Precision="12"/>
        <Property Name="isFinalPlannedEvent" Type="Edm.Boolean"/>
        <Property Name="plannedTechnicalTimestamp" Type="Edm.DateTimeOffset"/>
        <Property Name="plannedTechTsEarliest" Type="Edm.DateTimeOffset"/>
        <Property Name="plannedTechTsLatest" Type="Edm.DateTimeOffset"/>
        <Property Name="plannedBusinessTimestamp" Type="Edm.DateTimeOffset"/>
        <Property Name="plannedBizTsEarliest" Type="Edm.DateTimeOffset"/>
        <Property Name="plannedBizTsLatest" Type="Edm.DateTimeOffset"/>
        <Property Name="plannedBusinessTimeZone" Type="Edm.String" MaxLength="50"/>
      </EntityType>
      <EntityType Name="ProcessEventDirectory">
        <Key>
          <PropertyRef Name="id"/>
        </Key>
        <Property Name="id" Type="Edm.Guid" Nullable="false"/>
        <Property Name="process_id" Type="Edm.Guid"/>
        <NavigationProperty Name="process" Relationship="com.sap.gtt.app.shipment0326002.shipment0326002Service.ProcessEventDirectory_process" FromRole="ProcessEventDirectory" ToRole="TrackedProcess"/>
        <Property Name="plannedEvent_id" Type="Edm.Guid"/>
        <NavigationProperty Name="plannedEvent" Relationship="com.sap.gtt.app.shipment0326002.shipment0326002Service.ProcessEventDirectory_plannedEvent" FromRole="ProcessEventDirectory" ToRole="PlannedEvent"/>
        <Property Name="event_id" Type="Edm.Guid"/>
        <NavigationProperty Name="event" Relationship="com.sap.gtt.app.shipment0326002.shipment0326002Service.ProcessEventDirectory_event" FromRole="ProcessEventDirectory" ToRole="Event"/>
        <Property Name="correlationType" Type="Edm.String" MaxLength="50"/>
      </EntityType>
      <EntityType Name="QualifiedTrackingId">
        <Key>
          <PropertyRef Name="process_id"/>
          <PropertyRef Name="observedProcess_id"/>
        </Key>
        <Property Name="process_id" Type="Edm.Guid" Nullable="false"/>
        <NavigationProperty Name="process" Relationship="com.sap.gtt.app.shipment0326002.shipment0326002Service.QualifiedTrackingId_process" FromRole="QualifiedTrackingId" ToRole="TrackedProcess"/>
        <NavigationProperty Name="observedProcess" Relationship="com.sap.gtt.app.shipment0326002.shipment0326002Service.QualifiedTrackingId_observedProcess" FromRole="QualifiedTrackingId" ToRole="TrackedProcess"/>
        <Property Name="validFrom" Type="Edm.DateTimeOffset"/>
        <Property Name="validTo" Type="Edm.DateTimeOffset"/>
        <Property Name="observedProcess_id" Type="Edm.Guid" Nullable="false"/>
      </EntityType>
      <EntityType Name="Reference">
        <Key>
          <PropertyRef Name="id"/>
        </Key>
        <Property Name="id" Type="Edm.Guid" Nullable="false"/>
        <Property Name="event_id" Type="Edm.Guid"/>
        <NavigationProperty Name="event" Relationship="com.sap.gtt.app.shipment0326002.shipment0326002Service.Reference_event" FromRole="Reference" ToRole="Event"/>
        <Property Name="referenceType" Type="Edm.String" MaxLength="50" Nullable="false"/>
        <Property Name="altKey" Type="Edm.String" MaxLength="255" Nullable="false"/>
        <Property Name="validFrom" Type="Edm.DateTimeOffset"/>
        <Property Name="validTo" Type="Edm.DateTimeOffset"/>
        <Property Name="action" Type="Edm.String" MaxLength="50" Nullable="false"/>
      </EntityType>
      <EntityType Name="TrackedProcess">
        <Key>
          <PropertyRef Name="id"/>
        </Key>
        <Property Name="id" Type="Edm.Guid" Nullable="false"/>
        <Property Name="subaccountId" Type="Edm.Guid"/>
        <Property Name="cloneInstanceId" Type="Edm.Guid"/>
        <Property Name="trackedProcessType" Type="Edm.String" MaxLength="255"/>
        <Property Name="altKey" Type="Edm.String" MaxLength="255"/>
        <Property Name="scheme" Type="Edm.String" MaxLength="255"/>
        <Property Name="partyId" Type="Edm.String" MaxLength="50"/>
        <Property Name="logicalSystem" Type="Edm.String" MaxLength="10"/>
        <Property Name="trackingIdType" Type="Edm.String" MaxLength="40"/>
        <Property Name="trackingId" Type="Edm.String" MaxLength="50"/>
        <Property Name="processStatus" Type="Edm.String" MaxLength="50"/>
        <NavigationProperty Name="trackingIds" Relationship="com.sap.gtt.app.shipment0326002.shipment0326002Service.TrackedProcess_trackingIds" FromRole="TrackedProcess" ToRole="QualifiedTrackingId"/>
        <NavigationProperty Name="plannedEvents" Relationship="com.sap.gtt.app.shipment0326002.shipment0326002Service.TrackedProcess_plannedEvents" FromRole="TrackedProcess" ToRole="PlannedEvent"/>
        <NavigationProperty Name="processEvents" Relationship="com.sap.gtt.app.shipment0326002.shipment0326002Service.TrackedProcess_processEvents" FromRole="TrackedProcess" ToRole="ProcessEventDirectory"/>
        <Property Name="lifeCycleStatus" Type="Edm.String" MaxLength="20"/>
        <Property Name="lastChangedAtBusinessTime" Type="Edm.DateTimeOffset"/>
        <Property Name="createdByUser" Type="Edm.String" MaxLength="64"/>
        <Property Name="creationDateTime" Type="Edm.DateTimeOffset"/>
        <Property Name="lastChangedByUser" Type="Edm.String" MaxLength="64"/>
        <Property Name="lastChangeDateTime" Type="Edm.DateTimeOffset"/>
        <Property Name="version" Type="Edm.Int32"/>
      </EntityType>
      <EntityType Name="delivery">
        <Key>
          <PropertyRef Name="id"/>
        </Key>
        <Property Name="id" Type="Edm.Guid" Nullable="false"/>
        <Property Name="subaccountId" Type="Edm.Guid"/>
        <Property Name="cloneInstanceId" Type="Edm.Guid"/>
        <Property Name="trackedProcessType" Type="Edm.String" MaxLength="255"/>
        <Property Name="altKey" Type="Edm.String" MaxLength="255"/>
        <Property Name="scheme" Type="Edm.String" MaxLength="255"/>
        <Property Name="partyId" Type="Edm.String" MaxLength="50"/>
        <Property Name="logicalSystem" Type="Edm.String" MaxLength="10"/>
        <Property Name="trackingIdType" Type="Edm.String" MaxLength="40"/>
        <Property Name="trackingId" Type="Edm.String" MaxLength="50"/>
        <Property Name="processStatus" Type="Edm.String" MaxLength="50"/>
        <NavigationProperty Name="trackingIds" Relationship="com.sap.gtt.app.shipment0326002.shipment0326002Service.delivery_trackingIds" FromRole="delivery" ToRole="QualifiedTrackingId"/>
        <NavigationProperty Name="plannedEvents" Relationship="com.sap.gtt.app.shipment0326002.shipment0326002Service.delivery_plannedEvents" FromRole="delivery" ToRole="PlannedEvent"/>
        <NavigationProperty Name="processEvents" Relationship="com.sap.gtt.app.shipment0326002.shipment0326002Service.delivery_processEvents" FromRole="delivery" ToRole="ProcessEventDirectory"/>
        <Property Name="lifeCycleStatus" Type="Edm.String" MaxLength="20"/>
        <Property Name="lastChangedAtBusinessTime" Type="Edm.DateTimeOffset"/>
        <Property Name="createdByUser" Type="Edm.String" MaxLength="64"/>
        <Property Name="creationDateTime" Type="Edm.DateTimeOffset"/>
        <Property Name="lastChangedByUser" Type="Edm.String" MaxLength="64"/>
        <Property Name="lastChangeDateTime" Type="Edm.DateTimeOffset"/>
        <Property Name="version" Type="Edm.Int32"/>
      </EntityType>
      <EntityType Name="deliveryEvent">
        <Key>
          <PropertyRef Name="id"/>
        </Key>
        <Property Name="id" Type="Edm.Guid" Nullable="false"/>
        <Property Name="subaccountId" Type="Edm.Guid"/>
        <Property Name="cloneInstanceId" Type="Edm.Guid"/>
        <Property Name="modelNamespace" Type="Edm.String" MaxLength="255"/>
        <Property Name="eventType" Type="Edm.String" MaxLength="255"/>
        <Property Name="eventReasonText" Type="Edm.String" MaxLength="255"/>
        <Property Name="eventReasonCode" Type="Edm.String" MaxLength="255"/>
        <Property Name="senderPartyId" Type="Edm.String" MaxLength="50"/>
        <Property Name="altKey" Type="Edm.String" MaxLength="255"/>
        <Property Name="scheme" Type="Edm.String" MaxLength="255"/>
        <Property Name="partyId" Type="Edm.String" MaxLength="50"/>
        <Property Name="logicalSystem" Type="Edm.String" MaxLength="10"/>
        <Property Name="trackingIdType" Type="Edm.String" MaxLength="40"/>
        <Property Name="trackingId" Type="Edm.String" MaxLength="50"/>
        <Property Name="actualTechnicalTimestamp" Type="Edm.DateTimeOffset"/>
        <Property Name="actualBusinessTimestamp" Type="Edm.DateTimeOffset"/>
        <Property Name="actualBusinessTimeZone" Type="Edm.String" MaxLength="50"/>
        <Property Name="locationAltKey" Type="Edm.String" MaxLength="255"/>
        <Property Name="eventMatchKey" Type="Edm.String" MaxLength="255"/>
        <Property Name="longitude" Type="Edm.Decimal" Scale="9" Precision="12"/>
        <Property Name="latitude" Type="Edm.Decimal" Scale="9" Precision="12"/>
        <NavigationProperty Name="references" Relationship="com.sap.gtt.app.shipment0326002.shipment0326002Service.deliveryEvent_references" FromRole="deliveryEvent" ToRole="Reference"/>
        <NavigationProperty Name="eventProcesses" Relationship="com.sap.gtt.app.shipment0326002.shipment0326002Service.deliveryEvent_eventProcesses" FromRole="deliveryEvent" ToRole="ProcessEventDirectory"/>
        <Property Name="messageSourceType" Type="Edm.String" MaxLength="50"/>
        <Property Name="createdByUser" Type="Edm.String" MaxLength="64"/>
        <Property Name="creationDateTime" Type="Edm.DateTimeOffset"/>
        <NavigationProperty Name="plannedEvents" Relationship="com.sap.gtt.app.shipment0326002.shipment0326002Service.deliveryEvent_plannedEvents" FromRole="deliveryEvent" ToRole="PlannedEventForEvent"/>
      </EntityType>
      <EntityType Name="shipment">
        <Key>
          <PropertyRef Name="id"/>
        </Key>
        <Property Name="id" Type="Edm.Guid" Nullable="false"/>
        <Property Name="subaccountId" Type="Edm.Guid"/>
        <Property Name="cloneInstanceId" Type="Edm.Guid"/>
        <Property Name="trackedProcessType" Type="Edm.String" MaxLength="255"/>
        <Property Name="altKey" Type="Edm.String" MaxLength="255"/>
        <Property Name="scheme" Type="Edm.String" MaxLength="255"/>
        <Property Name="partyId" Type="Edm.String" MaxLength="50"/>
        <Property Name="logicalSystem" Type="Edm.String" MaxLength="10"/>
        <Property Name="trackingIdType" Type="Edm.String" MaxLength="40"/>
        <Property Name="trackingId" Type="Edm.String" MaxLength="50"/>
        <Property Name="processStatus" Type="Edm.String" MaxLength="50"/>
        <NavigationProperty Name="trackingIds" Relationship="com.sap.gtt.app.shipment0326002.shipment0326002Service.shipment_trackingIds" FromRole="shipment" ToRole="QualifiedTrackingId"/>
        <NavigationProperty Name="plannedEvents" Relationship="com.sap.gtt.app.shipment0326002.shipment0326002Service.shipment_plannedEvents" FromRole="shipment" ToRole="PlannedEvent"/>
        <NavigationProperty Name="processEvents" Relationship="com.sap.gtt.app.shipment0326002.shipment0326002Service.shipment_processEvents" FromRole="shipment" ToRole="ProcessEventDirectory"/>
        <Property Name="lifeCycleStatus" Type="Edm.String" MaxLength="20"/>
        <Property Name="lastChangedAtBusinessTime" Type="Edm.DateTimeOffset"/>
        <Property Name="createdByUser" Type="Edm.String" MaxLength="64"/>
        <Property Name="creationDateTime" Type="Edm.DateTimeOffset"/>
        <Property Name="lastChangedByUser" Type="Edm.String" MaxLength="64"/>
        <Property Name="lastChangeDateTime" Type="Edm.DateTimeOffset"/>
        <Property Name="version" Type="Edm.Int32"/>
        <Property Name="shipmentId" Type="Edm.String" MaxLength="10" Nullable="false"/>
        <NavigationProperty Name="stages" Relationship="com.sap.gtt.app.shipment0326002.shipment0326002Service.shipmentStages_shipment" FromRole="shipment" ToRole="shipmentStages"/>
        <Property Name="deliveryAltKey" Type="Edm.String" MaxLength="255"/>
        <NavigationProperty Name="delivery" Relationship="com.sap.gtt.app.shipment0326002.shipment0326002Service.shipment_delivery" FromRole="shipment" ToRole="delivery"/>
        <Property Name="delivery_id" Type="Edm.Guid"/>
      </EntityType>
      <EntityType Name="shipmentEvent">
        <Key>
          <PropertyRef Name="id"/>
        </Key>
        <Property Name="id" Type="Edm.Guid" Nullable="false"/>
        <Property Name="subaccountId" Type="Edm.Guid"/>
        <Property Name="cloneInstanceId" Type="Edm.Guid"/>
        <Property Name="modelNamespace" Type="Edm.String" MaxLength="255"/>
        <Property Name="eventType" Type="Edm.String" MaxLength="255"/>
        <Property Name="eventReasonText" Type="Edm.String" MaxLength="255"/>
        <Property Name="eventReasonCode" Type="Edm.String" MaxLength="255"/>
        <Property Name="senderPartyId" Type="Edm.String" MaxLength="50"/>
        <Property Name="altKey" Type="Edm.String" MaxLength="255"/>
        <Property Name="scheme" Type="Edm.String" MaxLength="255"/>
        <Property Name="partyId" Type="Edm.String" MaxLength="50"/>
        <Property Name="logicalSystem" Type="Edm.String" MaxLength="10"/>
        <Property Name="trackingIdType" Type="Edm.String" MaxLength="40"/>
        <Property Name="trackingId" Type="Edm.String" MaxLength="50"/>
        <Property Name="actualTechnicalTimestamp" Type="Edm.DateTimeOffset"/>
        <Property Name="actualBusinessTimestamp" Type="Edm.DateTimeOffset"/>
        <Property Name="actualBusinessTimeZone" Type="Edm.String" MaxLength="50"/>
        <Property Name="locationAltKey" Type="Edm.String" MaxLength="255"/>
        <Property Name="eventMatchKey" Type="Edm.String" MaxLength="255"/>
        <Property Name="longitude" Type="Edm.Decimal" Scale="9" Precision="12"/>
        <Property Name="latitude" Type="Edm.Decimal" Scale="9" Precision="12"/>
        <NavigationProperty Name="references" Relationship="com.sap.gtt.app.shipment0326002.shipment0326002Service.shipmentEvent_references" FromRole="shipmentEvent" ToRole="Reference"/>
        <NavigationProperty Name="eventProcesses" Relationship="com.sap.gtt.app.shipment0326002.shipment0326002Service.shipmentEvent_eventProcesses" FromRole="shipmentEvent" ToRole="ProcessEventDirectory"/>
        <Property Name="messageSourceType" Type="Edm.String" MaxLength="50"/>
        <Property Name="createdByUser" Type="Edm.String" MaxLength="64"/>
        <Property Name="creationDateTime" Type="Edm.DateTimeOffset"/>
        <NavigationProperty Name="plannedEvents" Relationship="com.sap.gtt.app.shipment0326002.shipment0326002Service.shipmentEvent_plannedEvents" FromRole="shipmentEvent" ToRole="PlannedEventForEvent"/>
        <Property Name="shipmentId" Type="Edm.String" MaxLength="10" Nullable="false"/>
        <NavigationProperty Name="stages" Relationship="com.sap.gtt.app.shipment0326002.shipment0326002Service.shipmentEventStages_shipmentEvent" FromRole="shipmentEvent" ToRole="shipmentEventStages"/>
        <Property Name="deliveryAltKey" Type="Edm.String" MaxLength="255"/>
        <NavigationProperty Name="delivery" Relationship="com.sap.gtt.app.shipment0326002.shipment0326002Service.shipmentEvent_delivery" FromRole="shipmentEvent" ToRole="delivery"/>
        <Property Name="delivery_id" Type="Edm.Guid"/>
      </EntityType>
      <EntityType Name="shipmentEventStages">
        <Key>
          <PropertyRef Name="id"/>
        </Key>
        <Property Name="id" Type="Edm.String" MaxLength="10" Nullable="false"/>
        <Property Name="stagename" Type="Edm.String" MaxLength="50"/>
        <NavigationProperty Name="shipmentEvent" Relationship="com.sap.gtt.app.shipment0326002.shipment0326002Service.shipmentEventStages_shipmentEvent" FromRole="shipmentEventStages" ToRole="shipmentEvent"/>
        <Property Name="shipmentEvent_id" Type="Edm.Guid"/>
      </EntityType>
      <EntityType Name="shipmentStages">
        <Key>
          <PropertyRef Name="id"/>
        </Key>
        <Property Name="id" Type="Edm.String" MaxLength="10" Nullable="false"/>
        <Property Name="stagename" Type="Edm.String" MaxLength="50"/>
        <NavigationProperty Name="shipment" Relationship="com.sap.gtt.app.shipment0326002.shipment0326002Service.shipmentStages_shipment" FromRole="shipmentStages" ToRole="shipment"/>
        <Property Name="shipment_id" Type="Edm.Guid"/>
      </EntityType>
      <Association Name="CheckInEvent_references">
        <End Role="CheckInEvent" Type="com.sap.gtt.app.shipment0326002.shipment0326002Service.CheckInEvent" Multiplicity="*"/>
        <End Role="Reference" Type="com.sap.gtt.app.shipment0326002.shipment0326002Service.Reference" Multiplicity="*">
          <OnDelete Action="Cascade"/>
        </End>
        <ReferentialConstraint>
          <Principal Role="CheckInEvent">
            <PropertyRef Name="id"/>
          </Principal>
          <Dependent Role="Reference">
            <PropertyRef Name="event_id"/>
          </Dependent>
        </ReferentialConstraint>
      </Association>
      <Association Name="CheckInEvent_eventProcesses">
        <End Role="CheckInEvent" Type="com.sap.gtt.app.shipment0326002.shipment0326002Service.CheckInEvent" Multiplicity="*"/>
        <End Role="ProcessEventDirectory" Type="com.sap.gtt.app.shipment0326002.shipment0326002Service.ProcessEventDirectory" Multiplicity="*"/>
      </Association>
      <Association Name="Event_references">
        <End Role="Event" Type="com.sap.gtt.app.shipment0326002.shipment0326002Service.Event" Multiplicity="*"/>
        <End Role="Reference" Type="com.sap.gtt.app.shipment0326002.shipment0326002Service.Reference" Multiplicity="*">
          <OnDelete Action="Cascade"/>
        </End>
        <ReferentialConstraint>
          <Principal Role="Event">
            <PropertyRef Name="id"/>
          </Principal>
          <Dependent Role="Reference">
            <PropertyRef Name="event_id"/>
          </Dependent>
        </ReferentialConstraint>
      </Association>
      <Association Name="Event_eventProcesses">
        <End Role="Event" Type="com.sap.gtt.app.shipment0326002.shipment0326002Service.Event" Multiplicity="*"/>
        <End Role="ProcessEventDirectory" Type="com.sap.gtt.app.shipment0326002.shipment0326002Service.ProcessEventDirectory" Multiplicity="*"/>
      </Association>
      <Association Name="GTTDPPBlockingEvent_references">
        <End Role="GTTDPPBlockingEvent" Type="com.sap.gtt.app.shipment0326002.shipment0326002Service.GTTDPPBlockingEvent" Multiplicity="*"/>
        <End Role="Reference" Type="com.sap.gtt.app.shipment0326002.shipment0326002Service.Reference" Multiplicity="*">
          <OnDelete Action="Cascade"/>
        </End>
        <ReferentialConstraint>
          <Principal Role="GTTDPPBlockingEvent">
            <PropertyRef Name="id"/>
          </Principal>
          <Dependent Role="Reference">
            <PropertyRef Name="event_id"/>
          </Dependent>
        </ReferentialConstraint>
      </Association>
      <Association Name="GTTDPPBlockingEvent_eventProcesses">
        <End Role="GTTDPPBlockingEvent" Type="com.sap.gtt.app.shipment0326002.shipment0326002Service.GTTDPPBlockingEvent" Multiplicity="*"/>
        <End Role="ProcessEventDirectory" Type="com.sap.gtt.app.shipment0326002.shipment0326002Service.ProcessEventDirectory" Multiplicity="*"/>
      </Association>
      <Association Name="GTTDPPDeletionEvent_references">
        <End Role="GTTDPPDeletionEvent" Type="com.sap.gtt.app.shipment0326002.shipment0326002Service.GTTDPPDeletionEvent" Multiplicity="*"/>
        <End Role="Reference" Type="com.sap.gtt.app.shipment0326002.shipment0326002Service.Reference" Multiplicity="*">
          <OnDelete Action="Cascade"/>
        </End>
        <ReferentialConstraint>
          <Principal Role="GTTDPPDeletionEvent">
            <PropertyRef Name="id"/>
          </Principal>
          <Dependent Role="Reference">
            <PropertyRef Name="event_id"/>
          </Dependent>
        </ReferentialConstraint>
      </Association>
      <Association Name="GTTDPPDeletionEvent_eventProcesses">
        <End Role="GTTDPPDeletionEvent" Type="com.sap.gtt.app.shipment0326002.shipment0326002Service.GTTDPPDeletionEvent" Multiplicity="*"/>
        <End Role="ProcessEventDirectory" Type="com.sap.gtt.app.shipment0326002.shipment0326002Service.ProcessEventDirectory" Multiplicity="*"/>
      </Association>
      <Association Name="GTTDelayedEvent_references">
        <End Role="GTTDelayedEvent" Type="com.sap.gtt.app.shipment0326002.shipment0326002Service.GTTDelayedEvent" Multiplicity="*"/>
        <End Role="Reference" Type="com.sap.gtt.app.shipment0326002.shipment0326002Service.Reference" Multiplicity="*">
          <OnDelete Action="Cascade"/>
        </End>
        <ReferentialConstraint>
          <Principal Role="GTTDelayedEvent">
            <PropertyRef Name="id"/>
          </Principal>
          <Dependent Role="Reference">
            <PropertyRef Name="event_id"/>
          </Dependent>
        </ReferentialConstraint>
      </Association>
      <Association Name="GTTDelayedEvent_eventProcesses">
        <End Role="GTTDelayedEvent" Type="com.sap.gtt.app.shipment0326002.shipment0326002Service.GTTDelayedEvent" Multiplicity="*"/>
        <End Role="ProcessEventDirectory" Type="com.sap.gtt.app.shipment0326002.shipment0326002Service.ProcessEventDirectory" Multiplicity="*"/>
      </Association>
      <Association Name="GTTDeletionEvent_references">
        <End Role="GTTDeletionEvent" Type="com.sap.gtt.app.shipment0326002.shipment0326002Service.GTTDeletionEvent" Multiplicity="*"/>
        <End Role="Reference" Type="com.sap.gtt.app.shipment0326002.shipment0326002Service.Reference" Multiplicity="*">
          <OnDelete Action="Cascade"/>
        </End>
        <ReferentialConstraint>
          <Principal Role="GTTDeletionEvent">
            <PropertyRef Name="id"/>
          </Principal>
          <Dependent Role="Reference">
            <PropertyRef Name="event_id"/>
          </Dependent>
        </ReferentialConstraint>
      </Association>
      <Association Name="GTTDeletionEvent_eventProcesses">
        <End Role="GTTDeletionEvent" Type="com.sap.gtt.app.shipment0326002.shipment0326002Service.GTTDeletionEvent" Multiplicity="*"/>
        <End Role="ProcessEventDirectory" Type="com.sap.gtt.app.shipment0326002.shipment0326002Service.ProcessEventDirectory" Multiplicity="*"/>
      </Association>
      <Association Name="GTTOverdueEvent_references">
        <End Role="GTTOverdueEvent" Type="com.sap.gtt.app.shipment0326002.shipment0326002Service.GTTOverdueEvent" Multiplicity="*"/>
        <End Role="Reference" Type="com.sap.gtt.app.shipment0326002.shipment0326002Service.Reference" Multiplicity="*">
          <OnDelete Action="Cascade"/>
        </End>
        <ReferentialConstraint>
          <Principal Role="GTTOverdueEvent">
            <PropertyRef Name="id"/>
          </Principal>
          <Dependent Role="Reference">
            <PropertyRef Name="event_id"/>
          </Dependent>
        </ReferentialConstraint>
      </Association>
      <Association Name="GTTOverdueEvent_eventProcesses">
        <End Role="GTTOverdueEvent" Type="com.sap.gtt.app.shipment0326002.shipment0326002Service.GTTOverdueEvent" Multiplicity="*"/>
        <End Role="ProcessEventDirectory" Type="com.sap.gtt.app.shipment0326002.shipment0326002Service.ProcessEventDirectory" Multiplicity="*"/>
      </Association>
      <Association Name="GTTResetPlannedEventStatusEvent_references">
        <End Role="GTTResetPlannedEventStatusEvent" Type="com.sap.gtt.app.shipment0326002.shipment0326002Service.GTTResetPlannedEventStatusEvent" Multiplicity="*"/>
        <End Role="Reference" Type="com.sap.gtt.app.shipment0326002.shipment0326002Service.Reference" Multiplicity="*">
          <OnDelete Action="Cascade"/>
        </End>
        <ReferentialConstraint>
          <Principal Role="GTTResetPlannedEventStatusEvent">
            <PropertyRef Name="id"/>
          </Principal>
          <Dependent Role="Reference">
            <PropertyRef Name="event_id"/>
          </Dependent>
        </ReferentialConstraint>
      </Association>
      <Association Name="GTTResetPlannedEventStatusEvent_eventProcesses">
        <End Role="GTTResetPlannedEventStatusEvent" Type="com.sap.gtt.app.shipment0326002.shipment0326002Service.GTTResetPlannedEventStatusEvent" Multiplicity="*"/>
        <End Role="ProcessEventDirectory" Type="com.sap.gtt.app.shipment0326002.shipment0326002Service.ProcessEventDirectory" Multiplicity="*"/>
      </Association>
      <Association Name="PlannedEvent_process">
        <End Role="PlannedEvent" Type="com.sap.gtt.app.shipment0326002.shipment0326002Service.PlannedEvent" Multiplicity="*"/>
        <End Role="TrackedProcess" Type="com.sap.gtt.app.shipment0326002.shipment0326002Service.TrackedProcess" Multiplicity="0..1"/>
        <ReferentialConstraint>
          <Principal Role="TrackedProcess">
            <PropertyRef Name="id"/>
          </Principal>
          <Dependent Role="PlannedEvent">
            <PropertyRef Name="process_id"/>
          </Dependent>
        </ReferentialConstraint>
      </Association>
      <Association Name="PlannedEvent_lastProcessEventDirectory">
        <End Role="PlannedEvent" Type="com.sap.gtt.app.shipment0326002.shipment0326002Service.PlannedEvent" Multiplicity="*"/>
        <End Role="ProcessEventDirectory" Type="com.sap.gtt.app.shipment0326002.shipment0326002Service.ProcessEventDirectory" Multiplicity="0..1"/>
        <ReferentialConstraint>
          <Principal Role="ProcessEventDirectory">
            <PropertyRef Name="id"/>
          </Principal>
          <Dependent Role="PlannedEvent">
            <PropertyRef Name="lastProcessEventDirectory_id"/>
          </Dependent>
        </ReferentialConstraint>
      </Association>
      <Association Name="PlannedEventForEvent_event">
        <End Role="PlannedEventForEvent" Type="com.sap.gtt.app.shipment0326002.shipment0326002Service.PlannedEventForEvent" Multiplicity="*"/>
        <End Role="Event" Type="com.sap.gtt.app.shipment0326002.shipment0326002Service.Event" Multiplicity="0..1"/>
        <ReferentialConstraint>
          <Principal Role="Event">
            <PropertyRef Name="id"/>
          </Principal>
          <Dependent Role="PlannedEventForEvent">
            <PropertyRef Name="event_id"/>
          </Dependent>
        </ReferentialConstraint>
      </Association>
      <Association Name="ProcessEventDirectory_process">
        <End Role="ProcessEventDirectory" Type="com.sap.gtt.app.shipment0326002.shipment0326002Service.ProcessEventDirectory" Multiplicity="*"/>
        <End Role="TrackedProcess" Type="com.sap.gtt.app.shipment0326002.shipment0326002Service.TrackedProcess" Multiplicity="0..1"/>
        <ReferentialConstraint>
          <Principal Role="TrackedProcess">
            <PropertyRef Name="id"/>
          </Principal>
          <Dependent Role="ProcessEventDirectory">
            <PropertyRef Name="process_id"/>
          </Dependent>
        </ReferentialConstraint>
      </Association>
      <Association Name="ProcessEventDirectory_plannedEvent">
        <End Role="ProcessEventDirectory" Type="com.sap.gtt.app.shipment0326002.shipment0326002Service.ProcessEventDirectory" Multiplicity="*"/>
        <End Role="PlannedEvent" Type="com.sap.gtt.app.shipment0326002.shipment0326002Service.PlannedEvent" Multiplicity="0..1"/>
        <ReferentialConstraint>
          <Principal Role="PlannedEvent">
            <PropertyRef Name="id"/>
          </Principal>
          <Dependent Role="ProcessEventDirectory">
            <PropertyRef Name="plannedEvent_id"/>
          </Dependent>
        </ReferentialConstraint>
      </Association>
      <Association Name="ProcessEventDirectory_event">
        <End Role="ProcessEventDirectory" Type="com.sap.gtt.app.shipment0326002.shipment0326002Service.ProcessEventDirectory" Multiplicity="*"/>
        <End Role="Event" Type="com.sap.gtt.app.shipment0326002.shipment0326002Service.Event" Multiplicity="0..1"/>
        <ReferentialConstraint>
          <Principal Role="Event">
            <PropertyRef Name="id"/>
          </Principal>
          <Dependent Role="ProcessEventDirectory">
            <PropertyRef Name="event_id"/>
          </Dependent>
        </ReferentialConstraint>
      </Association>
      <Association Name="QualifiedTrackingId_process">
        <End Role="QualifiedTrackingId" Type="com.sap.gtt.app.shipment0326002.shipment0326002Service.QualifiedTrackingId" Multiplicity="*"/>
        <End Role="TrackedProcess" Type="com.sap.gtt.app.shipment0326002.shipment0326002Service.TrackedProcess" Multiplicity="0..1"/>
        <ReferentialConstraint>
          <Principal Role="TrackedProcess">
            <PropertyRef Name="id"/>
          </Principal>
          <Dependent Role="QualifiedTrackingId">
            <PropertyRef Name="process_id"/>
          </Dependent>
        </ReferentialConstraint>
      </Association>
      <Association Name="QualifiedTrackingId_observedProcess">
        <End Role="QualifiedTrackingId" Type="com.sap.gtt.app.shipment0326002.shipment0326002Service.QualifiedTrackingId" Multiplicity="*"/>
        <End Role="TrackedProcess" Type="com.sap.gtt.app.shipment0326002.shipment0326002Service.TrackedProcess" Multiplicity="0..1"/>
        <ReferentialConstraint>
          <Principal Role="TrackedProcess">
            <PropertyRef Name="id"/>
          </Principal>
          <Dependent Role="QualifiedTrackingId">
            <PropertyRef Name="observedProcess_id"/>
          </Dependent>
        </ReferentialConstraint>
      </Association>
      <Association Name="Reference_event">
        <End Role="Reference" Type="com.sap.gtt.app.shipment0326002.shipment0326002Service.Reference" Multiplicity="*"/>
        <End Role="Event" Type="com.sap.gtt.app.shipment0326002.shipment0326002Service.Event" Multiplicity="0..1"/>
        <ReferentialConstraint>
          <Principal Role="Event">
            <PropertyRef Name="id"/>
          </Principal>
          <Dependent Role="Reference">
            <PropertyRef Name="event_id"/>
          </Dependent>
        </ReferentialConstraint>
      </Association>
      <Association Name="TrackedProcess_trackingIds">
        <End Role="TrackedProcess" Type="com.sap.gtt.app.shipment0326002.shipment0326002Service.TrackedProcess" Multiplicity="*"/>
        <End Role="QualifiedTrackingId" Type="com.sap.gtt.app.shipment0326002.shipment0326002Service.QualifiedTrackingId" Multiplicity="*">
          <OnDelete Action="Cascade"/>
        </End>
        <ReferentialConstraint>
          <Principal Role="TrackedProcess">
            <PropertyRef Name="id"/>
          </Principal>
          <Dependent Role="QualifiedTrackingId">
            <PropertyRef Name="process_id"/>
          </Dependent>
        </ReferentialConstraint>
      </Association>
      <Association Name="TrackedProcess_plannedEvents">
        <End Role="TrackedProcess" Type="com.sap.gtt.app.shipment0326002.shipment0326002Service.TrackedProcess" Multiplicity="*"/>
        <End Role="PlannedEvent" Type="com.sap.gtt.app.shipment0326002.shipment0326002Service.PlannedEvent" Multiplicity="*">
          <OnDelete Action="Cascade"/>
        </End>
        <ReferentialConstraint>
          <Principal Role="TrackedProcess">
            <PropertyRef Name="id"/>
          </Principal>
          <Dependent Role="PlannedEvent">
            <PropertyRef Name="process_id"/>
          </Dependent>
        </ReferentialConstraint>
      </Association>
      <Association Name="TrackedProcess_processEvents">
        <End Role="TrackedProcess" Type="com.sap.gtt.app.shipment0326002.shipment0326002Service.TrackedProcess" Multiplicity="*"/>
        <End Role="ProcessEventDirectory" Type="com.sap.gtt.app.shipment0326002.shipment0326002Service.ProcessEventDirectory" Multiplicity="*">
          <OnDelete Action="Cascade"/>
        </End>
        <ReferentialConstraint>
          <Principal Role="TrackedProcess">
            <PropertyRef Name="id"/>
          </Principal>
          <Dependent Role="ProcessEventDirectory">
            <PropertyRef Name="process_id"/>
          </Dependent>
        </ReferentialConstraint>
      </Association>
      <Association Name="delivery_trackingIds">
        <End Role="delivery" Type="com.sap.gtt.app.shipment0326002.shipment0326002Service.delivery" Multiplicity="*"/>
        <End Role="QualifiedTrackingId" Type="com.sap.gtt.app.shipment0326002.shipment0326002Service.QualifiedTrackingId" Multiplicity="*">
          <OnDelete Action="Cascade"/>
        </End>
        <ReferentialConstraint>
          <Principal Role="delivery">
            <PropertyRef Name="id"/>
          </Principal>
          <Dependent Role="QualifiedTrackingId">
            <PropertyRef Name="process_id"/>
          </Dependent>
        </ReferentialConstraint>
      </Association>
      <Association Name="delivery_plannedEvents">
        <End Role="delivery" Type="com.sap.gtt.app.shipment0326002.shipment0326002Service.delivery" Multiplicity="*"/>
        <End Role="PlannedEvent" Type="com.sap.gtt.app.shipment0326002.shipment0326002Service.PlannedEvent" Multiplicity="*">
          <OnDelete Action="Cascade"/>
        </End>
        <ReferentialConstraint>
          <Principal Role="delivery">
            <PropertyRef Name="id"/>
          </Principal>
          <Dependent Role="PlannedEvent">
            <PropertyRef Name="process_id"/>
          </Dependent>
        </ReferentialConstraint>
      </Association>
      <Association Name="delivery_processEvents">
        <End Role="delivery" Type="com.sap.gtt.app.shipment0326002.shipment0326002Service.delivery" Multiplicity="*"/>
        <End Role="ProcessEventDirectory" Type="com.sap.gtt.app.shipment0326002.shipment0326002Service.ProcessEventDirectory" Multiplicity="*">
          <OnDelete Action="Cascade"/>
        </End>
        <ReferentialConstraint>
          <Principal Role="delivery">
            <PropertyRef Name="id"/>
          </Principal>
          <Dependent Role="ProcessEventDirectory">
            <PropertyRef Name="process_id"/>
          </Dependent>
        </ReferentialConstraint>
      </Association>
      <Association Name="deliveryEvent_references">
        <End Role="deliveryEvent" Type="com.sap.gtt.app.shipment0326002.shipment0326002Service.deliveryEvent" Multiplicity="*"/>
        <End Role="Reference" Type="com.sap.gtt.app.shipment0326002.shipment0326002Service.Reference" Multiplicity="*">
          <OnDelete Action="Cascade"/>
        </End>
        <ReferentialConstraint>
          <Principal Role="deliveryEvent">
            <PropertyRef Name="id"/>
          </Principal>
          <Dependent Role="Reference">
            <PropertyRef Name="event_id"/>
          </Dependent>
        </ReferentialConstraint>
      </Association>
      <Association Name="deliveryEvent_eventProcesses">
        <End Role="deliveryEvent" Type="com.sap.gtt.app.shipment0326002.shipment0326002Service.deliveryEvent" Multiplicity="*"/>
        <End Role="ProcessEventDirectory" Type="com.sap.gtt.app.shipment0326002.shipment0326002Service.ProcessEventDirectory" Multiplicity="*"/>
      </Association>
      <Association Name="deliveryEvent_plannedEvents">
        <End Role="deliveryEvent" Type="com.sap.gtt.app.shipment0326002.shipment0326002Service.deliveryEvent" Multiplicity="*"/>
        <End Role="PlannedEventForEvent" Type="com.sap.gtt.app.shipment0326002.shipment0326002Service.PlannedEventForEvent" Multiplicity="*">
          <OnDelete Action="Cascade"/>
        </End>
        <ReferentialConstraint>
          <Principal Role="deliveryEvent">
            <PropertyRef Name="id"/>
          </Principal>
          <Dependent Role="PlannedEventForEvent">
            <PropertyRef Name="event_id"/>
          </Dependent>
        </ReferentialConstraint>
      </Association>
      <Association Name="shipment_trackingIds">
        <End Role="shipment" Type="com.sap.gtt.app.shipment0326002.shipment0326002Service.shipment" Multiplicity="*"/>
        <End Role="QualifiedTrackingId" Type="com.sap.gtt.app.shipment0326002.shipment0326002Service.QualifiedTrackingId" Multiplicity="*">
          <OnDelete Action="Cascade"/>
        </End>
        <ReferentialConstraint>
          <Principal Role="shipment">
            <PropertyRef Name="id"/>
          </Principal>
          <Dependent Role="QualifiedTrackingId">
            <PropertyRef Name="process_id"/>
          </Dependent>
        </ReferentialConstraint>
      </Association>
      <Association Name="shipment_plannedEvents">
        <End Role="shipment" Type="com.sap.gtt.app.shipment0326002.shipment0326002Service.shipment" Multiplicity="*"/>
        <End Role="PlannedEvent" Type="com.sap.gtt.app.shipment0326002.shipment0326002Service.PlannedEvent" Multiplicity="*">
          <OnDelete Action="Cascade"/>
        </End>
        <ReferentialConstraint>
          <Principal Role="shipment">
            <PropertyRef Name="id"/>
          </Principal>
          <Dependent Role="PlannedEvent">
            <PropertyRef Name="process_id"/>
          </Dependent>
        </ReferentialConstraint>
      </Association>
      <Association Name="shipment_processEvents">
        <End Role="shipment" Type="com.sap.gtt.app.shipment0326002.shipment0326002Service.shipment" Multiplicity="*"/>
        <End Role="ProcessEventDirectory" Type="com.sap.gtt.app.shipment0326002.shipment0326002Service.ProcessEventDirectory" Multiplicity="*">
          <OnDelete Action="Cascade"/>
        </End>
        <ReferentialConstraint>
          <Principal Role="shipment">
            <PropertyRef Name="id"/>
          </Principal>
          <Dependent Role="ProcessEventDirectory">
            <PropertyRef Name="process_id"/>
          </Dependent>
        </ReferentialConstraint>
      </Association>
      <Association Name="shipment_delivery">
        <End Role="shipment" Type="com.sap.gtt.app.shipment0326002.shipment0326002Service.shipment" Multiplicity="*"/>
        <End Role="delivery" Type="com.sap.gtt.app.shipment0326002.shipment0326002Service.delivery" Multiplicity="0..1"/>
        <ReferentialConstraint>
          <Principal Role="delivery">
            <PropertyRef Name="id"/>
          </Principal>
          <Dependent Role="shipment">
            <PropertyRef Name="delivery_id"/>
          </Dependent>
        </ReferentialConstraint>
      </Association>
      <Association Name="shipmentEvent_references">
        <End Role="shipmentEvent" Type="com.sap.gtt.app.shipment0326002.shipment0326002Service.shipmentEvent" Multiplicity="*"/>
        <End Role="Reference" Type="com.sap.gtt.app.shipment0326002.shipment0326002Service.Reference" Multiplicity="*">
          <OnDelete Action="Cascade"/>
        </End>
        <ReferentialConstraint>
          <Principal Role="shipmentEvent">
            <PropertyRef Name="id"/>
          </Principal>
          <Dependent Role="Reference">
            <PropertyRef Name="event_id"/>
          </Dependent>
        </ReferentialConstraint>
      </Association>
      <Association Name="shipmentEvent_eventProcesses">
        <End Role="shipmentEvent" Type="com.sap.gtt.app.shipment0326002.shipment0326002Service.shipmentEvent" Multiplicity="*"/>
        <End Role="ProcessEventDirectory" Type="com.sap.gtt.app.shipment0326002.shipment0326002Service.ProcessEventDirectory" Multiplicity="*"/>
      </Association>
      <Association Name="shipmentEvent_plannedEvents">
        <End Role="shipmentEvent" Type="com.sap.gtt.app.shipment0326002.shipment0326002Service.shipmentEvent" Multiplicity="*"/>
        <End Role="PlannedEventForEvent" Type="com.sap.gtt.app.shipment0326002.shipment0326002Service.PlannedEventForEvent" Multiplicity="*">
          <OnDelete Action="Cascade"/>
        </End>
        <ReferentialConstraint>
          <Principal Role="shipmentEvent">
            <PropertyRef Name="id"/>
          </Principal>
          <Dependent Role="PlannedEventForEvent">
            <PropertyRef Name="event_id"/>
          </Dependent>
        </ReferentialConstraint>
      </Association>
      <Association Name="shipmentEvent_delivery">
        <End Role="shipmentEvent" Type="com.sap.gtt.app.shipment0326002.shipment0326002Service.shipmentEvent" Multiplicity="*"/>
        <End Role="delivery" Type="com.sap.gtt.app.shipment0326002.shipment0326002Service.delivery" Multiplicity="0..1"/>
        <ReferentialConstraint>
          <Principal Role="delivery">
            <PropertyRef Name="id"/>
          </Principal>
          <Dependent Role="shipmentEvent">
            <PropertyRef Name="delivery_id"/>
          </Dependent>
        </ReferentialConstraint>
      </Association>
      <Association Name="shipmentEventStages_shipmentEvent">
        <End Role="shipmentEventStages" Type="com.sap.gtt.app.shipment0326002.shipment0326002Service.shipmentEventStages" Multiplicity="*">
          <OnDelete Action="Cascade"/>
        </End>
        <End Role="shipmentEvent" Type="com.sap.gtt.app.shipment0326002.shipment0326002Service.shipmentEvent" Multiplicity="0..1"/>
        <ReferentialConstraint>
          <Principal Role="shipmentEvent">
            <PropertyRef Name="id"/>
          </Principal>
          <Dependent Role="shipmentEventStages">
            <PropertyRef Name="shipmentEvent_id"/>
          </Dependent>
        </ReferentialConstraint>
      </Association>
      <Association Name="shipmentStages_shipment">
        <End Role="shipmentStages" Type="com.sap.gtt.app.shipment0326002.shipment0326002Service.shipmentStages" Multiplicity="*">
          <OnDelete Action="Cascade"/>
        </End>
        <End Role="shipment" Type="com.sap.gtt.app.shipment0326002.shipment0326002Service.shipment" Multiplicity="0..1"/>
        <ReferentialConstraint>
          <Principal Role="shipment">
            <PropertyRef Name="id"/>
          </Principal>
          <Dependent Role="shipmentStages">
            <PropertyRef Name="shipment_id"/>
          </Dependent>
        </ReferentialConstraint>
      </Association>
    </Schema>
  </edmx:DataServices>
</edmx:Edmx>