<?xml version="1.0" encoding="utf-8"?>
<edmx:Edmx Version="1.0" xmlns:edmx="http://schemas.microsoft.com/ado/2007/06/edmx" xmlns:m="http://schemas.microsoft.com/ado/2007/08/dataservices/metadata" xmlns:sap="http://www.sap.com/Protocols/SAPData">
  <edmx:DataServices m:DataServiceVersion="2.0">
    <Schema Namespace="com.sap.gtt.tst.tfoService" xmlns="http://schemas.microsoft.com/ado/2008/09/edm">
      <EntityContainer Name="EntityContainer" m:IsDefaultEntityContainer="true">
        <EntitySet Name="Action" EntityType="com.sap.gtt.tst.tfoService.Action"/>
        <EntitySet Name="Action_texts" EntityType="com.sap.gtt.tst.tfoService.Action_texts"/>
        <EntitySet Name="CorrelationType" EntityType="com.sap.gtt.tst.tfoService.CorrelationType"/>
        <EntitySet Name="CorrelationType_texts" EntityType="com.sap.gtt.tst.tfoService.CorrelationType_texts"/>
        <EntitySet Name="DelayedEvent" EntityType="com.sap.gtt.tst.tfoService.DelayedEvent"/>
        <EntitySet Name="Event" EntityType="com.sap.gtt.tst.tfoService.Event"/>
        <EntitySet Name="EventStatus" EntityType="com.sap.gtt.tst.tfoService.EventStatus"/>
        <EntitySet Name="EventStatus_texts" EntityType="com.sap.gtt.tst.tfoService.EventStatus_texts"/>
        <EntitySet Name="FreightOrder" EntityType="com.sap.gtt.tst.tfoService.FreightOrder"/>
        <EntitySet Name="FreightOrderEvent" EntityType="com.sap.gtt.tst.tfoService.FreightOrderEvent"/>
        <EntitySet Name="FreightOrderEventStops" EntityType="com.sap.gtt.tst.tfoService.FreightOrderEventStops"/>
        <EntitySet Name="FreightOrderStops" EntityType="com.sap.gtt.tst.tfoService.FreightOrderStops"/>
        <EntitySet Name="GTTDPPBlockingEvent" EntityType="com.sap.gtt.tst.tfoService.GTTDPPBlockingEvent"/>
        <EntitySet Name="GTTDPPDeletionEvent" EntityType="com.sap.gtt.tst.tfoService.GTTDPPDeletionEvent"/>
        <EntitySet Name="GTTDelayedEvent" EntityType="com.sap.gtt.tst.tfoService.GTTDelayedEvent"/>
        <EntitySet Name="GTTDeletionEvent" EntityType="com.sap.gtt.tst.tfoService.GTTDeletionEvent"/>
        <EntitySet Name="GTTOverdueEvent" EntityType="com.sap.gtt.tst.tfoService.GTTOverdueEvent"/>
        <EntitySet Name="GTTResetPlannedEventStatusEvent" EntityType="com.sap.gtt.tst.tfoService.GTTResetPlannedEventStatusEvent"/>
        <EntitySet Name="LifeCycleStatus" EntityType="com.sap.gtt.tst.tfoService.LifeCycleStatus"/>
        <EntitySet Name="LifeCycleStatus_texts" EntityType="com.sap.gtt.tst.tfoService.LifeCycleStatus_texts"/>
        <EntitySet Name="OrderStatus" EntityType="com.sap.gtt.tst.tfoService.OrderStatus"/>
        <EntitySet Name="OrderStatus_texts" EntityType="com.sap.gtt.tst.tfoService.OrderStatus_texts"/>
        <EntitySet Name="PlannedEvent" EntityType="com.sap.gtt.tst.tfoService.PlannedEvent"/>
        <EntitySet Name="PlannedEventForEvent" EntityType="com.sap.gtt.tst.tfoService.PlannedEventForEvent"/>
        <EntitySet Name="ProcessEventDirectory" EntityType="com.sap.gtt.tst.tfoService.ProcessEventDirectory"/>
        <EntitySet Name="ProcessStatus" EntityType="com.sap.gtt.tst.tfoService.ProcessStatus"/>
        <EntitySet Name="ProcessStatus_texts" EntityType="com.sap.gtt.tst.tfoService.ProcessStatus_texts"/>
        <EntitySet Name="QualifiedTrackingId" EntityType="com.sap.gtt.tst.tfoService.QualifiedTrackingId"/>
        <EntitySet Name="Reference" EntityType="com.sap.gtt.tst.tfoService.Reference"/>
        <EntitySet Name="ReferenceType" EntityType="com.sap.gtt.tst.tfoService.ReferenceType"/>
        <EntitySet Name="ReferenceType_texts" EntityType="com.sap.gtt.tst.tfoService.ReferenceType_texts"/>
        <EntitySet Name="TrackedProcess" EntityType="com.sap.gtt.tst.tfoService.TrackedProcess"/>
        <AssociationSet Name="Action_texts" Association="com.sap.gtt.tst.tfoService.Action_texts">
          <End Role="Action" EntitySet="Action"/>
          <End Role="Action_texts" EntitySet="Action_texts"/>
        </AssociationSet>
        <AssociationSet Name="Action_localized" Association="com.sap.gtt.tst.tfoService.Action_localized">
          <End Role="Action" EntitySet="Action"/>
          <End Role="Action_texts" EntitySet="Action_texts"/>
        </AssociationSet>
        <AssociationSet Name="CorrelationType_texts" Association="com.sap.gtt.tst.tfoService.CorrelationType_texts">
          <End Role="CorrelationType" EntitySet="CorrelationType"/>
          <End Role="CorrelationType_texts" EntitySet="CorrelationType_texts"/>
        </AssociationSet>
        <AssociationSet Name="CorrelationType_localized" Association="com.sap.gtt.tst.tfoService.CorrelationType_localized">
          <End Role="CorrelationType" EntitySet="CorrelationType"/>
          <End Role="CorrelationType_texts" EntitySet="CorrelationType_texts"/>
        </AssociationSet>
        <AssociationSet Name="DelayedEvent_references" Association="com.sap.gtt.tst.tfoService.DelayedEvent_references">
          <End Role="DelayedEvent" EntitySet="DelayedEvent"/>
          <End Role="Reference" EntitySet="Reference"/>
        </AssociationSet>
        <AssociationSet Name="DelayedEvent_eventProcesses" Association="com.sap.gtt.tst.tfoService.DelayedEvent_eventProcesses">
          <End Role="DelayedEvent" EntitySet="DelayedEvent"/>
          <End Role="ProcessEventDirectory" EntitySet="ProcessEventDirectory"/>
        </AssociationSet>
        <AssociationSet Name="Event_references" Association="com.sap.gtt.tst.tfoService.Event_references">
          <End Role="Event" EntitySet="Event"/>
          <End Role="Reference" EntitySet="Reference"/>
        </AssociationSet>
        <AssociationSet Name="Event_eventProcesses" Association="com.sap.gtt.tst.tfoService.Event_eventProcesses">
          <End Role="Event" EntitySet="Event"/>
          <End Role="ProcessEventDirectory" EntitySet="ProcessEventDirectory"/>
        </AssociationSet>
        <AssociationSet Name="EventStatus_texts" Association="com.sap.gtt.tst.tfoService.EventStatus_texts">
          <End Role="EventStatus" EntitySet="EventStatus"/>
          <End Role="EventStatus_texts" EntitySet="EventStatus_texts"/>
        </AssociationSet>
        <AssociationSet Name="EventStatus_localized" Association="com.sap.gtt.tst.tfoService.EventStatus_localized">
          <End Role="EventStatus" EntitySet="EventStatus"/>
          <End Role="EventStatus_texts" EntitySet="EventStatus_texts"/>
        </AssociationSet>
        <AssociationSet Name="FreightOrder_processStatus" Association="com.sap.gtt.tst.tfoService.FreightOrder_processStatus">
          <End Role="FreightOrder" EntitySet="FreightOrder"/>
          <End Role="ProcessStatus" EntitySet="ProcessStatus"/>
        </AssociationSet>
        <AssociationSet Name="FreightOrder_trackingIds" Association="com.sap.gtt.tst.tfoService.FreightOrder_trackingIds">
          <End Role="FreightOrder" EntitySet="FreightOrder"/>
          <End Role="QualifiedTrackingId" EntitySet="QualifiedTrackingId"/>
        </AssociationSet>
        <AssociationSet Name="FreightOrder_plannedEvents" Association="com.sap.gtt.tst.tfoService.FreightOrder_plannedEvents">
          <End Role="FreightOrder" EntitySet="FreightOrder"/>
          <End Role="PlannedEvent" EntitySet="PlannedEvent"/>
        </AssociationSet>
        <AssociationSet Name="FreightOrder_processEvents" Association="com.sap.gtt.tst.tfoService.FreightOrder_processEvents">
          <End Role="FreightOrder" EntitySet="FreightOrder"/>
          <End Role="ProcessEventDirectory" EntitySet="ProcessEventDirectory"/>
        </AssociationSet>
        <AssociationSet Name="FreightOrder_lifeCycleStatus" Association="com.sap.gtt.tst.tfoService.FreightOrder_lifeCycleStatus">
          <End Role="FreightOrder" EntitySet="FreightOrder"/>
          <End Role="LifeCycleStatus" EntitySet="LifeCycleStatus"/>
        </AssociationSet>
        <AssociationSet Name="FreightOrderEvent_references" Association="com.sap.gtt.tst.tfoService.FreightOrderEvent_references">
          <End Role="FreightOrderEvent" EntitySet="FreightOrderEvent"/>
          <End Role="Reference" EntitySet="Reference"/>
        </AssociationSet>
        <AssociationSet Name="FreightOrderEvent_eventProcesses" Association="com.sap.gtt.tst.tfoService.FreightOrderEvent_eventProcesses">
          <End Role="FreightOrderEvent" EntitySet="FreightOrderEvent"/>
          <End Role="ProcessEventDirectory" EntitySet="ProcessEventDirectory"/>
        </AssociationSet>
        <AssociationSet Name="FreightOrderEvent_plannedEvents" Association="com.sap.gtt.tst.tfoService.FreightOrderEvent_plannedEvents">
          <End Role="FreightOrderEvent" EntitySet="FreightOrderEvent"/>
          <End Role="PlannedEventForEvent" EntitySet="PlannedEventForEvent"/>
        </AssociationSet>
        <AssociationSet Name="FreightOrderEventStops_freightOrderEvent" Association="com.sap.gtt.tst.tfoService.FreightOrderEventStops_freightOrderEvent">
          <End Role="FreightOrderEventStops" EntitySet="FreightOrderEventStops"/>
          <End Role="FreightOrderEvent" EntitySet="FreightOrderEvent"/>
        </AssociationSet>
        <AssociationSet Name="FreightOrderStops_freightOrder" Association="com.sap.gtt.tst.tfoService.FreightOrderStops_freightOrder">
          <End Role="FreightOrderStops" EntitySet="FreightOrderStops"/>
          <End Role="FreightOrder" EntitySet="FreightOrder"/>
        </AssociationSet>
        <AssociationSet Name="GTTDPPBlockingEvent_references" Association="com.sap.gtt.tst.tfoService.GTTDPPBlockingEvent_references">
          <End Role="GTTDPPBlockingEvent" EntitySet="GTTDPPBlockingEvent"/>
          <End Role="Reference" EntitySet="Reference"/>
        </AssociationSet>
        <AssociationSet Name="GTTDPPBlockingEvent_eventProcesses" Association="com.sap.gtt.tst.tfoService.GTTDPPBlockingEvent_eventProcesses">
          <End Role="GTTDPPBlockingEvent" EntitySet="GTTDPPBlockingEvent"/>
          <End Role="ProcessEventDirectory" EntitySet="ProcessEventDirectory"/>
        </AssociationSet>
        <AssociationSet Name="GTTDPPDeletionEvent_references" Association="com.sap.gtt.tst.tfoService.GTTDPPDeletionEvent_references">
          <End Role="GTTDPPDeletionEvent" EntitySet="GTTDPPDeletionEvent"/>
          <End Role="Reference" EntitySet="Reference"/>
        </AssociationSet>
        <AssociationSet Name="GTTDPPDeletionEvent_eventProcesses" Association="com.sap.gtt.tst.tfoService.GTTDPPDeletionEvent_eventProcesses">
          <End Role="GTTDPPDeletionEvent" EntitySet="GTTDPPDeletionEvent"/>
          <End Role="ProcessEventDirectory" EntitySet="ProcessEventDirectory"/>
        </AssociationSet>
        <AssociationSet Name="GTTDelayedEvent_references" Association="com.sap.gtt.tst.tfoService.GTTDelayedEvent_references">
          <End Role="GTTDelayedEvent" EntitySet="GTTDelayedEvent"/>
          <End Role="Reference" EntitySet="Reference"/>
        </AssociationSet>
        <AssociationSet Name="GTTDelayedEvent_eventProcesses" Association="com.sap.gtt.tst.tfoService.GTTDelayedEvent_eventProcesses">
          <End Role="GTTDelayedEvent" EntitySet="GTTDelayedEvent"/>
          <End Role="ProcessEventDirectory" EntitySet="ProcessEventDirectory"/>
        </AssociationSet>
        <AssociationSet Name="GTTDeletionEvent_references" Association="com.sap.gtt.tst.tfoService.GTTDeletionEvent_references">
          <End Role="GTTDeletionEvent" EntitySet="GTTDeletionEvent"/>
          <End Role="Reference" EntitySet="Reference"/>
        </AssociationSet>
        <AssociationSet Name="GTTDeletionEvent_eventProcesses" Association="com.sap.gtt.tst.tfoService.GTTDeletionEvent_eventProcesses">
          <End Role="GTTDeletionEvent" EntitySet="GTTDeletionEvent"/>
          <End Role="ProcessEventDirectory" EntitySet="ProcessEventDirectory"/>
        </AssociationSet>
        <AssociationSet Name="GTTOverdueEvent_references" Association="com.sap.gtt.tst.tfoService.GTTOverdueEvent_references">
          <End Role="GTTOverdueEvent" EntitySet="GTTOverdueEvent"/>
          <End Role="Reference" EntitySet="Reference"/>
        </AssociationSet>
        <AssociationSet Name="GTTOverdueEvent_eventProcesses" Association="com.sap.gtt.tst.tfoService.GTTOverdueEvent_eventProcesses">
          <End Role="GTTOverdueEvent" EntitySet="GTTOverdueEvent"/>
          <End Role="ProcessEventDirectory" EntitySet="ProcessEventDirectory"/>
        </AssociationSet>
        <AssociationSet Name="GTTResetPlannedEventStatusEvent_references" Association="com.sap.gtt.tst.tfoService.GTTResetPlannedEventStatusEvent_references">
          <End Role="GTTResetPlannedEventStatusEvent" EntitySet="GTTResetPlannedEventStatusEvent"/>
          <End Role="Reference" EntitySet="Reference"/>
        </AssociationSet>
        <AssociationSet Name="GTTResetPlannedEventStatusEvent_eventProcesses" Association="com.sap.gtt.tst.tfoService.GTTResetPlannedEventStatusEvent_eventProcesses">
          <End Role="GTTResetPlannedEventStatusEvent" EntitySet="GTTResetPlannedEventStatusEvent"/>
          <End Role="ProcessEventDirectory" EntitySet="ProcessEventDirectory"/>
        </AssociationSet>
        <AssociationSet Name="LifeCycleStatus_texts" Association="com.sap.gtt.tst.tfoService.LifeCycleStatus_texts">
          <End Role="LifeCycleStatus" EntitySet="LifeCycleStatus"/>
          <End Role="LifeCycleStatus_texts" EntitySet="LifeCycleStatus_texts"/>
        </AssociationSet>
        <AssociationSet Name="LifeCycleStatus_localized" Association="com.sap.gtt.tst.tfoService.LifeCycleStatus_localized">
          <End Role="LifeCycleStatus" EntitySet="LifeCycleStatus"/>
          <End Role="LifeCycleStatus_texts" EntitySet="LifeCycleStatus_texts"/>
        </AssociationSet>
        <AssociationSet Name="OrderStatus_texts" Association="com.sap.gtt.tst.tfoService.OrderStatus_texts">
          <End Role="OrderStatus" EntitySet="OrderStatus"/>
          <End Role="OrderStatus_texts" EntitySet="OrderStatus_texts"/>
        </AssociationSet>
        <AssociationSet Name="OrderStatus_localized" Association="com.sap.gtt.tst.tfoService.OrderStatus_localized">
          <End Role="OrderStatus" EntitySet="OrderStatus"/>
          <End Role="OrderStatus_texts" EntitySet="OrderStatus_texts"/>
        </AssociationSet>
        <AssociationSet Name="PlannedEvent_process" Association="com.sap.gtt.tst.tfoService.PlannedEvent_process">
          <End Role="PlannedEvent" EntitySet="PlannedEvent"/>
          <End Role="TrackedProcess" EntitySet="TrackedProcess"/>
        </AssociationSet>
        <AssociationSet Name="PlannedEvent_eventStatus" Association="com.sap.gtt.tst.tfoService.PlannedEvent_eventStatus">
          <End Role="PlannedEvent" EntitySet="PlannedEvent"/>
          <End Role="EventStatus" EntitySet="EventStatus"/>
        </AssociationSet>
        <AssociationSet Name="PlannedEvent_lastProcessEventDirectory" Association="com.sap.gtt.tst.tfoService.PlannedEvent_lastProcessEventDirectory">
          <End Role="PlannedEvent" EntitySet="PlannedEvent"/>
          <End Role="ProcessEventDirectory" EntitySet="ProcessEventDirectory"/>
        </AssociationSet>
        <AssociationSet Name="PlannedEventForEvent_event" Association="com.sap.gtt.tst.tfoService.PlannedEventForEvent_event">
          <End Role="PlannedEventForEvent" EntitySet="PlannedEventForEvent"/>
          <End Role="Event" EntitySet="Event"/>
        </AssociationSet>
        <AssociationSet Name="ProcessEventDirectory_process" Association="com.sap.gtt.tst.tfoService.ProcessEventDirectory_process">
          <End Role="ProcessEventDirectory" EntitySet="ProcessEventDirectory"/>
          <End Role="TrackedProcess" EntitySet="TrackedProcess"/>
        </AssociationSet>
        <AssociationSet Name="ProcessEventDirectory_plannedEvent" Association="com.sap.gtt.tst.tfoService.ProcessEventDirectory_plannedEvent">
          <End Role="ProcessEventDirectory" EntitySet="ProcessEventDirectory"/>
          <End Role="PlannedEvent" EntitySet="PlannedEvent"/>
        </AssociationSet>
        <AssociationSet Name="ProcessEventDirectory_event" Association="com.sap.gtt.tst.tfoService.ProcessEventDirectory_event">
          <End Role="ProcessEventDirectory" EntitySet="ProcessEventDirectory"/>
          <End Role="Event" EntitySet="Event"/>
        </AssociationSet>
        <AssociationSet Name="ProcessEventDirectory_correlationType" Association="com.sap.gtt.tst.tfoService.ProcessEventDirectory_correlationType">
          <End Role="ProcessEventDirectory" EntitySet="ProcessEventDirectory"/>
          <End Role="CorrelationType" EntitySet="CorrelationType"/>
        </AssociationSet>
        <AssociationSet Name="ProcessStatus_texts" Association="com.sap.gtt.tst.tfoService.ProcessStatus_texts">
          <End Role="ProcessStatus" EntitySet="ProcessStatus"/>
          <End Role="ProcessStatus_texts" EntitySet="ProcessStatus_texts"/>
        </AssociationSet>
        <AssociationSet Name="ProcessStatus_localized" Association="com.sap.gtt.tst.tfoService.ProcessStatus_localized">
          <End Role="ProcessStatus" EntitySet="ProcessStatus"/>
          <End Role="ProcessStatus_texts" EntitySet="ProcessStatus_texts"/>
        </AssociationSet>
        <AssociationSet Name="QualifiedTrackingId_process" Association="com.sap.gtt.tst.tfoService.QualifiedTrackingId_process">
          <End Role="QualifiedTrackingId" EntitySet="QualifiedTrackingId"/>
          <End Role="TrackedProcess" EntitySet="TrackedProcess"/>
        </AssociationSet>
        <AssociationSet Name="QualifiedTrackingId_observedProcess" Association="com.sap.gtt.tst.tfoService.QualifiedTrackingId_observedProcess">
          <End Role="QualifiedTrackingId" EntitySet="QualifiedTrackingId"/>
          <End Role="TrackedProcess" EntitySet="TrackedProcess"/>
        </AssociationSet>
        <AssociationSet Name="Reference_event" Association="com.sap.gtt.tst.tfoService.Reference_event">
          <End Role="Reference" EntitySet="Reference"/>
          <End Role="Event" EntitySet="Event"/>
        </AssociationSet>
        <AssociationSet Name="Reference_referenceType" Association="com.sap.gtt.tst.tfoService.Reference_referenceType">
          <End Role="Reference" EntitySet="Reference"/>
          <End Role="ReferenceType" EntitySet="ReferenceType"/>
        </AssociationSet>
        <AssociationSet Name="Reference_action" Association="com.sap.gtt.tst.tfoService.Reference_action">
          <End Role="Reference" EntitySet="Reference"/>
          <End Role="Action" EntitySet="Action"/>
        </AssociationSet>
        <AssociationSet Name="ReferenceType_texts" Association="com.sap.gtt.tst.tfoService.ReferenceType_texts">
          <End Role="ReferenceType" EntitySet="ReferenceType"/>
          <End Role="ReferenceType_texts" EntitySet="ReferenceType_texts"/>
        </AssociationSet>
        <AssociationSet Name="ReferenceType_localized" Association="com.sap.gtt.tst.tfoService.ReferenceType_localized">
          <End Role="ReferenceType" EntitySet="ReferenceType"/>
          <End Role="ReferenceType_texts" EntitySet="ReferenceType_texts"/>
        </AssociationSet>
        <AssociationSet Name="TrackedProcess_processStatus" Association="com.sap.gtt.tst.tfoService.TrackedProcess_processStatus">
          <End Role="TrackedProcess" EntitySet="TrackedProcess"/>
          <End Role="ProcessStatus" EntitySet="ProcessStatus"/>
        </AssociationSet>
        <AssociationSet Name="TrackedProcess_trackingIds" Association="com.sap.gtt.tst.tfoService.TrackedProcess_trackingIds">
          <End Role="TrackedProcess" EntitySet="TrackedProcess"/>
          <End Role="QualifiedTrackingId" EntitySet="QualifiedTrackingId"/>
        </AssociationSet>
        <AssociationSet Name="TrackedProcess_plannedEvents" Association="com.sap.gtt.tst.tfoService.TrackedProcess_plannedEvents">
          <End Role="TrackedProcess" EntitySet="TrackedProcess"/>
          <End Role="PlannedEvent" EntitySet="PlannedEvent"/>
        </AssociationSet>
        <AssociationSet Name="TrackedProcess_processEvents" Association="com.sap.gtt.tst.tfoService.TrackedProcess_processEvents">
          <End Role="TrackedProcess" EntitySet="TrackedProcess"/>
          <End Role="ProcessEventDirectory" EntitySet="ProcessEventDirectory"/>
        </AssociationSet>
        <AssociationSet Name="TrackedProcess_lifeCycleStatus" Association="com.sap.gtt.tst.tfoService.TrackedProcess_lifeCycleStatus">
          <End Role="TrackedProcess" EntitySet="TrackedProcess"/>
          <End Role="LifeCycleStatus" EntitySet="LifeCycleStatus"/>
        </AssociationSet>
      </EntityContainer>
      <EntityType Name="Action">
        <Key>
          <PropertyRef Name="code"/>
        </Key>
        <Property Name="code" Type="Edm.String" MaxLength="50" Nullable="false"/>
        <Property Name="name" Type="Edm.String" MaxLength="255"/>
        <NavigationProperty Name="texts" Relationship="com.sap.gtt.tst.tfoService.Action_texts" FromRole="Action" ToRole="Action_texts"/>
        <NavigationProperty Name="localized" Relationship="com.sap.gtt.tst.tfoService.Action_localized" FromRole="Action" ToRole="Action_texts"/>
      </EntityType>
      <EntityType Name="Action_texts">
        <Key>
          <PropertyRef Name="locale"/>
          <PropertyRef Name="code"/>
        </Key>
        <Property Name="locale" Type="Edm.String" MaxLength="5" Nullable="false"/>
        <Property Name="code" Type="Edm.String" MaxLength="50" Nullable="false"/>
        <Property Name="name" Type="Edm.String" MaxLength="255"/>
      </EntityType>
      <EntityType Name="CorrelationType">
        <Key>
          <PropertyRef Name="code"/>
        </Key>
        <Property Name="code" Type="Edm.String" MaxLength="50" Nullable="false"/>
        <Property Name="name" Type="Edm.String" MaxLength="255"/>
        <NavigationProperty Name="texts" Relationship="com.sap.gtt.tst.tfoService.CorrelationType_texts" FromRole="CorrelationType" ToRole="CorrelationType_texts"/>
        <NavigationProperty Name="localized" Relationship="com.sap.gtt.tst.tfoService.CorrelationType_localized" FromRole="CorrelationType" ToRole="CorrelationType_texts"/>
      </EntityType>
      <EntityType Name="CorrelationType_texts">
        <Key>
          <PropertyRef Name="locale"/>
          <PropertyRef Name="code"/>
        </Key>
        <Property Name="locale" Type="Edm.String" MaxLength="5" Nullable="false"/>
        <Property Name="code" Type="Edm.String" MaxLength="50" Nullable="false"/>
        <Property Name="name" Type="Edm.String" MaxLength="255"/>
      </EntityType>
      <EntityType Name="DelayedEvent">
        <Key>
          <PropertyRef Name="id"/>
          <PropertyRef Name="eventId"/>
        </Key>
        <Property Name="id" Type="Edm.Guid" Nullable="false"/>
        <Property Name="subaccountId" Type="Edm.Guid"/>
        <Property Name="cloneInstanceId" Type="Edm.Guid"/>
        <Property Name="modelNamespace" Type="Edm.String" MaxLength="255"/>
        <Property Name="eventType" Type="Edm.String" MaxLength="255"/>
        <Property Name="eventReasonText" Type="Edm.String" MaxLength="255"/>
        <Property Name="eventReasonCode" Type="Edm.String" MaxLength="255"/>
        <Property Name="senderPartyId" Type="Edm.String" MaxLength="50"/>
        <Property Name="reportedBy" Type="Edm.String" MaxLength="255"/>
        <Property Name="altKey" Type="Edm.String" MaxLength="255"/>
        <Property Name="scheme" Type="Edm.String" MaxLength="255"/>
        <Property Name="partyId" Type="Edm.String" MaxLength="50"/>
        <Property Name="logicalSystem" Type="Edm.String" MaxLength="10"/>
        <Property Name="trackingIdType" Type="Edm.String" MaxLength="40"/>
        <Property Name="trackingId" Type="Edm.String" MaxLength="50"/>
        <Property Name="actualTechnicalTimestamp" Type="Edm.DateTimeOffset"/>
        <Property Name="actualBusinessTimestamp" Type="Edm.DateTimeOffset"/>
        <Property Name="actualBusinessTimeZone" Type="Edm.String" MaxLength="50"/>
        <Property Name="locationAltKey" Type="Edm.String" MaxLength="255"/>
        <Property Name="eventMatchKey" Type="Edm.String" MaxLength="255"/>
        <Property Name="longitude" Type="Edm.Decimal" Scale="9" Precision="12"/>
        <Property Name="latitude" Type="Edm.Decimal" Scale="9" Precision="12"/>
        <NavigationProperty Name="references" Relationship="com.sap.gtt.tst.tfoService.DelayedEvent_references" FromRole="DelayedEvent" ToRole="Reference"/>
        <NavigationProperty Name="eventProcesses" Relationship="com.sap.gtt.tst.tfoService.DelayedEvent_eventProcesses" FromRole="DelayedEvent" ToRole="ProcessEventDirectory"/>
        <Property Name="messageSourceType" Type="Edm.String" MaxLength="50"/>
        <Property Name="createdByUser" Type="Edm.String" MaxLength="64"/>
        <Property Name="creationDateTime" Type="Edm.DateTimeOffset"/>
        <Property Name="refPlannedEventType" Type="Edm.String" MaxLength="255"/>
        <Property Name="refPlannedEventMatchKey" Type="Edm.String" MaxLength="255"/>
        <Property Name="refPlannedEventLocationAltKey" Type="Edm.String" MaxLength="255"/>
        <Property Name="eventId" Type="Edm.String" MaxLength="50" Nullable="false"/>
        <Property Name="eventDate" Type="Edm.DateTimeOffset" Nullable="false"/>
      </EntityType>
      <EntityType Name="Event">
        <Key>
          <PropertyRef Name="id"/>
        </Key>
        <Property Name="id" Type="Edm.Guid" Nullable="false"/>
        <Property Name="subaccountId" Type="Edm.Guid"/>
        <Property Name="cloneInstanceId" Type="Edm.Guid"/>
        <Property Name="modelNamespace" Type="Edm.String" MaxLength="255"/>
        <Property Name="eventType" Type="Edm.String" MaxLength="255"/>
        <Property Name="eventReasonText" Type="Edm.String" MaxLength="255"/>
        <Property Name="eventReasonCode" Type="Edm.String" MaxLength="255"/>
        <Property Name="senderPartyId" Type="Edm.String" MaxLength="50"/>
        <Property Name="reportedBy" Type="Edm.String" MaxLength="255"/>
        <Property Name="altKey" Type="Edm.String" MaxLength="255"/>
        <Property Name="scheme" Type="Edm.String" MaxLength="255"/>
        <Property Name="partyId" Type="Edm.String" MaxLength="50"/>
        <Property Name="logicalSystem" Type="Edm.String" MaxLength="10"/>
        <Property Name="trackingIdType" Type="Edm.String" MaxLength="40"/>
        <Property Name="trackingId" Type="Edm.String" MaxLength="50"/>
        <Property Name="actualTechnicalTimestamp" Type="Edm.DateTimeOffset"/>
        <Property Name="actualBusinessTimestamp" Type="Edm.DateTimeOffset"/>
        <Property Name="actualBusinessTimeZone" Type="Edm.String" MaxLength="50"/>
        <Property Name="locationAltKey" Type="Edm.String" MaxLength="255"/>
        <Property Name="eventMatchKey" Type="Edm.String" MaxLength="255"/>
        <Property Name="longitude" Type="Edm.Decimal" Scale="9" Precision="12"/>
        <Property Name="latitude" Type="Edm.Decimal" Scale="9" Precision="12"/>
        <NavigationProperty Name="references" Relationship="com.sap.gtt.tst.tfoService.Event_references" FromRole="Event" ToRole="Reference"/>
        <NavigationProperty Name="eventProcesses" Relationship="com.sap.gtt.tst.tfoService.Event_eventProcesses" FromRole="Event" ToRole="ProcessEventDirectory"/>
        <Property Name="messageSourceType" Type="Edm.String" MaxLength="50"/>
        <Property Name="createdByUser" Type="Edm.String" MaxLength="64"/>
        <Property Name="creationDateTime" Type="Edm.DateTimeOffset"/>
      </EntityType>
      <EntityType Name="EventStatus">
        <Key>
          <PropertyRef Name="code"/>
        </Key>
        <Property Name="code" Type="Edm.String" MaxLength="50" Nullable="false"/>
        <Property Name="name" Type="Edm.String" MaxLength="255"/>
        <NavigationProperty Name="texts" Relationship="com.sap.gtt.tst.tfoService.EventStatus_texts" FromRole="EventStatus" ToRole="EventStatus_texts"/>
        <NavigationProperty Name="localized" Relationship="com.sap.gtt.tst.tfoService.EventStatus_localized" FromRole="EventStatus" ToRole="EventStatus_texts"/>
      </EntityType>
      <EntityType Name="EventStatus_texts">
        <Key>
          <PropertyRef Name="locale"/>
          <PropertyRef Name="code"/>
        </Key>
        <Property Name="locale" Type="Edm.String" MaxLength="5" Nullable="false"/>
        <Property Name="code" Type="Edm.String" MaxLength="50" Nullable="false"/>
        <Property Name="name" Type="Edm.String" MaxLength="255"/>
      </EntityType>
      <EntityType Name="FreightOrder">
        <Key>
          <PropertyRef Name="id"/>
          <PropertyRef Name="freightOrderId"/>
        </Key>
        <Property Name="id" Type="Edm.Guid" Nullable="false"/>
        <Property Name="subaccountId" Type="Edm.Guid"/>
        <Property Name="cloneInstanceId" Type="Edm.Guid"/>
        <Property Name="trackedProcessType" Type="Edm.String" MaxLength="255"/>
        <Property Name="altKey" Type="Edm.String" MaxLength="255"/>
        <Property Name="scheme" Type="Edm.String" MaxLength="255"/>
        <Property Name="partyId" Type="Edm.String" MaxLength="50"/>
        <Property Name="logicalSystem" Type="Edm.String" MaxLength="10"/>
        <Property Name="trackingIdType" Type="Edm.String" MaxLength="40"/>
        <Property Name="trackingId" Type="Edm.String" MaxLength="50"/>
        <NavigationProperty Name="processStatus" Relationship="com.sap.gtt.tst.tfoService.FreightOrder_processStatus" FromRole="FreightOrder" ToRole="ProcessStatus"/>
        <NavigationProperty Name="trackingIds" Relationship="com.sap.gtt.tst.tfoService.FreightOrder_trackingIds" FromRole="FreightOrder" ToRole="QualifiedTrackingId"/>
        <NavigationProperty Name="plannedEvents" Relationship="com.sap.gtt.tst.tfoService.FreightOrder_plannedEvents" FromRole="FreightOrder" ToRole="PlannedEvent"/>
        <NavigationProperty Name="processEvents" Relationship="com.sap.gtt.tst.tfoService.FreightOrder_processEvents" FromRole="FreightOrder" ToRole="ProcessEventDirectory"/>
        <NavigationProperty Name="lifeCycleStatus" Relationship="com.sap.gtt.tst.tfoService.FreightOrder_lifeCycleStatus" FromRole="FreightOrder" ToRole="LifeCycleStatus"/>
        <Property Name="lastChangedAtBusinessTime" Type="Edm.DateTimeOffset"/>
        <Property Name="createdByUser" Type="Edm.String" MaxLength="64"/>
        <Property Name="creationDateTime" Type="Edm.DateTimeOffset"/>
        <Property Name="lastChangedByUser" Type="Edm.String" MaxLength="64"/>
        <Property Name="lastChangeDateTime" Type="Edm.DateTimeOffset"/>
        <Property Name="version" Type="Edm.Int32"/>
        <Property Name="freightOrderId" Type="Edm.String" MaxLength="50" Nullable="false"/>
        <Property Name="cargoVolume" Type="Edm.Decimal" Scale="14" Precision="31"/>
        <Property Name="numberOfVisits" Type="Edm.Int32"/>
        <NavigationProperty Name="stops" Relationship="com.sap.gtt.tst.tfoService.FreightOrderStops_freightOrder" FromRole="FreightOrder" ToRole="FreightOrderStops"/>
        <Property Name="longitude" Type="Edm.Decimal" Scale="9" Precision="12"/>
        <Property Name="processStatus_code" Type="Edm.String" MaxLength="50"/>
        <Property Name="lifeCycleStatus_code" Type="Edm.String" MaxLength="20"/>
      </EntityType>
      <EntityType Name="FreightOrderEvent">
        <Key>
          <PropertyRef Name="id"/>
          <PropertyRef Name="freightOrderId"/>
        </Key>
        <Property Name="id" Type="Edm.Guid" Nullable="false"/>
        <Property Name="subaccountId" Type="Edm.Guid"/>
        <Property Name="cloneInstanceId" Type="Edm.Guid"/>
        <Property Name="modelNamespace" Type="Edm.String" MaxLength="255"/>
        <Property Name="eventType" Type="Edm.String" MaxLength="255"/>
        <Property Name="eventReasonText" Type="Edm.String" MaxLength="255"/>
        <Property Name="eventReasonCode" Type="Edm.String" MaxLength="255"/>
        <Property Name="senderPartyId" Type="Edm.String" MaxLength="50"/>
        <Property Name="reportedBy" Type="Edm.String" MaxLength="255"/>
        <Property Name="altKey" Type="Edm.String" MaxLength="255"/>
        <Property Name="scheme" Type="Edm.String" MaxLength="255"/>
        <Property Name="partyId" Type="Edm.String" MaxLength="50"/>
        <Property Name="logicalSystem" Type="Edm.String" MaxLength="10"/>
        <Property Name="trackingIdType" Type="Edm.String" MaxLength="40"/>
        <Property Name="trackingId" Type="Edm.String" MaxLength="50"/>
        <Property Name="actualTechnicalTimestamp" Type="Edm.DateTimeOffset"/>
        <Property Name="actualBusinessTimestamp" Type="Edm.DateTimeOffset"/>
        <Property Name="actualBusinessTimeZone" Type="Edm.String" MaxLength="50"/>
        <Property Name="locationAltKey" Type="Edm.String" MaxLength="255"/>
        <Property Name="eventMatchKey" Type="Edm.String" MaxLength="255"/>
        <Property Name="latitude" Type="Edm.Decimal" Scale="9" Precision="12"/>
        <NavigationProperty Name="references" Relationship="com.sap.gtt.tst.tfoService.FreightOrderEvent_references" FromRole="FreightOrderEvent" ToRole="Reference"/>
        <NavigationProperty Name="eventProcesses" Relationship="com.sap.gtt.tst.tfoService.FreightOrderEvent_eventProcesses" FromRole="FreightOrderEvent" ToRole="ProcessEventDirectory"/>
        <Property Name="messageSourceType" Type="Edm.String" MaxLength="50"/>
        <Property Name="createdByUser" Type="Edm.String" MaxLength="64"/>
        <Property Name="creationDateTime" Type="Edm.DateTimeOffset"/>
        <NavigationProperty Name="plannedEvents" Relationship="com.sap.gtt.tst.tfoService.FreightOrderEvent_plannedEvents" FromRole="FreightOrderEvent" ToRole="PlannedEventForEvent"/>
        <Property Name="freightOrderId" Type="Edm.String" MaxLength="50" Nullable="false"/>
        <Property Name="cargoVolume" Type="Edm.Decimal" Scale="14" Precision="31"/>
        <Property Name="numberOfVisits" Type="Edm.Int32"/>
        <NavigationProperty Name="stops" Relationship="com.sap.gtt.tst.tfoService.FreightOrderEventStops_freightOrderEvent" FromRole="FreightOrderEvent" ToRole="FreightOrderEventStops"/>
        <Property Name="longitude" Type="Edm.Decimal" Scale="9" Precision="12"/>
      </EntityType>
      <EntityType Name="FreightOrderEventStops">
        <Key>
          <PropertyRef Name="stopId"/>
        </Key>
        <Property Name="stopId" Type="Edm.Int32" Nullable="false"/>
        <NavigationProperty Name="freightOrderEvent" Relationship="com.sap.gtt.tst.tfoService.FreightOrderEventStops_freightOrderEvent" FromRole="FreightOrderEventStops" ToRole="FreightOrderEvent"/>
        <Property Name="freightOrderEvent_id" Type="Edm.Guid"/>
        <Property Name="freightOrderEvent_freightOrderId" Type="Edm.String" MaxLength="50"/>
      </EntityType>
      <EntityType Name="FreightOrderStops">
        <Key>
          <PropertyRef Name="stopId"/>
        </Key>
        <Property Name="stopId" Type="Edm.Int32" Nullable="false"/>
        <NavigationProperty Name="freightOrder" Relationship="com.sap.gtt.tst.tfoService.FreightOrderStops_freightOrder" FromRole="FreightOrderStops" ToRole="FreightOrder"/>
        <Property Name="freightOrder_id" Type="Edm.Guid"/>
        <Property Name="freightOrder_freightOrderId" Type="Edm.String" MaxLength="50"/>
      </EntityType>
      <EntityType Name="GTTDPPBlockingEvent">
        <Key>
          <PropertyRef Name="id"/>
        </Key>
        <Property Name="id" Type="Edm.Guid" Nullable="false"/>
        <Property Name="subaccountId" Type="Edm.Guid"/>
        <Property Name="cloneInstanceId" Type="Edm.Guid"/>
        <Property Name="modelNamespace" Type="Edm.String" MaxLength="255"/>
        <Property Name="eventType" Type="Edm.String" MaxLength="255"/>
        <Property Name="eventReasonText" Type="Edm.String" MaxLength="255"/>
        <Property Name="eventReasonCode" Type="Edm.String" MaxLength="255"/>
        <Property Name="senderPartyId" Type="Edm.String" MaxLength="50"/>
        <Property Name="reportedBy" Type="Edm.String" MaxLength="255"/>
        <Property Name="altKey" Type="Edm.String" MaxLength="255"/>
        <Property Name="scheme" Type="Edm.String" MaxLength="255"/>
        <Property Name="partyId" Type="Edm.String" MaxLength="50"/>
        <Property Name="logicalSystem" Type="Edm.String" MaxLength="10"/>
        <Property Name="trackingIdType" Type="Edm.String" MaxLength="40"/>
        <Property Name="trackingId" Type="Edm.String" MaxLength="50"/>
        <Property Name="actualTechnicalTimestamp" Type="Edm.DateTimeOffset"/>
        <Property Name="actualBusinessTimestamp" Type="Edm.DateTimeOffset"/>
        <Property Name="actualBusinessTimeZone" Type="Edm.String" MaxLength="50"/>
        <Property Name="locationAltKey" Type="Edm.String" MaxLength="255"/>
        <Property Name="eventMatchKey" Type="Edm.String" MaxLength="255"/>
        <Property Name="longitude" Type="Edm.Decimal" Scale="9" Precision="12"/>
        <Property Name="latitude" Type="Edm.Decimal" Scale="9" Precision="12"/>
        <NavigationProperty Name="references" Relationship="com.sap.gtt.tst.tfoService.GTTDPPBlockingEvent_references" FromRole="GTTDPPBlockingEvent" ToRole="Reference"/>
        <NavigationProperty Name="eventProcesses" Relationship="com.sap.gtt.tst.tfoService.GTTDPPBlockingEvent_eventProcesses" FromRole="GTTDPPBlockingEvent" ToRole="ProcessEventDirectory"/>
        <Property Name="messageSourceType" Type="Edm.String" MaxLength="50"/>
        <Property Name="createdByUser" Type="Edm.String" MaxLength="64"/>
        <Property Name="creationDateTime" Type="Edm.DateTimeOffset"/>
      </EntityType>
      <EntityType Name="GTTDPPDeletionEvent">
        <Key>
          <PropertyRef Name="id"/>
        </Key>
        <Property Name="id" Type="Edm.Guid" Nullable="false"/>
        <Property Name="subaccountId" Type="Edm.Guid"/>
        <Property Name="cloneInstanceId" Type="Edm.Guid"/>
        <Property Name="modelNamespace" Type="Edm.String" MaxLength="255"/>
        <Property Name="eventType" Type="Edm.String" MaxLength="255"/>
        <Property Name="eventReasonText" Type="Edm.String" MaxLength="255"/>
        <Property Name="eventReasonCode" Type="Edm.String" MaxLength="255"/>
        <Property Name="senderPartyId" Type="Edm.String" MaxLength="50"/>
        <Property Name="reportedBy" Type="Edm.String" MaxLength="255"/>
        <Property Name="altKey" Type="Edm.String" MaxLength="255"/>
        <Property Name="scheme" Type="Edm.String" MaxLength="255"/>
        <Property Name="partyId" Type="Edm.String" MaxLength="50"/>
        <Property Name="logicalSystem" Type="Edm.String" MaxLength="10"/>
        <Property Name="trackingIdType" Type="Edm.String" MaxLength="40"/>
        <Property Name="trackingId" Type="Edm.String" MaxLength="50"/>
        <Property Name="actualTechnicalTimestamp" Type="Edm.DateTimeOffset"/>
        <Property Name="actualBusinessTimestamp" Type="Edm.DateTimeOffset"/>
        <Property Name="actualBusinessTimeZone" Type="Edm.String" MaxLength="50"/>
        <Property Name="locationAltKey" Type="Edm.String" MaxLength="255"/>
        <Property Name="eventMatchKey" Type="Edm.String" MaxLength="255"/>
        <Property Name="longitude" Type="Edm.Decimal" Scale="9" Precision="12"/>
        <Property Name="latitude" Type="Edm.Decimal" Scale="9" Precision="12"/>
        <NavigationProperty Name="references" Relationship="com.sap.gtt.tst.tfoService.GTTDPPDeletionEvent_references" FromRole="GTTDPPDeletionEvent" ToRole="Reference"/>
        <NavigationProperty Name="eventProcesses" Relationship="com.sap.gtt.tst.tfoService.GTTDPPDeletionEvent_eventProcesses" FromRole="GTTDPPDeletionEvent" ToRole="ProcessEventDirectory"/>
        <Property Name="messageSourceType" Type="Edm.String" MaxLength="50"/>
        <Property Name="createdByUser" Type="Edm.String" MaxLength="64"/>
        <Property Name="creationDateTime" Type="Edm.DateTimeOffset"/>
      </EntityType>
      <EntityType Name="GTTDelayedEvent">
        <Key>
          <PropertyRef Name="id"/>
        </Key>
        <Property Name="id" Type="Edm.Guid" Nullable="false"/>
        <Property Name="subaccountId" Type="Edm.Guid"/>
        <Property Name="cloneInstanceId" Type="Edm.Guid"/>
        <Property Name="modelNamespace" Type="Edm.String" MaxLength="255"/>
        <Property Name="eventType" Type="Edm.String" MaxLength="255"/>
        <Property Name="eventReasonText" Type="Edm.String" MaxLength="255"/>
        <Property Name="eventReasonCode" Type="Edm.String" MaxLength="255"/>
        <Property Name="senderPartyId" Type="Edm.String" MaxLength="50"/>
        <Property Name="reportedBy" Type="Edm.String" MaxLength="255"/>
        <Property Name="altKey" Type="Edm.String" MaxLength="255"/>
        <Property Name="scheme" Type="Edm.String" MaxLength="255"/>
        <Property Name="partyId" Type="Edm.String" MaxLength="50"/>
        <Property Name="logicalSystem" Type="Edm.String" MaxLength="10"/>
        <Property Name="trackingIdType" Type="Edm.String" MaxLength="40"/>
        <Property Name="trackingId" Type="Edm.String" MaxLength="50"/>
        <Property Name="actualTechnicalTimestamp" Type="Edm.DateTimeOffset"/>
        <Property Name="actualBusinessTimestamp" Type="Edm.DateTimeOffset"/>
        <Property Name="actualBusinessTimeZone" Type="Edm.String" MaxLength="50"/>
        <Property Name="locationAltKey" Type="Edm.String" MaxLength="255"/>
        <Property Name="eventMatchKey" Type="Edm.String" MaxLength="255"/>
        <Property Name="longitude" Type="Edm.Decimal" Scale="9" Precision="12"/>
        <Property Name="latitude" Type="Edm.Decimal" Scale="9" Precision="12"/>
        <NavigationProperty Name="references" Relationship="com.sap.gtt.tst.tfoService.GTTDelayedEvent_references" FromRole="GTTDelayedEvent" ToRole="Reference"/>
        <NavigationProperty Name="eventProcesses" Relationship="com.sap.gtt.tst.tfoService.GTTDelayedEvent_eventProcesses" FromRole="GTTDelayedEvent" ToRole="ProcessEventDirectory"/>
        <Property Name="messageSourceType" Type="Edm.String" MaxLength="50"/>
        <Property Name="createdByUser" Type="Edm.String" MaxLength="64"/>
        <Property Name="creationDateTime" Type="Edm.DateTimeOffset"/>
        <Property Name="refPlannedEventType" Type="Edm.String" MaxLength="255"/>
        <Property Name="refPlannedEventMatchKey" Type="Edm.String" MaxLength="255"/>
        <Property Name="refPlannedEventLocationAltKey" Type="Edm.String" MaxLength="255"/>
      </EntityType>
      <EntityType Name="GTTDeletionEvent">
        <Key>
          <PropertyRef Name="id"/>
        </Key>
        <Property Name="id" Type="Edm.Guid" Nullable="false"/>
        <Property Name="subaccountId" Type="Edm.Guid"/>
        <Property Name="cloneInstanceId" Type="Edm.Guid"/>
        <Property Name="modelNamespace" Type="Edm.String" MaxLength="255"/>
        <Property Name="eventType" Type="Edm.String" MaxLength="255"/>
        <Property Name="eventReasonText" Type="Edm.String" MaxLength="255"/>
        <Property Name="eventReasonCode" Type="Edm.String" MaxLength="255"/>
        <Property Name="senderPartyId" Type="Edm.String" MaxLength="50"/>
        <Property Name="reportedBy" Type="Edm.String" MaxLength="255"/>
        <Property Name="altKey" Type="Edm.String" MaxLength="255"/>
        <Property Name="scheme" Type="Edm.String" MaxLength="255"/>
        <Property Name="partyId" Type="Edm.String" MaxLength="50"/>
        <Property Name="logicalSystem" Type="Edm.String" MaxLength="10"/>
        <Property Name="trackingIdType" Type="Edm.String" MaxLength="40"/>
        <Property Name="trackingId" Type="Edm.String" MaxLength="50"/>
        <Property Name="actualTechnicalTimestamp" Type="Edm.DateTimeOffset"/>
        <Property Name="actualBusinessTimestamp" Type="Edm.DateTimeOffset"/>
        <Property Name="actualBusinessTimeZone" Type="Edm.String" MaxLength="50"/>
        <Property Name="locationAltKey" Type="Edm.String" MaxLength="255"/>
        <Property Name="eventMatchKey" Type="Edm.String" MaxLength="255"/>
        <Property Name="longitude" Type="Edm.Decimal" Scale="9" Precision="12"/>
        <Property Name="latitude" Type="Edm.Decimal" Scale="9" Precision="12"/>
        <NavigationProperty Name="references" Relationship="com.sap.gtt.tst.tfoService.GTTDeletionEvent_references" FromRole="GTTDeletionEvent" ToRole="Reference"/>
        <NavigationProperty Name="eventProcesses" Relationship="com.sap.gtt.tst.tfoService.GTTDeletionEvent_eventProcesses" FromRole="GTTDeletionEvent" ToRole="ProcessEventDirectory"/>
        <Property Name="messageSourceType" Type="Edm.String" MaxLength="50"/>
        <Property Name="createdByUser" Type="Edm.String" MaxLength="64"/>
        <Property Name="creationDateTime" Type="Edm.DateTimeOffset"/>
      </EntityType>
      <EntityType Name="GTTOverdueEvent">
        <Key>
          <PropertyRef Name="id"/>
        </Key>
        <Property Name="id" Type="Edm.Guid" Nullable="false"/>
        <Property Name="subaccountId" Type="Edm.Guid"/>
        <Property Name="cloneInstanceId" Type="Edm.Guid"/>
        <Property Name="modelNamespace" Type="Edm.String" MaxLength="255"/>
        <Property Name="eventType" Type="Edm.String" MaxLength="255"/>
        <Property Name="eventReasonText" Type="Edm.String" MaxLength="255"/>
        <Property Name="eventReasonCode" Type="Edm.String" MaxLength="255"/>
        <Property Name="senderPartyId" Type="Edm.String" MaxLength="50"/>
        <Property Name="reportedBy" Type="Edm.String" MaxLength="255"/>
        <Property Name="altKey" Type="Edm.String" MaxLength="255"/>
        <Property Name="scheme" Type="Edm.String" MaxLength="255"/>
        <Property Name="partyId" Type="Edm.String" MaxLength="50"/>
        <Property Name="logicalSystem" Type="Edm.String" MaxLength="10"/>
        <Property Name="trackingIdType" Type="Edm.String" MaxLength="40"/>
        <Property Name="trackingId" Type="Edm.String" MaxLength="50"/>
        <Property Name="actualTechnicalTimestamp" Type="Edm.DateTimeOffset"/>
        <Property Name="actualBusinessTimestamp" Type="Edm.DateTimeOffset"/>
        <Property Name="actualBusinessTimeZone" Type="Edm.String" MaxLength="50"/>
        <Property Name="locationAltKey" Type="Edm.String" MaxLength="255"/>
        <Property Name="eventMatchKey" Type="Edm.String" MaxLength="255"/>
        <Property Name="longitude" Type="Edm.Decimal" Scale="9" Precision="12"/>
        <Property Name="latitude" Type="Edm.Decimal" Scale="9" Precision="12"/>
        <NavigationProperty Name="references" Relationship="com.sap.gtt.tst.tfoService.GTTOverdueEvent_references" FromRole="GTTOverdueEvent" ToRole="Reference"/>
        <NavigationProperty Name="eventProcesses" Relationship="com.sap.gtt.tst.tfoService.GTTOverdueEvent_eventProcesses" FromRole="GTTOverdueEvent" ToRole="ProcessEventDirectory"/>
        <Property Name="messageSourceType" Type="Edm.String" MaxLength="50"/>
        <Property Name="createdByUser" Type="Edm.String" MaxLength="64"/>
        <Property Name="creationDateTime" Type="Edm.DateTimeOffset"/>
        <Property Name="refPlannedEventUUID" Type="Edm.Guid" Nullable="false"/>
      </EntityType>
      <EntityType Name="GTTResetPlannedEventStatusEvent">
        <Key>
          <PropertyRef Name="id"/>
        </Key>
        <Property Name="id" Type="Edm.Guid" Nullable="false"/>
        <Property Name="subaccountId" Type="Edm.Guid"/>
        <Property Name="cloneInstanceId" Type="Edm.Guid"/>
        <Property Name="modelNamespace" Type="Edm.String" MaxLength="255"/>
        <Property Name="eventType" Type="Edm.String" MaxLength="255"/>
        <Property Name="eventReasonText" Type="Edm.String" MaxLength="255"/>
        <Property Name="eventReasonCode" Type="Edm.String" MaxLength="255"/>
        <Property Name="senderPartyId" Type="Edm.String" MaxLength="50"/>
        <Property Name="reportedBy" Type="Edm.String" MaxLength="255"/>
        <Property Name="altKey" Type="Edm.String" MaxLength="255"/>
        <Property Name="scheme" Type="Edm.String" MaxLength="255"/>
        <Property Name="partyId" Type="Edm.String" MaxLength="50"/>
        <Property Name="logicalSystem" Type="Edm.String" MaxLength="10"/>
        <Property Name="trackingIdType" Type="Edm.String" MaxLength="40"/>
        <Property Name="trackingId" Type="Edm.String" MaxLength="50"/>
        <Property Name="actualTechnicalTimestamp" Type="Edm.DateTimeOffset"/>
        <Property Name="actualBusinessTimestamp" Type="Edm.DateTimeOffset"/>
        <Property Name="actualBusinessTimeZone" Type="Edm.String" MaxLength="50"/>
        <Property Name="locationAltKey" Type="Edm.String" MaxLength="255"/>
        <Property Name="eventMatchKey" Type="Edm.String" MaxLength="255"/>
        <Property Name="longitude" Type="Edm.Decimal" Scale="9" Precision="12"/>
        <Property Name="latitude" Type="Edm.Decimal" Scale="9" Precision="12"/>
        <NavigationProperty Name="references" Relationship="com.sap.gtt.tst.tfoService.GTTResetPlannedEventStatusEvent_references" FromRole="GTTResetPlannedEventStatusEvent" ToRole="Reference"/>
        <NavigationProperty Name="eventProcesses" Relationship="com.sap.gtt.tst.tfoService.GTTResetPlannedEventStatusEvent_eventProcesses" FromRole="GTTResetPlannedEventStatusEvent" ToRole="ProcessEventDirectory"/>
        <Property Name="messageSourceType" Type="Edm.String" MaxLength="50"/>
        <Property Name="createdByUser" Type="Edm.String" MaxLength="64"/>
        <Property Name="creationDateTime" Type="Edm.DateTimeOffset"/>
        <Property Name="refPlannedEventType" Type="Edm.String" MaxLength="255" Nullable="false"/>
        <Property Name="refPlannedEventMatchKey" Type="Edm.String" MaxLength="255"/>
        <Property Name="refPlannedEventLocationAltKey" Type="Edm.String" MaxLength="255"/>
      </EntityType>
      <EntityType Name="LifeCycleStatus">
        <Key>
          <PropertyRef Name="code"/>
        </Key>
        <Property Name="code" Type="Edm.String" MaxLength="20" Nullable="false"/>
        <Property Name="name" Type="Edm.String" MaxLength="255"/>
        <NavigationProperty Name="texts" Relationship="com.sap.gtt.tst.tfoService.LifeCycleStatus_texts" FromRole="LifeCycleStatus" ToRole="LifeCycleStatus_texts"/>
        <NavigationProperty Name="localized" Relationship="com.sap.gtt.tst.tfoService.LifeCycleStatus_localized" FromRole="LifeCycleStatus" ToRole="LifeCycleStatus_texts"/>
      </EntityType>
      <EntityType Name="LifeCycleStatus_texts">
        <Key>
          <PropertyRef Name="locale"/>
          <PropertyRef Name="code"/>
        </Key>
        <Property Name="locale" Type="Edm.String" MaxLength="5" Nullable="false"/>
        <Property Name="code" Type="Edm.String" MaxLength="20" Nullable="false"/>
        <Property Name="name" Type="Edm.String" MaxLength="255"/>
      </EntityType>
      <EntityType Name="OrderStatus">
        <Key>
          <PropertyRef Name="code"/>
        </Key>
        <Property Name="code" Type="Edm.String" MaxLength="2" Nullable="false"/>
        <Property Name="name" Type="Edm.String" Nullable="false"/>
        <NavigationProperty Name="texts" Relationship="com.sap.gtt.tst.tfoService.OrderStatus_texts" FromRole="OrderStatus" ToRole="OrderStatus_texts"/>
        <NavigationProperty Name="localized" Relationship="com.sap.gtt.tst.tfoService.OrderStatus_localized" FromRole="OrderStatus" ToRole="OrderStatus_texts"/>
      </EntityType>
      <EntityType Name="OrderStatus_texts">
        <Key>
          <PropertyRef Name="locale"/>
          <PropertyRef Name="code"/>
        </Key>
        <Property Name="locale" Type="Edm.String" MaxLength="5" Nullable="false"/>
        <Property Name="code" Type="Edm.String" MaxLength="2" Nullable="false"/>
        <Property Name="name" Type="Edm.String" Nullable="false"/>
      </EntityType>
      <EntityType Name="PlannedEvent">
        <Key>
          <PropertyRef Name="id"/>
        </Key>
        <Property Name="id" Type="Edm.Guid" Nullable="false"/>
        <Property Name="process_id" Type="Edm.Guid"/>
        <NavigationProperty Name="process" Relationship="com.sap.gtt.tst.tfoService.PlannedEvent_process" FromRole="PlannedEvent" ToRole="TrackedProcess"/>
        <Property Name="eventType" Type="Edm.String" MaxLength="255"/>
        <Property Name="locationAltKey" Type="Edm.String" MaxLength="255"/>
        <Property Name="eventMatchKey" Type="Edm.String" MaxLength="255"/>
        <Property Name="longitude" Type="Edm.Decimal" Scale="9" Precision="12"/>
        <Property Name="latitude" Type="Edm.Decimal" Scale="9" Precision="12"/>
        <NavigationProperty Name="eventStatus" Relationship="com.sap.gtt.tst.tfoService.PlannedEvent_eventStatus" FromRole="PlannedEvent" ToRole="EventStatus"/>
        <Property Name="payloadSequence" Type="Edm.Int32"/>
        <Property Name="isFinalPlannedEvent" Type="Edm.Boolean"/>
        <NavigationProperty Name="lastProcessEventDirectory" Relationship="com.sap.gtt.tst.tfoService.PlannedEvent_lastProcessEventDirectory" FromRole="PlannedEvent" ToRole="ProcessEventDirectory"/>
        <Property Name="nextOverdueDetection" Type="Edm.DateTimeOffset"/>
        <Property Name="overdueDetectionCounter" Type="Edm.Int32"/>
        <Property Name="plannedTechnicalTimestamp" Type="Edm.DateTimeOffset"/>
        <Property Name="plannedTechTsEarliest" Type="Edm.DateTimeOffset"/>
        <Property Name="plannedTechTsLatest" Type="Edm.DateTimeOffset"/>
        <Property Name="plannedBusinessTimestamp" Type="Edm.DateTimeOffset"/>
        <Property Name="plannedBizTsEarliest" Type="Edm.DateTimeOffset"/>
        <Property Name="plannedBizTsLatest" Type="Edm.DateTimeOffset"/>
        <Property Name="plannedBusinessTimeZone" Type="Edm.String" MaxLength="50"/>
        <Property Name="eventStatus_code" Type="Edm.String" MaxLength="50"/>
        <Property Name="lastProcessEventDirectory_id" Type="Edm.Guid"/>
      </EntityType>
      <EntityType Name="PlannedEventForEvent">
        <Key>
          <PropertyRef Name="id"/>
        </Key>
        <Property Name="id" Type="Edm.Guid" Nullable="false"/>
        <Property Name="event_id" Type="Edm.Guid"/>
        <NavigationProperty Name="event" Relationship="com.sap.gtt.tst.tfoService.PlannedEventForEvent_event" FromRole="PlannedEventForEvent" ToRole="Event"/>
        <Property Name="eventType" Type="Edm.String" MaxLength="255" Nullable="false"/>
        <Property Name="locationAltKey" Type="Edm.String" MaxLength="255"/>
        <Property Name="eventMatchKey" Type="Edm.String" MaxLength="255"/>
        <Property Name="longitude" Type="Edm.Decimal" Scale="9" Precision="12"/>
        <Property Name="latitude" Type="Edm.Decimal" Scale="9" Precision="12"/>
        <Property Name="isFinalPlannedEvent" Type="Edm.Boolean"/>
        <Property Name="plannedTechnicalTimestamp" Type="Edm.DateTimeOffset"/>
        <Property Name="plannedTechTsEarliest" Type="Edm.DateTimeOffset"/>
        <Property Name="plannedTechTsLatest" Type="Edm.DateTimeOffset"/>
        <Property Name="plannedBusinessTimestamp" Type="Edm.DateTimeOffset"/>
        <Property Name="plannedBizTsEarliest" Type="Edm.DateTimeOffset"/>
        <Property Name="plannedBizTsLatest" Type="Edm.DateTimeOffset"/>
        <Property Name="plannedBusinessTimeZone" Type="Edm.String" MaxLength="50"/>
      </EntityType>
      <EntityType Name="ProcessEventDirectory">
        <Key>
          <PropertyRef Name="id"/>
        </Key>
        <Property Name="id" Type="Edm.Guid" Nullable="false"/>
        <Property Name="process_id" Type="Edm.Guid"/>
        <NavigationProperty Name="process" Relationship="com.sap.gtt.tst.tfoService.ProcessEventDirectory_process" FromRole="ProcessEventDirectory" ToRole="TrackedProcess"/>
        <Property Name="plannedEvent_id" Type="Edm.Guid"/>
        <NavigationProperty Name="plannedEvent" Relationship="com.sap.gtt.tst.tfoService.ProcessEventDirectory_plannedEvent" FromRole="ProcessEventDirectory" ToRole="PlannedEvent"/>
        <Property Name="event_id" Type="Edm.Guid"/>
        <NavigationProperty Name="event" Relationship="com.sap.gtt.tst.tfoService.ProcessEventDirectory_event" FromRole="ProcessEventDirectory" ToRole="Event"/>
        <NavigationProperty Name="correlationType" Relationship="com.sap.gtt.tst.tfoService.ProcessEventDirectory_correlationType" FromRole="ProcessEventDirectory" ToRole="CorrelationType"/>
        <Property Name="correlationType_code" Type="Edm.String" MaxLength="50"/>
      </EntityType>
      <EntityType Name="ProcessStatus">
        <Key>
          <PropertyRef Name="code"/>
        </Key>
        <Property Name="code" Type="Edm.String" MaxLength="50" Nullable="false"/>
        <Property Name="name" Type="Edm.String" MaxLength="255"/>
        <NavigationProperty Name="texts" Relationship="com.sap.gtt.tst.tfoService.ProcessStatus_texts" FromRole="ProcessStatus" ToRole="ProcessStatus_texts"/>
        <NavigationProperty Name="localized" Relationship="com.sap.gtt.tst.tfoService.ProcessStatus_localized" FromRole="ProcessStatus" ToRole="ProcessStatus_texts"/>
      </EntityType>
      <EntityType Name="ProcessStatus_texts">
        <Key>
          <PropertyRef Name="locale"/>
          <PropertyRef Name="code"/>
        </Key>
        <Property Name="locale" Type="Edm.String" MaxLength="5" Nullable="false"/>
        <Property Name="code" Type="Edm.String" MaxLength="50" Nullable="false"/>
        <Property Name="name" Type="Edm.String" MaxLength="255"/>
      </EntityType>
      <EntityType Name="QualifiedTrackingId">
        <Key>
          <PropertyRef Name="process_id"/>
          <PropertyRef Name="observedProcess_id"/>
        </Key>
        <Property Name="process_id" Type="Edm.Guid" Nullable="false"/>
        <NavigationProperty Name="process" Relationship="com.sap.gtt.tst.tfoService.QualifiedTrackingId_process" FromRole="QualifiedTrackingId" ToRole="TrackedProcess"/>
        <NavigationProperty Name="observedProcess" Relationship="com.sap.gtt.tst.tfoService.QualifiedTrackingId_observedProcess" FromRole="QualifiedTrackingId" ToRole="TrackedProcess"/>
        <Property Name="validFrom" Type="Edm.DateTimeOffset"/>
        <Property Name="validTo" Type="Edm.DateTimeOffset"/>
        <Property Name="observedProcess_id" Type="Edm.Guid" Nullable="false"/>
      </EntityType>
      <EntityType Name="Reference">
        <Key>
          <PropertyRef Name="id"/>
        </Key>
        <Property Name="id" Type="Edm.Guid" Nullable="false"/>
        <Property Name="event_id" Type="Edm.Guid"/>
        <NavigationProperty Name="event" Relationship="com.sap.gtt.tst.tfoService.Reference_event" FromRole="Reference" ToRole="Event"/>
        <NavigationProperty Name="referenceType" Relationship="com.sap.gtt.tst.tfoService.Reference_referenceType" FromRole="Reference" ToRole="ReferenceType"/>
        <Property Name="altKey" Type="Edm.String" MaxLength="255" Nullable="false"/>
        <Property Name="validFrom" Type="Edm.DateTimeOffset"/>
        <Property Name="validTo" Type="Edm.DateTimeOffset"/>
        <NavigationProperty Name="action" Relationship="com.sap.gtt.tst.tfoService.Reference_action" FromRole="Reference" ToRole="Action"/>
        <Property Name="referenceType_code" Type="Edm.String" MaxLength="50"/>
        <Property Name="action_code" Type="Edm.String" MaxLength="50"/>
      </EntityType>
      <EntityType Name="ReferenceType">
        <Key>
          <PropertyRef Name="code"/>
        </Key>
        <Property Name="code" Type="Edm.String" MaxLength="50" Nullable="false"/>
        <Property Name="name" Type="Edm.String" MaxLength="255"/>
        <NavigationProperty Name="texts" Relationship="com.sap.gtt.tst.tfoService.ReferenceType_texts" FromRole="ReferenceType" ToRole="ReferenceType_texts"/>
        <NavigationProperty Name="localized" Relationship="com.sap.gtt.tst.tfoService.ReferenceType_localized" FromRole="ReferenceType" ToRole="ReferenceType_texts"/>
      </EntityType>
      <EntityType Name="ReferenceType_texts">
        <Key>
          <PropertyRef Name="locale"/>
          <PropertyRef Name="code"/>
        </Key>
        <Property Name="locale" Type="Edm.String" MaxLength="5" Nullable="false"/>
        <Property Name="code" Type="Edm.String" MaxLength="50" Nullable="false"/>
        <Property Name="name" Type="Edm.String" MaxLength="255"/>
      </EntityType>
      <EntityType Name="TrackedProcess">
        <Key>
          <PropertyRef Name="id"/>
        </Key>
        <Property Name="id" Type="Edm.Guid" Nullable="false"/>
        <Property Name="subaccountId" Type="Edm.Guid"/>
        <Property Name="cloneInstanceId" Type="Edm.Guid"/>
        <Property Name="trackedProcessType" Type="Edm.String" MaxLength="255"/>
        <Property Name="altKey" Type="Edm.String" MaxLength="255"/>
        <Property Name="scheme" Type="Edm.String" MaxLength="255"/>
        <Property Name="partyId" Type="Edm.String" MaxLength="50"/>
        <Property Name="logicalSystem" Type="Edm.String" MaxLength="10"/>
        <Property Name="trackingIdType" Type="Edm.String" MaxLength="40"/>
        <Property Name="trackingId" Type="Edm.String" MaxLength="50"/>
        <NavigationProperty Name="processStatus" Relationship="com.sap.gtt.tst.tfoService.TrackedProcess_processStatus" FromRole="TrackedProcess" ToRole="ProcessStatus"/>
        <NavigationProperty Name="trackingIds" Relationship="com.sap.gtt.tst.tfoService.TrackedProcess_trackingIds" FromRole="TrackedProcess" ToRole="QualifiedTrackingId"/>
        <NavigationProperty Name="plannedEvents" Relationship="com.sap.gtt.tst.tfoService.TrackedProcess_plannedEvents" FromRole="TrackedProcess" ToRole="PlannedEvent"/>
        <NavigationProperty Name="processEvents" Relationship="com.sap.gtt.tst.tfoService.TrackedProcess_processEvents" FromRole="TrackedProcess" ToRole="ProcessEventDirectory"/>
        <NavigationProperty Name="lifeCycleStatus" Relationship="com.sap.gtt.tst.tfoService.TrackedProcess_lifeCycleStatus" FromRole="TrackedProcess" ToRole="LifeCycleStatus"/>
        <Property Name="lastChangedAtBusinessTime" Type="Edm.DateTimeOffset"/>
        <Property Name="createdByUser" Type="Edm.String" MaxLength="64"/>
        <Property Name="creationDateTime" Type="Edm.DateTimeOffset"/>
        <Property Name="lastChangedByUser" Type="Edm.String" MaxLength="64"/>
        <Property Name="lastChangeDateTime" Type="Edm.DateTimeOffset"/>
        <Property Name="version" Type="Edm.Int32"/>
        <Property Name="processStatus_code" Type="Edm.String" MaxLength="50"/>
        <Property Name="lifeCycleStatus_code" Type="Edm.String" MaxLength="20"/>
      </EntityType>
      <Association Name="Action_texts">
        <End Role="Action" Type="com.sap.gtt.tst.tfoService.Action" Multiplicity="*"/>
        <End Role="Action_texts" Type="com.sap.gtt.tst.tfoService.Action_texts" Multiplicity="*">
          <OnDelete Action="Cascade"/>
        </End>
        <ReferentialConstraint>
          <Principal Role="Action">
            <PropertyRef Name="code"/>
          </Principal>
          <Dependent Role="Action_texts">
            <PropertyRef Name="code"/>
          </Dependent>
        </ReferentialConstraint>
      </Association>
      <Association Name="Action_localized">
        <End Role="Action" Type="com.sap.gtt.tst.tfoService.Action" Multiplicity="*"/>
        <End Role="Action_texts" Type="com.sap.gtt.tst.tfoService.Action_texts" Multiplicity="0..1"/>
        <ReferentialConstraint>
          <Principal Role="Action_texts">
            <PropertyRef Name="code"/>
            <PropertyRef Name="locale"/>
          </Principal>
          <Dependent Role="Action">
            <PropertyRef Name="code"/>
            <PropertyRef Name="$user"/>
          </Dependent>
        </ReferentialConstraint>
      </Association>
      <Association Name="CorrelationType_texts">
        <End Role="CorrelationType" Type="com.sap.gtt.tst.tfoService.CorrelationType" Multiplicity="*"/>
        <End Role="CorrelationType_texts" Type="com.sap.gtt.tst.tfoService.CorrelationType_texts" Multiplicity="*">
          <OnDelete Action="Cascade"/>
        </End>
        <ReferentialConstraint>
          <Principal Role="CorrelationType">
            <PropertyRef Name="code"/>
          </Principal>
          <Dependent Role="CorrelationType_texts">
            <PropertyRef Name="code"/>
          </Dependent>
        </ReferentialConstraint>
      </Association>
      <Association Name="CorrelationType_localized">
        <End Role="CorrelationType" Type="com.sap.gtt.tst.tfoService.CorrelationType" Multiplicity="*"/>
        <End Role="CorrelationType_texts" Type="com.sap.gtt.tst.tfoService.CorrelationType_texts" Multiplicity="0..1"/>
        <ReferentialConstraint>
          <Principal Role="CorrelationType_texts">
            <PropertyRef Name="code"/>
            <PropertyRef Name="locale"/>
          </Principal>
          <Dependent Role="CorrelationType">
            <PropertyRef Name="code"/>
            <PropertyRef Name="$user"/>
          </Dependent>
        </ReferentialConstraint>
      </Association>
      <Association Name="DelayedEvent_references">
        <End Role="DelayedEvent" Type="com.sap.gtt.tst.tfoService.DelayedEvent" Multiplicity="*"/>
        <End Role="Reference" Type="com.sap.gtt.tst.tfoService.Reference" Multiplicity="*">
          <OnDelete Action="Cascade"/>
        </End>
        <ReferentialConstraint>
          <Principal Role="DelayedEvent">
            <PropertyRef Name="id"/>
          </Principal>
          <Dependent Role="Reference">
            <PropertyRef Name="event_id"/>
          </Dependent>
        </ReferentialConstraint>
      </Association>
      <Association Name="DelayedEvent_eventProcesses">
        <End Role="DelayedEvent" Type="com.sap.gtt.tst.tfoService.DelayedEvent" Multiplicity="*"/>
        <End Role="ProcessEventDirectory" Type="com.sap.gtt.tst.tfoService.ProcessEventDirectory" Multiplicity="*"/>
      </Association>
      <Association Name="Event_references">
        <End Role="Event" Type="com.sap.gtt.tst.tfoService.Event" Multiplicity="*"/>
        <End Role="Reference" Type="com.sap.gtt.tst.tfoService.Reference" Multiplicity="*">
          <OnDelete Action="Cascade"/>
        </End>
        <ReferentialConstraint>
          <Principal Role="Event">
            <PropertyRef Name="id"/>
          </Principal>
          <Dependent Role="Reference">
            <PropertyRef Name="event_id"/>
          </Dependent>
        </ReferentialConstraint>
      </Association>
      <Association Name="Event_eventProcesses">
        <End Role="Event" Type="com.sap.gtt.tst.tfoService.Event" Multiplicity="*"/>
        <End Role="ProcessEventDirectory" Type="com.sap.gtt.tst.tfoService.ProcessEventDirectory" Multiplicity="*"/>
      </Association>
      <Association Name="EventStatus_texts">
        <End Role="EventStatus" Type="com.sap.gtt.tst.tfoService.EventStatus" Multiplicity="*"/>
        <End Role="EventStatus_texts" Type="com.sap.gtt.tst.tfoService.EventStatus_texts" Multiplicity="*">
          <OnDelete Action="Cascade"/>
        </End>
        <ReferentialConstraint>
          <Principal Role="EventStatus">
            <PropertyRef Name="code"/>
          </Principal>
          <Dependent Role="EventStatus_texts">
            <PropertyRef Name="code"/>
          </Dependent>
        </ReferentialConstraint>
      </Association>
      <Association Name="EventStatus_localized">
        <End Role="EventStatus" Type="com.sap.gtt.tst.tfoService.EventStatus" Multiplicity="*"/>
        <End Role="EventStatus_texts" Type="com.sap.gtt.tst.tfoService.EventStatus_texts" Multiplicity="0..1"/>
        <ReferentialConstraint>
          <Principal Role="EventStatus_texts">
            <PropertyRef Name="code"/>
            <PropertyRef Name="locale"/>
          </Principal>
          <Dependent Role="EventStatus">
            <PropertyRef Name="code"/>
            <PropertyRef Name="$user"/>
          </Dependent>
        </ReferentialConstraint>
      </Association>
      <Association Name="FreightOrder_processStatus">
        <End Role="FreightOrder" Type="com.sap.gtt.tst.tfoService.FreightOrder" Multiplicity="*"/>
        <End Role="ProcessStatus" Type="com.sap.gtt.tst.tfoService.ProcessStatus" Multiplicity="0..1"/>
        <ReferentialConstraint>
          <Principal Role="ProcessStatus">
            <PropertyRef Name="code"/>
          </Principal>
          <Dependent Role="FreightOrder">
            <PropertyRef Name="processStatus_code"/>
          </Dependent>
        </ReferentialConstraint>
      </Association>
      <Association Name="FreightOrder_trackingIds">
        <End Role="FreightOrder" Type="com.sap.gtt.tst.tfoService.FreightOrder" Multiplicity="*"/>
        <End Role="QualifiedTrackingId" Type="com.sap.gtt.tst.tfoService.QualifiedTrackingId" Multiplicity="*">
          <OnDelete Action="Cascade"/>
        </End>
        <ReferentialConstraint>
          <Principal Role="FreightOrder">
            <PropertyRef Name="id"/>
          </Principal>
          <Dependent Role="QualifiedTrackingId">
            <PropertyRef Name="process_id"/>
          </Dependent>
        </ReferentialConstraint>
      </Association>
      <Association Name="FreightOrder_plannedEvents">
        <End Role="FreightOrder" Type="com.sap.gtt.tst.tfoService.FreightOrder" Multiplicity="*"/>
        <End Role="PlannedEvent" Type="com.sap.gtt.tst.tfoService.PlannedEvent" Multiplicity="*">
          <OnDelete Action="Cascade"/>
        </End>
        <ReferentialConstraint>
          <Principal Role="FreightOrder">
            <PropertyRef Name="id"/>
          </Principal>
          <Dependent Role="PlannedEvent">
            <PropertyRef Name="process_id"/>
          </Dependent>
        </ReferentialConstraint>
      </Association>
      <Association Name="FreightOrder_processEvents">
        <End Role="FreightOrder" Type="com.sap.gtt.tst.tfoService.FreightOrder" Multiplicity="*"/>
        <End Role="ProcessEventDirectory" Type="com.sap.gtt.tst.tfoService.ProcessEventDirectory" Multiplicity="*">
          <OnDelete Action="Cascade"/>
        </End>
        <ReferentialConstraint>
          <Principal Role="FreightOrder">
            <PropertyRef Name="id"/>
          </Principal>
          <Dependent Role="ProcessEventDirectory">
            <PropertyRef Name="process_id"/>
          </Dependent>
        </ReferentialConstraint>
      </Association>
      <Association Name="FreightOrder_lifeCycleStatus">
        <End Role="FreightOrder" Type="com.sap.gtt.tst.tfoService.FreightOrder" Multiplicity="*"/>
        <End Role="LifeCycleStatus" Type="com.sap.gtt.tst.tfoService.LifeCycleStatus" Multiplicity="0..1"/>
        <ReferentialConstraint>
          <Principal Role="LifeCycleStatus">
            <PropertyRef Name="code"/>
          </Principal>
          <Dependent Role="FreightOrder">
            <PropertyRef Name="lifeCycleStatus_code"/>
          </Dependent>
        </ReferentialConstraint>
      </Association>
      <Association Name="FreightOrderEvent_references">
        <End Role="FreightOrderEvent" Type="com.sap.gtt.tst.tfoService.FreightOrderEvent" Multiplicity="*"/>
        <End Role="Reference" Type="com.sap.gtt.tst.tfoService.Reference" Multiplicity="*">
          <OnDelete Action="Cascade"/>
        </End>
        <ReferentialConstraint>
          <Principal Role="FreightOrderEvent">
            <PropertyRef Name="id"/>
          </Principal>
          <Dependent Role="Reference">
            <PropertyRef Name="event_id"/>
          </Dependent>
        </ReferentialConstraint>
      </Association>
      <Association Name="FreightOrderEvent_eventProcesses">
        <End Role="FreightOrderEvent" Type="com.sap.gtt.tst.tfoService.FreightOrderEvent" Multiplicity="*"/>
        <End Role="ProcessEventDirectory" Type="com.sap.gtt.tst.tfoService.ProcessEventDirectory" Multiplicity="*"/>
      </Association>
      <Association Name="FreightOrderEvent_plannedEvents">
        <End Role="FreightOrderEvent" Type="com.sap.gtt.tst.tfoService.FreightOrderEvent" Multiplicity="*"/>
        <End Role="PlannedEventForEvent" Type="com.sap.gtt.tst.tfoService.PlannedEventForEvent" Multiplicity="*">
          <OnDelete Action="Cascade"/>
        </End>
        <ReferentialConstraint>
          <Principal Role="FreightOrderEvent">
            <PropertyRef Name="id"/>
          </Principal>
          <Dependent Role="PlannedEventForEvent">
            <PropertyRef Name="event_id"/>
          </Dependent>
        </ReferentialConstraint>
      </Association>
      <Association Name="FreightOrderEventStops_freightOrderEvent">
        <End Role="FreightOrderEventStops" Type="com.sap.gtt.tst.tfoService.FreightOrderEventStops" Multiplicity="*">
          <OnDelete Action="Cascade"/>
        </End>
        <End Role="FreightOrderEvent" Type="com.sap.gtt.tst.tfoService.FreightOrderEvent" Multiplicity="0..1"/>
        <ReferentialConstraint>
          <Principal Role="FreightOrderEvent">
            <PropertyRef Name="id"/>
            <PropertyRef Name="freightOrderId"/>
          </Principal>
          <Dependent Role="FreightOrderEventStops">
            <PropertyRef Name="freightOrderEvent_id"/>
            <PropertyRef Name="freightOrderEvent_freightOrderId"/>
          </Dependent>
        </ReferentialConstraint>
      </Association>
      <Association Name="FreightOrderStops_freightOrder">
        <End Role="FreightOrderStops" Type="com.sap.gtt.tst.tfoService.FreightOrderStops" Multiplicity="*">
          <OnDelete Action="Cascade"/>
        </End>
        <End Role="FreightOrder" Type="com.sap.gtt.tst.tfoService.FreightOrder" Multiplicity="0..1"/>
        <ReferentialConstraint>
          <Principal Role="FreightOrder">
            <PropertyRef Name="id"/>
            <PropertyRef Name="freightOrderId"/>
          </Principal>
          <Dependent Role="FreightOrderStops">
            <PropertyRef Name="freightOrder_id"/>
            <PropertyRef Name="freightOrder_freightOrderId"/>
          </Dependent>
        </ReferentialConstraint>
      </Association>
      <Association Name="GTTDPPBlockingEvent_references">
        <End Role="GTTDPPBlockingEvent" Type="com.sap.gtt.tst.tfoService.GTTDPPBlockingEvent" Multiplicity="*"/>
        <End Role="Reference" Type="com.sap.gtt.tst.tfoService.Reference" Multiplicity="*">
          <OnDelete Action="Cascade"/>
        </End>
        <ReferentialConstraint>
          <Principal Role="GTTDPPBlockingEvent">
            <PropertyRef Name="id"/>
          </Principal>
          <Dependent Role="Reference">
            <PropertyRef Name="event_id"/>
          </Dependent>
        </ReferentialConstraint>
      </Association>
      <Association Name="GTTDPPBlockingEvent_eventProcesses">
        <End Role="GTTDPPBlockingEvent" Type="com.sap.gtt.tst.tfoService.GTTDPPBlockingEvent" Multiplicity="*"/>
        <End Role="ProcessEventDirectory" Type="com.sap.gtt.tst.tfoService.ProcessEventDirectory" Multiplicity="*"/>
      </Association>
      <Association Name="GTTDPPDeletionEvent_references">
        <End Role="GTTDPPDeletionEvent" Type="com.sap.gtt.tst.tfoService.GTTDPPDeletionEvent" Multiplicity="*"/>
        <End Role="Reference" Type="com.sap.gtt.tst.tfoService.Reference" Multiplicity="*">
          <OnDelete Action="Cascade"/>
        </End>
        <ReferentialConstraint>
          <Principal Role="GTTDPPDeletionEvent">
            <PropertyRef Name="id"/>
          </Principal>
          <Dependent Role="Reference">
            <PropertyRef Name="event_id"/>
          </Dependent>
        </ReferentialConstraint>
      </Association>
      <Association Name="GTTDPPDeletionEvent_eventProcesses">
        <End Role="GTTDPPDeletionEvent" Type="com.sap.gtt.tst.tfoService.GTTDPPDeletionEvent" Multiplicity="*"/>
        <End Role="ProcessEventDirectory" Type="com.sap.gtt.tst.tfoService.ProcessEventDirectory" Multiplicity="*"/>
      </Association>
      <Association Name="GTTDelayedEvent_references">
        <End Role="GTTDelayedEvent" Type="com.sap.gtt.tst.tfoService.GTTDelayedEvent" Multiplicity="*"/>
        <End Role="Reference" Type="com.sap.gtt.tst.tfoService.Reference" Multiplicity="*">
          <OnDelete Action="Cascade"/>
        </End>
        <ReferentialConstraint>
          <Principal Role="GTTDelayedEvent">
            <PropertyRef Name="id"/>
          </Principal>
          <Dependent Role="Reference">
            <PropertyRef Name="event_id"/>
          </Dependent>
        </ReferentialConstraint>
      </Association>
      <Association Name="GTTDelayedEvent_eventProcesses">
        <End Role="GTTDelayedEvent" Type="com.sap.gtt.tst.tfoService.GTTDelayedEvent" Multiplicity="*"/>
        <End Role="ProcessEventDirectory" Type="com.sap.gtt.tst.tfoService.ProcessEventDirectory" Multiplicity="*"/>
      </Association>
      <Association Name="GTTDeletionEvent_references">
        <End Role="GTTDeletionEvent" Type="com.sap.gtt.tst.tfoService.GTTDeletionEvent" Multiplicity="*"/>
        <End Role="Reference" Type="com.sap.gtt.tst.tfoService.Reference" Multiplicity="*">
          <OnDelete Action="Cascade"/>
        </End>
        <ReferentialConstraint>
          <Principal Role="GTTDeletionEvent">
            <PropertyRef Name="id"/>
          </Principal>
          <Dependent Role="Reference">
            <PropertyRef Name="event_id"/>
          </Dependent>
        </ReferentialConstraint>
      </Association>
      <Association Name="GTTDeletionEvent_eventProcesses">
        <End Role="GTTDeletionEvent" Type="com.sap.gtt.tst.tfoService.GTTDeletionEvent" Multiplicity="*"/>
        <End Role="ProcessEventDirectory" Type="com.sap.gtt.tst.tfoService.ProcessEventDirectory" Multiplicity="*"/>
      </Association>
      <Association Name="GTTOverdueEvent_references">
        <End Role="GTTOverdueEvent" Type="com.sap.gtt.tst.tfoService.GTTOverdueEvent" Multiplicity="*"/>
        <End Role="Reference" Type="com.sap.gtt.tst.tfoService.Reference" Multiplicity="*">
          <OnDelete Action="Cascade"/>
        </End>
        <ReferentialConstraint>
          <Principal Role="GTTOverdueEvent">
            <PropertyRef Name="id"/>
          </Principal>
          <Dependent Role="Reference">
            <PropertyRef Name="event_id"/>
          </Dependent>
        </ReferentialConstraint>
      </Association>
      <Association Name="GTTOverdueEvent_eventProcesses">
        <End Role="GTTOverdueEvent" Type="com.sap.gtt.tst.tfoService.GTTOverdueEvent" Multiplicity="*"/>
        <End Role="ProcessEventDirectory" Type="com.sap.gtt.tst.tfoService.ProcessEventDirectory" Multiplicity="*"/>
      </Association>
      <Association Name="GTTResetPlannedEventStatusEvent_references">
        <End Role="GTTResetPlannedEventStatusEvent" Type="com.sap.gtt.tst.tfoService.GTTResetPlannedEventStatusEvent" Multiplicity="*"/>
        <End Role="Reference" Type="com.sap.gtt.tst.tfoService.Reference" Multiplicity="*">
          <OnDelete Action="Cascade"/>
        </End>
        <ReferentialConstraint>
          <Principal Role="GTTResetPlannedEventStatusEvent">
            <PropertyRef Name="id"/>
          </Principal>
          <Dependent Role="Reference">
            <PropertyRef Name="event_id"/>
          </Dependent>
        </ReferentialConstraint>
      </Association>
      <Association Name="GTTResetPlannedEventStatusEvent_eventProcesses">
        <End Role="GTTResetPlannedEventStatusEvent" Type="com.sap.gtt.tst.tfoService.GTTResetPlannedEventStatusEvent" Multiplicity="*"/>
        <End Role="ProcessEventDirectory" Type="com.sap.gtt.tst.tfoService.ProcessEventDirectory" Multiplicity="*"/>
      </Association>
      <Association Name="LifeCycleStatus_texts">
        <End Role="LifeCycleStatus" Type="com.sap.gtt.tst.tfoService.LifeCycleStatus" Multiplicity="*"/>
        <End Role="LifeCycleStatus_texts" Type="com.sap.gtt.tst.tfoService.LifeCycleStatus_texts" Multiplicity="*">
          <OnDelete Action="Cascade"/>
        </End>
        <ReferentialConstraint>
          <Principal Role="LifeCycleStatus">
            <PropertyRef Name="code"/>
          </Principal>
          <Dependent Role="LifeCycleStatus_texts">
            <PropertyRef Name="code"/>
          </Dependent>
        </ReferentialConstraint>
      </Association>
      <Association Name="LifeCycleStatus_localized">
        <End Role="LifeCycleStatus" Type="com.sap.gtt.tst.tfoService.LifeCycleStatus" Multiplicity="*"/>
        <End Role="LifeCycleStatus_texts" Type="com.sap.gtt.tst.tfoService.LifeCycleStatus_texts" Multiplicity="0..1"/>
        <ReferentialConstraint>
          <Principal Role="LifeCycleStatus_texts">
            <PropertyRef Name="code"/>
            <PropertyRef Name="locale"/>
          </Principal>
          <Dependent Role="LifeCycleStatus">
            <PropertyRef Name="code"/>
            <PropertyRef Name="$user"/>
          </Dependent>
        </ReferentialConstraint>
      </Association>
      <Association Name="OrderStatus_texts">
        <End Role="OrderStatus" Type="com.sap.gtt.tst.tfoService.OrderStatus" Multiplicity="*"/>
        <End Role="OrderStatus_texts" Type="com.sap.gtt.tst.tfoService.OrderStatus_texts" Multiplicity="*">
          <OnDelete Action="Cascade"/>
        </End>
        <ReferentialConstraint>
          <Principal Role="OrderStatus">
            <PropertyRef Name="code"/>
          </Principal>
          <Dependent Role="OrderStatus_texts">
            <PropertyRef Name="code"/>
          </Dependent>
        </ReferentialConstraint>
      </Association>
      <Association Name="OrderStatus_localized">
        <End Role="OrderStatus" Type="com.sap.gtt.tst.tfoService.OrderStatus" Multiplicity="*"/>
        <End Role="OrderStatus_texts" Type="com.sap.gtt.tst.tfoService.OrderStatus_texts" Multiplicity="0..1"/>
        <ReferentialConstraint>
          <Principal Role="OrderStatus_texts">
            <PropertyRef Name="code"/>
            <PropertyRef Name="locale"/>
          </Principal>
          <Dependent Role="OrderStatus">
            <PropertyRef Name="code"/>
            <PropertyRef Name="$user"/>
          </Dependent>
        </ReferentialConstraint>
      </Association>
      <Association Name="PlannedEvent_process">
        <End Role="PlannedEvent" Type="com.sap.gtt.tst.tfoService.PlannedEvent" Multiplicity="*"/>
        <End Role="TrackedProcess" Type="com.sap.gtt.tst.tfoService.TrackedProcess" Multiplicity="0..1"/>
        <ReferentialConstraint>
          <Principal Role="TrackedProcess">
            <PropertyRef Name="id"/>
          </Principal>
          <Dependent Role="PlannedEvent">
            <PropertyRef Name="process_id"/>
          </Dependent>
        </ReferentialConstraint>
      </Association>
      <Association Name="PlannedEvent_eventStatus">
        <End Role="PlannedEvent" Type="com.sap.gtt.tst.tfoService.PlannedEvent" Multiplicity="*"/>
        <End Role="EventStatus" Type="com.sap.gtt.tst.tfoService.EventStatus" Multiplicity="0..1"/>
        <ReferentialConstraint>
          <Principal Role="EventStatus">
            <PropertyRef Name="code"/>
          </Principal>
          <Dependent Role="PlannedEvent">
            <PropertyRef Name="eventStatus_code"/>
          </Dependent>
        </ReferentialConstraint>
      </Association>
      <Association Name="PlannedEvent_lastProcessEventDirectory">
        <End Role="PlannedEvent" Type="com.sap.gtt.tst.tfoService.PlannedEvent" Multiplicity="*"/>
        <End Role="ProcessEventDirectory" Type="com.sap.gtt.tst.tfoService.ProcessEventDirectory" Multiplicity="0..1"/>
        <ReferentialConstraint>
          <Principal Role="ProcessEventDirectory">
            <PropertyRef Name="id"/>
          </Principal>
          <Dependent Role="PlannedEvent">
            <PropertyRef Name="lastProcessEventDirectory_id"/>
          </Dependent>
        </ReferentialConstraint>
      </Association>
      <Association Name="PlannedEventForEvent_event">
        <End Role="PlannedEventForEvent" Type="com.sap.gtt.tst.tfoService.PlannedEventForEvent" Multiplicity="*"/>
        <End Role="Event" Type="com.sap.gtt.tst.tfoService.Event" Multiplicity="0..1"/>
        <ReferentialConstraint>
          <Principal Role="Event">
            <PropertyRef Name="id"/>
          </Principal>
          <Dependent Role="PlannedEventForEvent">
            <PropertyRef Name="event_id"/>
          </Dependent>
        </ReferentialConstraint>
      </Association>
      <Association Name="ProcessEventDirectory_process">
        <End Role="ProcessEventDirectory" Type="com.sap.gtt.tst.tfoService.ProcessEventDirectory" Multiplicity="*"/>
        <End Role="TrackedProcess" Type="com.sap.gtt.tst.tfoService.TrackedProcess" Multiplicity="0..1"/>
        <ReferentialConstraint>
          <Principal Role="TrackedProcess">
            <PropertyRef Name="id"/>
          </Principal>
          <Dependent Role="ProcessEventDirectory">
            <PropertyRef Name="process_id"/>
          </Dependent>
        </ReferentialConstraint>
      </Association>
      <Association Name="ProcessEventDirectory_plannedEvent">
        <End Role="ProcessEventDirectory" Type="com.sap.gtt.tst.tfoService.ProcessEventDirectory" Multiplicity="*"/>
        <End Role="PlannedEvent" Type="com.sap.gtt.tst.tfoService.PlannedEvent" Multiplicity="0..1"/>
        <ReferentialConstraint>
          <Principal Role="PlannedEvent">
            <PropertyRef Name="id"/>
          </Principal>
          <Dependent Role="ProcessEventDirectory">
            <PropertyRef Name="plannedEvent_id"/>
          </Dependent>
        </ReferentialConstraint>
      </Association>
      <Association Name="ProcessEventDirectory_event">
        <End Role="ProcessEventDirectory" Type="com.sap.gtt.tst.tfoService.ProcessEventDirectory" Multiplicity="*"/>
        <End Role="Event" Type="com.sap.gtt.tst.tfoService.Event" Multiplicity="0..1"/>
        <ReferentialConstraint>
          <Principal Role="Event">
            <PropertyRef Name="id"/>
          </Principal>
          <Dependent Role="ProcessEventDirectory">
            <PropertyRef Name="event_id"/>
          </Dependent>
        </ReferentialConstraint>
      </Association>
      <Association Name="ProcessEventDirectory_correlationType">
        <End Role="ProcessEventDirectory" Type="com.sap.gtt.tst.tfoService.ProcessEventDirectory" Multiplicity="*"/>
        <End Role="CorrelationType" Type="com.sap.gtt.tst.tfoService.CorrelationType" Multiplicity="0..1"/>
        <ReferentialConstraint>
          <Principal Role="CorrelationType">
            <PropertyRef Name="code"/>
          </Principal>
          <Dependent Role="ProcessEventDirectory">
            <PropertyRef Name="correlationType_code"/>
          </Dependent>
        </ReferentialConstraint>
      </Association>
      <Association Name="ProcessStatus_texts">
        <End Role="ProcessStatus" Type="com.sap.gtt.tst.tfoService.ProcessStatus" Multiplicity="*"/>
        <End Role="ProcessStatus_texts" Type="com.sap.gtt.tst.tfoService.ProcessStatus_texts" Multiplicity="*">
          <OnDelete Action="Cascade"/>
        </End>
        <ReferentialConstraint>
          <Principal Role="ProcessStatus">
            <PropertyRef Name="code"/>
          </Principal>
          <Dependent Role="ProcessStatus_texts">
            <PropertyRef Name="code"/>
          </Dependent>
        </ReferentialConstraint>
      </Association>
      <Association Name="ProcessStatus_localized">
        <End Role="ProcessStatus" Type="com.sap.gtt.tst.tfoService.ProcessStatus" Multiplicity="*"/>
        <End Role="ProcessStatus_texts" Type="com.sap.gtt.tst.tfoService.ProcessStatus_texts" Multiplicity="0..1"/>
        <ReferentialConstraint>
          <Principal Role="ProcessStatus_texts">
            <PropertyRef Name="code"/>
            <PropertyRef Name="locale"/>
          </Principal>
          <Dependent Role="ProcessStatus">
            <PropertyRef Name="code"/>
            <PropertyRef Name="$user"/>
          </Dependent>
        </ReferentialConstraint>
      </Association>
      <Association Name="QualifiedTrackingId_process">
        <End Role="QualifiedTrackingId" Type="com.sap.gtt.tst.tfoService.QualifiedTrackingId" Multiplicity="*"/>
        <End Role="TrackedProcess" Type="com.sap.gtt.tst.tfoService.TrackedProcess" Multiplicity="0..1"/>
        <ReferentialConstraint>
          <Principal Role="TrackedProcess">
            <PropertyRef Name="id"/>
          </Principal>
          <Dependent Role="QualifiedTrackingId">
            <PropertyRef Name="process_id"/>
          </Dependent>
        </ReferentialConstraint>
      </Association>
      <Association Name="QualifiedTrackingId_observedProcess">
        <End Role="QualifiedTrackingId" Type="com.sap.gtt.tst.tfoService.QualifiedTrackingId" Multiplicity="*"/>
        <End Role="TrackedProcess" Type="com.sap.gtt.tst.tfoService.TrackedProcess" Multiplicity="0..1"/>
        <ReferentialConstraint>
          <Principal Role="TrackedProcess">
            <PropertyRef Name="id"/>
          </Principal>
          <Dependent Role="QualifiedTrackingId">
            <PropertyRef Name="observedProcess_id"/>
          </Dependent>
        </ReferentialConstraint>
      </Association>
      <Association Name="Reference_event">
        <End Role="Reference" Type="com.sap.gtt.tst.tfoService.Reference" Multiplicity="*"/>
        <End Role="Event" Type="com.sap.gtt.tst.tfoService.Event" Multiplicity="0..1"/>
        <ReferentialConstraint>
          <Principal Role="Event">
            <PropertyRef Name="id"/>
          </Principal>
          <Dependent Role="Reference">
            <PropertyRef Name="event_id"/>
          </Dependent>
        </ReferentialConstraint>
      </Association>
      <Association Name="Reference_referenceType">
        <End Role="Reference" Type="com.sap.gtt.tst.tfoService.Reference" Multiplicity="*"/>
        <End Role="ReferenceType" Type="com.sap.gtt.tst.tfoService.ReferenceType" Multiplicity="0..1"/>
        <ReferentialConstraint>
          <Principal Role="ReferenceType">
            <PropertyRef Name="code"/>
          </Principal>
          <Dependent Role="Reference">
            <PropertyRef Name="referenceType_code"/>
          </Dependent>
        </ReferentialConstraint>
      </Association>
      <Association Name="Reference_action">
        <End Role="Reference" Type="com.sap.gtt.tst.tfoService.Reference" Multiplicity="*"/>
        <End Role="Action" Type="com.sap.gtt.tst.tfoService.Action" Multiplicity="0..1"/>
        <ReferentialConstraint>
          <Principal Role="Action">
            <PropertyRef Name="code"/>
          </Principal>
          <Dependent Role="Reference">
            <PropertyRef Name="action_code"/>
          </Dependent>
        </ReferentialConstraint>
      </Association>
      <Association Name="ReferenceType_texts">
        <End Role="ReferenceType" Type="com.sap.gtt.tst.tfoService.ReferenceType" Multiplicity="*"/>
        <End Role="ReferenceType_texts" Type="com.sap.gtt.tst.tfoService.ReferenceType_texts" Multiplicity="*">
          <OnDelete Action="Cascade"/>
        </End>
        <ReferentialConstraint>
          <Principal Role="ReferenceType">
            <PropertyRef Name="code"/>
          </Principal>
          <Dependent Role="ReferenceType_texts">
            <PropertyRef Name="code"/>
          </Dependent>
        </ReferentialConstraint>
      </Association>
      <Association Name="ReferenceType_localized">
        <End Role="ReferenceType" Type="com.sap.gtt.tst.tfoService.ReferenceType" Multiplicity="*"/>
        <End Role="ReferenceType_texts" Type="com.sap.gtt.tst.tfoService.ReferenceType_texts" Multiplicity="0..1"/>
        <ReferentialConstraint>
          <Principal Role="ReferenceType_texts">
            <PropertyRef Name="code"/>
            <PropertyRef Name="locale"/>
          </Principal>
          <Dependent Role="ReferenceType">
            <PropertyRef Name="code"/>
            <PropertyRef Name="$user"/>
          </Dependent>
        </ReferentialConstraint>
      </Association>
      <Association Name="TrackedProcess_processStatus">
        <End Role="TrackedProcess" Type="com.sap.gtt.tst.tfoService.TrackedProcess" Multiplicity="*"/>
        <End Role="ProcessStatus" Type="com.sap.gtt.tst.tfoService.ProcessStatus" Multiplicity="0..1"/>
        <ReferentialConstraint>
          <Principal Role="ProcessStatus">
            <PropertyRef Name="code"/>
          </Principal>
          <Dependent Role="TrackedProcess">
            <PropertyRef Name="processStatus_code"/>
          </Dependent>
        </ReferentialConstraint>
      </Association>
      <Association Name="TrackedProcess_trackingIds">
        <End Role="TrackedProcess" Type="com.sap.gtt.tst.tfoService.TrackedProcess" Multiplicity="*"/>
        <End Role="QualifiedTrackingId" Type="com.sap.gtt.tst.tfoService.QualifiedTrackingId" Multiplicity="*">
          <OnDelete Action="Cascade"/>
        </End>
        <ReferentialConstraint>
          <Principal Role="TrackedProcess">
            <PropertyRef Name="id"/>
          </Principal>
          <Dependent Role="QualifiedTrackingId">
            <PropertyRef Name="process_id"/>
          </Dependent>
        </ReferentialConstraint>
      </Association>
      <Association Name="TrackedProcess_plannedEvents">
        <End Role="TrackedProcess" Type="com.sap.gtt.tst.tfoService.TrackedProcess" Multiplicity="*"/>
        <End Role="PlannedEvent" Type="com.sap.gtt.tst.tfoService.PlannedEvent" Multiplicity="*">
          <OnDelete Action="Cascade"/>
        </End>
        <ReferentialConstraint>
          <Principal Role="TrackedProcess">
            <PropertyRef Name="id"/>
          </Principal>
          <Dependent Role="PlannedEvent">
            <PropertyRef Name="process_id"/>
          </Dependent>
        </ReferentialConstraint>
      </Association>
      <Association Name="TrackedProcess_processEvents">
        <End Role="TrackedProcess" Type="com.sap.gtt.tst.tfoService.TrackedProcess" Multiplicity="*"/>
        <End Role="ProcessEventDirectory" Type="com.sap.gtt.tst.tfoService.ProcessEventDirectory" Multiplicity="*">
          <OnDelete Action="Cascade"/>
        </End>
        <ReferentialConstraint>
          <Principal Role="TrackedProcess">
            <PropertyRef Name="id"/>
          </Principal>
          <Dependent Role="ProcessEventDirectory">
            <PropertyRef Name="process_id"/>
          </Dependent>
        </ReferentialConstraint>
      </Association>
      <Association Name="TrackedProcess_lifeCycleStatus">
        <End Role="TrackedProcess" Type="com.sap.gtt.tst.tfoService.TrackedProcess" Multiplicity="*"/>
        <End Role="LifeCycleStatus" Type="com.sap.gtt.tst.tfoService.LifeCycleStatus" Multiplicity="0..1"/>
        <ReferentialConstraint>
          <Principal Role="LifeCycleStatus">
            <PropertyRef Name="code"/>
          </Principal>
          <Dependent Role="TrackedProcess">
            <PropertyRef Name="lifeCycleStatus_code"/>
          </Dependent>
        </ReferentialConstraint>
      </Association>
    </Schema>
  </edmx:DataServices>
</edmx:Edmx>