<?xml version="1.0" encoding="utf-8"?>
<edmx:Edmx Version="1.0" xmlns:edmx="http://schemas.microsoft.com/ado/2007/06/edmx" xmlns:m="http://schemas.microsoft.com/ado/2007/08/dataservices/metadata" xmlns:sap="http://www.sap.com/Protocols/SAPData">
  <edmx:DataServices m:DataServiceVersion="2.0">
    <Schema Namespace="com.sap.gtt.app.codelist01.codelist01Service" xmlns="http://schemas.microsoft.com/ado/2008/09/edm">
      <EntityContainer Name="EntityContainer" m:IsDefaultEntityContainer="true">
        <EntitySet Name="Event" EntityType="com.sap.gtt.app.codelist01.codelist01Service.Event"/>
        <EntitySet Name="ExecutionStatus" EntityType="com.sap.gtt.app.codelist01.codelist01Service.ExecutionStatus"/>
        <EntitySet Name="GTTDPPBlockingEvent" EntityType="com.sap.gtt.app.codelist01.codelist01Service.GTTDPPBlockingEvent"/>
        <EntitySet Name="GTTDPPDeletionEvent" EntityType="com.sap.gtt.app.codelist01.codelist01Service.GTTDPPDeletionEvent"/>
        <EntitySet Name="GTTDelayedEvent" EntityType="com.sap.gtt.app.codelist01.codelist01Service.GTTDelayedEvent"/>
        <EntitySet Name="GTTDeletionEvent" EntityType="com.sap.gtt.app.codelist01.codelist01Service.GTTDeletionEvent"/>
        <EntitySet Name="GTTOverdueEvent" EntityType="com.sap.gtt.app.codelist01.codelist01Service.GTTOverdueEvent"/>
        <EntitySet Name="GTTResetPlannedEventStatusEvent" EntityType="com.sap.gtt.app.codelist01.codelist01Service.GTTResetPlannedEventStatusEvent"/>
        <EntitySet Name="OrderStatus" EntityType="com.sap.gtt.app.codelist01.codelist01Service.OrderStatus"/>
        <EntitySet Name="PlannedEvent" EntityType="com.sap.gtt.app.codelist01.codelist01Service.PlannedEvent"/>
        <EntitySet Name="PlannedEventForEvent" EntityType="com.sap.gtt.app.codelist01.codelist01Service.PlannedEventForEvent"/>
        <EntitySet Name="ProcessEventDirectory" EntityType="com.sap.gtt.app.codelist01.codelist01Service.ProcessEventDirectory"/>
        <EntitySet Name="QualifiedTrackingId" EntityType="com.sap.gtt.app.codelist01.codelist01Service.QualifiedTrackingId"/>
        <EntitySet Name="Reference" EntityType="com.sap.gtt.app.codelist01.codelist01Service.Reference"/>
        <EntitySet Name="TrackedProcess" EntityType="com.sap.gtt.app.codelist01.codelist01Service.TrackedProcess"/>
        <EntitySet Name="com_sap_gtt_app_codelist01_shipment_ExecutionStatus_texts" EntityType="com.sap.gtt.app.codelist01.codelist01Service.com_sap_gtt_app_codelist01_shipment_ExecutionStatus_texts"/>
        <EntitySet Name="com_sap_gtt_app_codelist01_shipment_OrderStatus_texts" EntityType="com.sap.gtt.app.codelist01.codelist01Service.com_sap_gtt_app_codelist01_shipment_OrderStatus_texts"/>
        <EntitySet Name="com_sap_gtt_app_codelist01_shipment_shipmentEvent_texts" EntityType="com.sap.gtt.app.codelist01.codelist01Service.com_sap_gtt_app_codelist01_shipment_shipmentEvent_texts"/>
        <EntitySet Name="com_sap_gtt_app_codelist01_shipment_shipment_texts" EntityType="com.sap.gtt.app.codelist01.codelist01Service.com_sap_gtt_app_codelist01_shipment_shipment_texts"/>
        <EntitySet Name="shipment" EntityType="com.sap.gtt.app.codelist01.codelist01Service.shipment"/>
        <EntitySet Name="shipmentEvent" EntityType="com.sap.gtt.app.codelist01.codelist01Service.shipmentEvent"/>
        <AssociationSet Name="Event_references" Association="com.sap.gtt.app.codelist01.codelist01Service.Event_references">
          <End Role="Event" EntitySet="Event"/>
          <End Role="Reference" EntitySet="Reference"/>
        </AssociationSet>
        <AssociationSet Name="Event_eventProcesses" Association="com.sap.gtt.app.codelist01.codelist01Service.Event_eventProcesses">
          <End Role="Event" EntitySet="Event"/>
          <End Role="ProcessEventDirectory" EntitySet="ProcessEventDirectory"/>
        </AssociationSet>
        <AssociationSet Name="ExecutionStatus_texts" Association="com.sap.gtt.app.codelist01.codelist01Service.ExecutionStatus_texts">
          <End Role="ExecutionStatus" EntitySet="ExecutionStatus"/>
          <End Role="com_sap_gtt_app_codelist01_shipment_ExecutionStatus_texts" EntitySet="com_sap_gtt_app_codelist01_shipment_ExecutionStatus_texts"/>
        </AssociationSet>
        <AssociationSet Name="ExecutionStatus_localized" Association="com.sap.gtt.app.codelist01.codelist01Service.ExecutionStatus_localized">
          <End Role="ExecutionStatus" EntitySet="ExecutionStatus"/>
          <End Role="com_sap_gtt_app_codelist01_shipment_ExecutionStatus_texts" EntitySet="com_sap_gtt_app_codelist01_shipment_ExecutionStatus_texts"/>
        </AssociationSet>
        <AssociationSet Name="GTTDPPBlockingEvent_references" Association="com.sap.gtt.app.codelist01.codelist01Service.GTTDPPBlockingEvent_references">
          <End Role="GTTDPPBlockingEvent" EntitySet="GTTDPPBlockingEvent"/>
          <End Role="Reference" EntitySet="Reference"/>
        </AssociationSet>
        <AssociationSet Name="GTTDPPBlockingEvent_eventProcesses" Association="com.sap.gtt.app.codelist01.codelist01Service.GTTDPPBlockingEvent_eventProcesses">
          <End Role="GTTDPPBlockingEvent" EntitySet="GTTDPPBlockingEvent"/>
          <End Role="ProcessEventDirectory" EntitySet="ProcessEventDirectory"/>
        </AssociationSet>
        <AssociationSet Name="GTTDPPDeletionEvent_references" Association="com.sap.gtt.app.codelist01.codelist01Service.GTTDPPDeletionEvent_references">
          <End Role="GTTDPPDeletionEvent" EntitySet="GTTDPPDeletionEvent"/>
          <End Role="Reference" EntitySet="Reference"/>
        </AssociationSet>
        <AssociationSet Name="GTTDPPDeletionEvent_eventProcesses" Association="com.sap.gtt.app.codelist01.codelist01Service.GTTDPPDeletionEvent_eventProcesses">
          <End Role="GTTDPPDeletionEvent" EntitySet="GTTDPPDeletionEvent"/>
          <End Role="ProcessEventDirectory" EntitySet="ProcessEventDirectory"/>
        </AssociationSet>
        <AssociationSet Name="GTTDelayedEvent_references" Association="com.sap.gtt.app.codelist01.codelist01Service.GTTDelayedEvent_references">
          <End Role="GTTDelayedEvent" EntitySet="GTTDelayedEvent"/>
          <End Role="Reference" EntitySet="Reference"/>
        </AssociationSet>
        <AssociationSet Name="GTTDelayedEvent_eventProcesses" Association="com.sap.gtt.app.codelist01.codelist01Service.GTTDelayedEvent_eventProcesses">
          <End Role="GTTDelayedEvent" EntitySet="GTTDelayedEvent"/>
          <End Role="ProcessEventDirectory" EntitySet="ProcessEventDirectory"/>
        </AssociationSet>
        <AssociationSet Name="GTTDeletionEvent_references" Association="com.sap.gtt.app.codelist01.codelist01Service.GTTDeletionEvent_references">
          <End Role="GTTDeletionEvent" EntitySet="GTTDeletionEvent"/>
          <End Role="Reference" EntitySet="Reference"/>
        </AssociationSet>
        <AssociationSet Name="GTTDeletionEvent_eventProcesses" Association="com.sap.gtt.app.codelist01.codelist01Service.GTTDeletionEvent_eventProcesses">
          <End Role="GTTDeletionEvent" EntitySet="GTTDeletionEvent"/>
          <End Role="ProcessEventDirectory" EntitySet="ProcessEventDirectory"/>
        </AssociationSet>
        <AssociationSet Name="GTTOverdueEvent_references" Association="com.sap.gtt.app.codelist01.codelist01Service.GTTOverdueEvent_references">
          <End Role="GTTOverdueEvent" EntitySet="GTTOverdueEvent"/>
          <End Role="Reference" EntitySet="Reference"/>
        </AssociationSet>
        <AssociationSet Name="GTTOverdueEvent_eventProcesses" Association="com.sap.gtt.app.codelist01.codelist01Service.GTTOverdueEvent_eventProcesses">
          <End Role="GTTOverdueEvent" EntitySet="GTTOverdueEvent"/>
          <End Role="ProcessEventDirectory" EntitySet="ProcessEventDirectory"/>
        </AssociationSet>
        <AssociationSet Name="GTTResetPlannedEventStatusEvent_references" Association="com.sap.gtt.app.codelist01.codelist01Service.GTTResetPlannedEventStatusEvent_references">
          <End Role="GTTResetPlannedEventStatusEvent" EntitySet="GTTResetPlannedEventStatusEvent"/>
          <End Role="Reference" EntitySet="Reference"/>
        </AssociationSet>
        <AssociationSet Name="GTTResetPlannedEventStatusEvent_eventProcesses" Association="com.sap.gtt.app.codelist01.codelist01Service.GTTResetPlannedEventStatusEvent_eventProcesses">
          <End Role="GTTResetPlannedEventStatusEvent" EntitySet="GTTResetPlannedEventStatusEvent"/>
          <End Role="ProcessEventDirectory" EntitySet="ProcessEventDirectory"/>
        </AssociationSet>
        <AssociationSet Name="OrderStatus_texts" Association="com.sap.gtt.app.codelist01.codelist01Service.OrderStatus_texts">
          <End Role="OrderStatus" EntitySet="OrderStatus"/>
          <End Role="com_sap_gtt_app_codelist01_shipment_OrderStatus_texts" EntitySet="com_sap_gtt_app_codelist01_shipment_OrderStatus_texts"/>
        </AssociationSet>
        <AssociationSet Name="OrderStatus_localized" Association="com.sap.gtt.app.codelist01.codelist01Service.OrderStatus_localized">
          <End Role="OrderStatus" EntitySet="OrderStatus"/>
          <End Role="com_sap_gtt_app_codelist01_shipment_OrderStatus_texts" EntitySet="com_sap_gtt_app_codelist01_shipment_OrderStatus_texts"/>
        </AssociationSet>
        <AssociationSet Name="PlannedEvent_process" Association="com.sap.gtt.app.codelist01.codelist01Service.PlannedEvent_process">
          <End Role="PlannedEvent" EntitySet="PlannedEvent"/>
          <End Role="TrackedProcess" EntitySet="TrackedProcess"/>
        </AssociationSet>
        <AssociationSet Name="PlannedEvent_lastProcessEventDirectory" Association="com.sap.gtt.app.codelist01.codelist01Service.PlannedEvent_lastProcessEventDirectory">
          <End Role="PlannedEvent" EntitySet="PlannedEvent"/>
          <End Role="ProcessEventDirectory" EntitySet="ProcessEventDirectory"/>
        </AssociationSet>
        <AssociationSet Name="PlannedEventForEvent_event" Association="com.sap.gtt.app.codelist01.codelist01Service.PlannedEventForEvent_event">
          <End Role="PlannedEventForEvent" EntitySet="PlannedEventForEvent"/>
          <End Role="Event" EntitySet="Event"/>
        </AssociationSet>
        <AssociationSet Name="ProcessEventDirectory_process" Association="com.sap.gtt.app.codelist01.codelist01Service.ProcessEventDirectory_process">
          <End Role="ProcessEventDirectory" EntitySet="ProcessEventDirectory"/>
          <End Role="TrackedProcess" EntitySet="TrackedProcess"/>
        </AssociationSet>
        <AssociationSet Name="ProcessEventDirectory_plannedEvent" Association="com.sap.gtt.app.codelist01.codelist01Service.ProcessEventDirectory_plannedEvent">
          <End Role="ProcessEventDirectory" EntitySet="ProcessEventDirectory"/>
          <End Role="PlannedEvent" EntitySet="PlannedEvent"/>
        </AssociationSet>
        <AssociationSet Name="ProcessEventDirectory_event" Association="com.sap.gtt.app.codelist01.codelist01Service.ProcessEventDirectory_event">
          <End Role="ProcessEventDirectory" EntitySet="ProcessEventDirectory"/>
          <End Role="Event" EntitySet="Event"/>
        </AssociationSet>
        <AssociationSet Name="QualifiedTrackingId_process" Association="com.sap.gtt.app.codelist01.codelist01Service.QualifiedTrackingId_process">
          <End Role="QualifiedTrackingId" EntitySet="QualifiedTrackingId"/>
          <End Role="TrackedProcess" EntitySet="TrackedProcess"/>
        </AssociationSet>
        <AssociationSet Name="QualifiedTrackingId_observedProcess" Association="com.sap.gtt.app.codelist01.codelist01Service.QualifiedTrackingId_observedProcess">
          <End Role="QualifiedTrackingId" EntitySet="QualifiedTrackingId"/>
          <End Role="TrackedProcess" EntitySet="TrackedProcess"/>
        </AssociationSet>
        <AssociationSet Name="Reference_event" Association="com.sap.gtt.app.codelist01.codelist01Service.Reference_event">
          <End Role="Reference" EntitySet="Reference"/>
          <End Role="Event" EntitySet="Event"/>
        </AssociationSet>
        <AssociationSet Name="TrackedProcess_trackingIds" Association="com.sap.gtt.app.codelist01.codelist01Service.TrackedProcess_trackingIds">
          <End Role="TrackedProcess" EntitySet="TrackedProcess"/>
          <End Role="QualifiedTrackingId" EntitySet="QualifiedTrackingId"/>
        </AssociationSet>
        <AssociationSet Name="TrackedProcess_plannedEvents" Association="com.sap.gtt.app.codelist01.codelist01Service.TrackedProcess_plannedEvents">
          <End Role="TrackedProcess" EntitySet="TrackedProcess"/>
          <End Role="PlannedEvent" EntitySet="PlannedEvent"/>
        </AssociationSet>
        <AssociationSet Name="TrackedProcess_processEvents" Association="com.sap.gtt.app.codelist01.codelist01Service.TrackedProcess_processEvents">
          <End Role="TrackedProcess" EntitySet="TrackedProcess"/>
          <End Role="ProcessEventDirectory" EntitySet="ProcessEventDirectory"/>
        </AssociationSet>
        <AssociationSet Name="shipment_trackingIds" Association="com.sap.gtt.app.codelist01.codelist01Service.shipment_trackingIds">
          <End Role="shipment" EntitySet="shipment"/>
          <End Role="QualifiedTrackingId" EntitySet="QualifiedTrackingId"/>
        </AssociationSet>
        <AssociationSet Name="shipment_plannedEvents" Association="com.sap.gtt.app.codelist01.codelist01Service.shipment_plannedEvents">
          <End Role="shipment" EntitySet="shipment"/>
          <End Role="PlannedEvent" EntitySet="PlannedEvent"/>
        </AssociationSet>
        <AssociationSet Name="shipment_processEvents" Association="com.sap.gtt.app.codelist01.codelist01Service.shipment_processEvents">
          <End Role="shipment" EntitySet="shipment"/>
          <End Role="ProcessEventDirectory" EntitySet="ProcessEventDirectory"/>
        </AssociationSet>
        <AssociationSet Name="shipment_orderStatus" Association="com.sap.gtt.app.codelist01.codelist01Service.shipment_orderStatus">
          <End Role="shipment" EntitySet="shipment"/>
          <End Role="OrderStatus" EntitySet="OrderStatus"/>
        </AssociationSet>
        <AssociationSet Name="shipment_texts" Association="com.sap.gtt.app.codelist01.codelist01Service.shipment_texts">
          <End Role="shipment" EntitySet="shipment"/>
          <End Role="com_sap_gtt_app_codelist01_shipment_shipment_texts" EntitySet="com_sap_gtt_app_codelist01_shipment_shipment_texts"/>
        </AssociationSet>
        <AssociationSet Name="shipment_localized" Association="com.sap.gtt.app.codelist01.codelist01Service.shipment_localized">
          <End Role="shipment" EntitySet="shipment"/>
          <End Role="com_sap_gtt_app_codelist01_shipment_shipment_texts" EntitySet="com_sap_gtt_app_codelist01_shipment_shipment_texts"/>
        </AssociationSet>
        <AssociationSet Name="shipmentEvent_references" Association="com.sap.gtt.app.codelist01.codelist01Service.shipmentEvent_references">
          <End Role="shipmentEvent" EntitySet="shipmentEvent"/>
          <End Role="Reference" EntitySet="Reference"/>
        </AssociationSet>
        <AssociationSet Name="shipmentEvent_eventProcesses" Association="com.sap.gtt.app.codelist01.codelist01Service.shipmentEvent_eventProcesses">
          <End Role="shipmentEvent" EntitySet="shipmentEvent"/>
          <End Role="ProcessEventDirectory" EntitySet="ProcessEventDirectory"/>
        </AssociationSet>
        <AssociationSet Name="shipmentEvent_plannedEvents" Association="com.sap.gtt.app.codelist01.codelist01Service.shipmentEvent_plannedEvents">
          <End Role="shipmentEvent" EntitySet="shipmentEvent"/>
          <End Role="PlannedEventForEvent" EntitySet="PlannedEventForEvent"/>
        </AssociationSet>
        <AssociationSet Name="shipmentEvent_orderStatus" Association="com.sap.gtt.app.codelist01.codelist01Service.shipmentEvent_orderStatus">
          <End Role="shipmentEvent" EntitySet="shipmentEvent"/>
          <End Role="OrderStatus" EntitySet="OrderStatus"/>
        </AssociationSet>
        <AssociationSet Name="shipmentEvent_texts" Association="com.sap.gtt.app.codelist01.codelist01Service.shipmentEvent_texts">
          <End Role="shipmentEvent" EntitySet="shipmentEvent"/>
          <End Role="com_sap_gtt_app_codelist01_shipment_shipmentEvent_texts" EntitySet="com_sap_gtt_app_codelist01_shipment_shipmentEvent_texts"/>
        </AssociationSet>
        <AssociationSet Name="shipmentEvent_localized" Association="com.sap.gtt.app.codelist01.codelist01Service.shipmentEvent_localized">
          <End Role="shipmentEvent" EntitySet="shipmentEvent"/>
          <End Role="com_sap_gtt_app_codelist01_shipment_shipmentEvent_texts" EntitySet="com_sap_gtt_app_codelist01_shipment_shipmentEvent_texts"/>
        </AssociationSet>
      </EntityContainer>
      <EntityType Name="Event">
        <Key>
          <PropertyRef Name="id"/>
        </Key>
        <Property Name="id" Type="Edm.Guid" Nullable="false"/>
        <Property Name="subaccountId" Type="Edm.Guid"/>
        <Property Name="cloneInstanceId" Type="Edm.Guid"/>
        <Property Name="modelNamespace" Type="Edm.String" MaxLength="255"/>
        <Property Name="eventType" Type="Edm.String" MaxLength="255"/>
        <Property Name="eventReasonText" Type="Edm.String" MaxLength="255"/>
        <Property Name="eventReasonCode" Type="Edm.String" MaxLength="255"/>
        <Property Name="senderPartyId" Type="Edm.String" MaxLength="50"/>
        <Property Name="reportedBy" Type="Edm.String" MaxLength="255"/>
        <Property Name="altKey" Type="Edm.String" MaxLength="255"/>
        <Property Name="scheme" Type="Edm.String" MaxLength="255"/>
        <Property Name="partyId" Type="Edm.String" MaxLength="50"/>
        <Property Name="logicalSystem" Type="Edm.String" MaxLength="10"/>
        <Property Name="trackingIdType" Type="Edm.String" MaxLength="40"/>
        <Property Name="trackingId" Type="Edm.String" MaxLength="50"/>
        <Property Name="actualTechnicalTimestamp" Type="Edm.DateTimeOffset"/>
        <Property Name="actualBusinessTimestamp" Type="Edm.DateTimeOffset"/>
        <Property Name="actualBusinessTimeZone" Type="Edm.String" MaxLength="50"/>
        <Property Name="locationAltKey" Type="Edm.String" MaxLength="255"/>
        <Property Name="eventMatchKey" Type="Edm.String" MaxLength="255"/>
        <Property Name="longitude" Type="Edm.Decimal" Scale="9" Precision="12"/>
        <Property Name="latitude" Type="Edm.Decimal" Scale="9" Precision="12"/>
        <NavigationProperty Name="references" Relationship="com.sap.gtt.app.codelist01.codelist01Service.Event_references" FromRole="Event" ToRole="Reference"/>
        <NavigationProperty Name="eventProcesses" Relationship="com.sap.gtt.app.codelist01.codelist01Service.Event_eventProcesses" FromRole="Event" ToRole="ProcessEventDirectory"/>
        <Property Name="messageSourceType" Type="Edm.String" MaxLength="50"/>
        <Property Name="createdByUser" Type="Edm.String" MaxLength="64"/>
        <Property Name="creationDateTime" Type="Edm.DateTimeOffset"/>
      </EntityType>
      <EntityType Name="ExecutionStatus">
        <Key>
          <PropertyRef Name="code"/>
        </Key>
        <Property Name="code" Type="Edm.String" MaxLength="20" Nullable="false"/>
        <Property Name="name" Type="Edm.String" MaxLength="20" Nullable="false"/>
        <NavigationProperty Name="texts" Relationship="com.sap.gtt.app.codelist01.codelist01Service.ExecutionStatus_texts" FromRole="ExecutionStatus" ToRole="com_sap_gtt_app_codelist01_shipment_ExecutionStatus_texts"/>
        <NavigationProperty Name="localized" Relationship="com.sap.gtt.app.codelist01.codelist01Service.ExecutionStatus_localized" FromRole="ExecutionStatus" ToRole="com_sap_gtt_app_codelist01_shipment_ExecutionStatus_texts"/>
      </EntityType>
      <EntityType Name="GTTDPPBlockingEvent">
        <Key>
          <PropertyRef Name="id"/>
        </Key>
        <Property Name="id" Type="Edm.Guid" Nullable="false"/>
        <Property Name="subaccountId" Type="Edm.Guid"/>
        <Property Name="cloneInstanceId" Type="Edm.Guid"/>
        <Property Name="modelNamespace" Type="Edm.String" MaxLength="255"/>
        <Property Name="eventType" Type="Edm.String" MaxLength="255"/>
        <Property Name="eventReasonText" Type="Edm.String" MaxLength="255"/>
        <Property Name="eventReasonCode" Type="Edm.String" MaxLength="255"/>
        <Property Name="senderPartyId" Type="Edm.String" MaxLength="50"/>
        <Property Name="reportedBy" Type="Edm.String" MaxLength="255"/>
        <Property Name="altKey" Type="Edm.String" MaxLength="255"/>
        <Property Name="scheme" Type="Edm.String" MaxLength="255"/>
        <Property Name="partyId" Type="Edm.String" MaxLength="50"/>
        <Property Name="logicalSystem" Type="Edm.String" MaxLength="10"/>
        <Property Name="trackingIdType" Type="Edm.String" MaxLength="40"/>
        <Property Name="trackingId" Type="Edm.String" MaxLength="50"/>
        <Property Name="actualTechnicalTimestamp" Type="Edm.DateTimeOffset"/>
        <Property Name="actualBusinessTimestamp" Type="Edm.DateTimeOffset"/>
        <Property Name="actualBusinessTimeZone" Type="Edm.String" MaxLength="50"/>
        <Property Name="locationAltKey" Type="Edm.String" MaxLength="255"/>
        <Property Name="eventMatchKey" Type="Edm.String" MaxLength="255"/>
        <Property Name="longitude" Type="Edm.Decimal" Scale="9" Precision="12"/>
        <Property Name="latitude" Type="Edm.Decimal" Scale="9" Precision="12"/>
        <NavigationProperty Name="references" Relationship="com.sap.gtt.app.codelist01.codelist01Service.GTTDPPBlockingEvent_references" FromRole="GTTDPPBlockingEvent" ToRole="Reference"/>
        <NavigationProperty Name="eventProcesses" Relationship="com.sap.gtt.app.codelist01.codelist01Service.GTTDPPBlockingEvent_eventProcesses" FromRole="GTTDPPBlockingEvent" ToRole="ProcessEventDirectory"/>
        <Property Name="messageSourceType" Type="Edm.String" MaxLength="50"/>
        <Property Name="createdByUser" Type="Edm.String" MaxLength="64"/>
        <Property Name="creationDateTime" Type="Edm.DateTimeOffset"/>
      </EntityType>
      <EntityType Name="GTTDPPDeletionEvent">
        <Key>
          <PropertyRef Name="id"/>
        </Key>
        <Property Name="id" Type="Edm.Guid" Nullable="false"/>
        <Property Name="subaccountId" Type="Edm.Guid"/>
        <Property Name="cloneInstanceId" Type="Edm.Guid"/>
        <Property Name="modelNamespace" Type="Edm.String" MaxLength="255"/>
        <Property Name="eventType" Type="Edm.String" MaxLength="255"/>
        <Property Name="eventReasonText" Type="Edm.String" MaxLength="255"/>
        <Property Name="eventReasonCode" Type="Edm.String" MaxLength="255"/>
        <Property Name="senderPartyId" Type="Edm.String" MaxLength="50"/>
        <Property Name="reportedBy" Type="Edm.String" MaxLength="255"/>
        <Property Name="altKey" Type="Edm.String" MaxLength="255"/>
        <Property Name="scheme" Type="Edm.String" MaxLength="255"/>
        <Property Name="partyId" Type="Edm.String" MaxLength="50"/>
        <Property Name="logicalSystem" Type="Edm.String" MaxLength="10"/>
        <Property Name="trackingIdType" Type="Edm.String" MaxLength="40"/>
        <Property Name="trackingId" Type="Edm.String" MaxLength="50"/>
        <Property Name="actualTechnicalTimestamp" Type="Edm.DateTimeOffset"/>
        <Property Name="actualBusinessTimestamp" Type="Edm.DateTimeOffset"/>
        <Property Name="actualBusinessTimeZone" Type="Edm.String" MaxLength="50"/>
        <Property Name="locationAltKey" Type="Edm.String" MaxLength="255"/>
        <Property Name="eventMatchKey" Type="Edm.String" MaxLength="255"/>
        <Property Name="longitude" Type="Edm.Decimal" Scale="9" Precision="12"/>
        <Property Name="latitude" Type="Edm.Decimal" Scale="9" Precision="12"/>
        <NavigationProperty Name="references" Relationship="com.sap.gtt.app.codelist01.codelist01Service.GTTDPPDeletionEvent_references" FromRole="GTTDPPDeletionEvent" ToRole="Reference"/>
        <NavigationProperty Name="eventProcesses" Relationship="com.sap.gtt.app.codelist01.codelist01Service.GTTDPPDeletionEvent_eventProcesses" FromRole="GTTDPPDeletionEvent" ToRole="ProcessEventDirectory"/>
        <Property Name="messageSourceType" Type="Edm.String" MaxLength="50"/>
        <Property Name="createdByUser" Type="Edm.String" MaxLength="64"/>
        <Property Name="creationDateTime" Type="Edm.DateTimeOffset"/>
      </EntityType>
      <EntityType Name="GTTDelayedEvent">
        <Key>
          <PropertyRef Name="id"/>
        </Key>
        <Property Name="id" Type="Edm.Guid" Nullable="false"/>
        <Property Name="subaccountId" Type="Edm.Guid"/>
        <Property Name="cloneInstanceId" Type="Edm.Guid"/>
        <Property Name="modelNamespace" Type="Edm.String" MaxLength="255"/>
        <Property Name="eventType" Type="Edm.String" MaxLength="255"/>
        <Property Name="eventReasonText" Type="Edm.String" MaxLength="255"/>
        <Property Name="eventReasonCode" Type="Edm.String" MaxLength="255"/>
        <Property Name="senderPartyId" Type="Edm.String" MaxLength="50"/>
        <Property Name="reportedBy" Type="Edm.String" MaxLength="255"/>
        <Property Name="altKey" Type="Edm.String" MaxLength="255"/>
        <Property Name="scheme" Type="Edm.String" MaxLength="255"/>
        <Property Name="partyId" Type="Edm.String" MaxLength="50"/>
        <Property Name="logicalSystem" Type="Edm.String" MaxLength="10"/>
        <Property Name="trackingIdType" Type="Edm.String" MaxLength="40"/>
        <Property Name="trackingId" Type="Edm.String" MaxLength="50"/>
        <Property Name="actualTechnicalTimestamp" Type="Edm.DateTimeOffset"/>
        <Property Name="actualBusinessTimestamp" Type="Edm.DateTimeOffset"/>
        <Property Name="actualBusinessTimeZone" Type="Edm.String" MaxLength="50"/>
        <Property Name="locationAltKey" Type="Edm.String" MaxLength="255"/>
        <Property Name="eventMatchKey" Type="Edm.String" MaxLength="255"/>
        <Property Name="longitude" Type="Edm.Decimal" Scale="9" Precision="12"/>
        <Property Name="latitude" Type="Edm.Decimal" Scale="9" Precision="12"/>
        <NavigationProperty Name="references" Relationship="com.sap.gtt.app.codelist01.codelist01Service.GTTDelayedEvent_references" FromRole="GTTDelayedEvent" ToRole="Reference"/>
        <NavigationProperty Name="eventProcesses" Relationship="com.sap.gtt.app.codelist01.codelist01Service.GTTDelayedEvent_eventProcesses" FromRole="GTTDelayedEvent" ToRole="ProcessEventDirectory"/>
        <Property Name="messageSourceType" Type="Edm.String" MaxLength="50"/>
        <Property Name="createdByUser" Type="Edm.String" MaxLength="64"/>
        <Property Name="creationDateTime" Type="Edm.DateTimeOffset"/>
        <Property Name="refPlannedEventType" Type="Edm.String" MaxLength="255"/>
        <Property Name="refPlannedEventMatchKey" Type="Edm.String" MaxLength="255"/>
        <Property Name="refPlannedEventLocationAltKey" Type="Edm.String" MaxLength="255"/>
      </EntityType>
      <EntityType Name="GTTDeletionEvent">
        <Key>
          <PropertyRef Name="id"/>
        </Key>
        <Property Name="id" Type="Edm.Guid" Nullable="false"/>
        <Property Name="subaccountId" Type="Edm.Guid"/>
        <Property Name="cloneInstanceId" Type="Edm.Guid"/>
        <Property Name="modelNamespace" Type="Edm.String" MaxLength="255"/>
        <Property Name="eventType" Type="Edm.String" MaxLength="255"/>
        <Property Name="eventReasonText" Type="Edm.String" MaxLength="255"/>
        <Property Name="eventReasonCode" Type="Edm.String" MaxLength="255"/>
        <Property Name="senderPartyId" Type="Edm.String" MaxLength="50"/>
        <Property Name="reportedBy" Type="Edm.String" MaxLength="255"/>
        <Property Name="altKey" Type="Edm.String" MaxLength="255"/>
        <Property Name="scheme" Type="Edm.String" MaxLength="255"/>
        <Property Name="partyId" Type="Edm.String" MaxLength="50"/>
        <Property Name="logicalSystem" Type="Edm.String" MaxLength="10"/>
        <Property Name="trackingIdType" Type="Edm.String" MaxLength="40"/>
        <Property Name="trackingId" Type="Edm.String" MaxLength="50"/>
        <Property Name="actualTechnicalTimestamp" Type="Edm.DateTimeOffset"/>
        <Property Name="actualBusinessTimestamp" Type="Edm.DateTimeOffset"/>
        <Property Name="actualBusinessTimeZone" Type="Edm.String" MaxLength="50"/>
        <Property Name="locationAltKey" Type="Edm.String" MaxLength="255"/>
        <Property Name="eventMatchKey" Type="Edm.String" MaxLength="255"/>
        <Property Name="longitude" Type="Edm.Decimal" Scale="9" Precision="12"/>
        <Property Name="latitude" Type="Edm.Decimal" Scale="9" Precision="12"/>
        <NavigationProperty Name="references" Relationship="com.sap.gtt.app.codelist01.codelist01Service.GTTDeletionEvent_references" FromRole="GTTDeletionEvent" ToRole="Reference"/>
        <NavigationProperty Name="eventProcesses" Relationship="com.sap.gtt.app.codelist01.codelist01Service.GTTDeletionEvent_eventProcesses" FromRole="GTTDeletionEvent" ToRole="ProcessEventDirectory"/>
        <Property Name="messageSourceType" Type="Edm.String" MaxLength="50"/>
        <Property Name="createdByUser" Type="Edm.String" MaxLength="64"/>
        <Property Name="creationDateTime" Type="Edm.DateTimeOffset"/>
      </EntityType>
      <EntityType Name="GTTOverdueEvent">
        <Key>
          <PropertyRef Name="id"/>
        </Key>
        <Property Name="id" Type="Edm.Guid" Nullable="false"/>
        <Property Name="subaccountId" Type="Edm.Guid"/>
        <Property Name="cloneInstanceId" Type="Edm.Guid"/>
        <Property Name="modelNamespace" Type="Edm.String" MaxLength="255"/>
        <Property Name="eventType" Type="Edm.String" MaxLength="255"/>
        <Property Name="eventReasonText" Type="Edm.String" MaxLength="255"/>
        <Property Name="eventReasonCode" Type="Edm.String" MaxLength="255"/>
        <Property Name="senderPartyId" Type="Edm.String" MaxLength="50"/>
        <Property Name="reportedBy" Type="Edm.String" MaxLength="255"/>
        <Property Name="altKey" Type="Edm.String" MaxLength="255"/>
        <Property Name="scheme" Type="Edm.String" MaxLength="255"/>
        <Property Name="partyId" Type="Edm.String" MaxLength="50"/>
        <Property Name="logicalSystem" Type="Edm.String" MaxLength="10"/>
        <Property Name="trackingIdType" Type="Edm.String" MaxLength="40"/>
        <Property Name="trackingId" Type="Edm.String" MaxLength="50"/>
        <Property Name="actualTechnicalTimestamp" Type="Edm.DateTimeOffset"/>
        <Property Name="actualBusinessTimestamp" Type="Edm.DateTimeOffset"/>
        <Property Name="actualBusinessTimeZone" Type="Edm.String" MaxLength="50"/>
        <Property Name="locationAltKey" Type="Edm.String" MaxLength="255"/>
        <Property Name="eventMatchKey" Type="Edm.String" MaxLength="255"/>
        <Property Name="longitude" Type="Edm.Decimal" Scale="9" Precision="12"/>
        <Property Name="latitude" Type="Edm.Decimal" Scale="9" Precision="12"/>
        <NavigationProperty Name="references" Relationship="com.sap.gtt.app.codelist01.codelist01Service.GTTOverdueEvent_references" FromRole="GTTOverdueEvent" ToRole="Reference"/>
        <NavigationProperty Name="eventProcesses" Relationship="com.sap.gtt.app.codelist01.codelist01Service.GTTOverdueEvent_eventProcesses" FromRole="GTTOverdueEvent" ToRole="ProcessEventDirectory"/>
        <Property Name="messageSourceType" Type="Edm.String" MaxLength="50"/>
        <Property Name="createdByUser" Type="Edm.String" MaxLength="64"/>
        <Property Name="creationDateTime" Type="Edm.DateTimeOffset"/>
        <Property Name="refPlannedEventUUID" Type="Edm.Guid" Nullable="false"/>
      </EntityType>
      <EntityType Name="GTTResetPlannedEventStatusEvent">
        <Key>
          <PropertyRef Name="id"/>
        </Key>
        <Property Name="id" Type="Edm.Guid" Nullable="false"/>
        <Property Name="subaccountId" Type="Edm.Guid"/>
        <Property Name="cloneInstanceId" Type="Edm.Guid"/>
        <Property Name="modelNamespace" Type="Edm.String" MaxLength="255"/>
        <Property Name="eventType" Type="Edm.String" MaxLength="255"/>
        <Property Name="eventReasonText" Type="Edm.String" MaxLength="255"/>
        <Property Name="eventReasonCode" Type="Edm.String" MaxLength="255"/>
        <Property Name="senderPartyId" Type="Edm.String" MaxLength="50"/>
        <Property Name="reportedBy" Type="Edm.String" MaxLength="255"/>
        <Property Name="altKey" Type="Edm.String" MaxLength="255"/>
        <Property Name="scheme" Type="Edm.String" MaxLength="255"/>
        <Property Name="partyId" Type="Edm.String" MaxLength="50"/>
        <Property Name="logicalSystem" Type="Edm.String" MaxLength="10"/>
        <Property Name="trackingIdType" Type="Edm.String" MaxLength="40"/>
        <Property Name="trackingId" Type="Edm.String" MaxLength="50"/>
        <Property Name="actualTechnicalTimestamp" Type="Edm.DateTimeOffset"/>
        <Property Name="actualBusinessTimestamp" Type="Edm.DateTimeOffset"/>
        <Property Name="actualBusinessTimeZone" Type="Edm.String" MaxLength="50"/>
        <Property Name="locationAltKey" Type="Edm.String" MaxLength="255"/>
        <Property Name="eventMatchKey" Type="Edm.String" MaxLength="255"/>
        <Property Name="longitude" Type="Edm.Decimal" Scale="9" Precision="12"/>
        <Property Name="latitude" Type="Edm.Decimal" Scale="9" Precision="12"/>
        <NavigationProperty Name="references" Relationship="com.sap.gtt.app.codelist01.codelist01Service.GTTResetPlannedEventStatusEvent_references" FromRole="GTTResetPlannedEventStatusEvent" ToRole="Reference"/>
        <NavigationProperty Name="eventProcesses" Relationship="com.sap.gtt.app.codelist01.codelist01Service.GTTResetPlannedEventStatusEvent_eventProcesses" FromRole="GTTResetPlannedEventStatusEvent" ToRole="ProcessEventDirectory"/>
        <Property Name="messageSourceType" Type="Edm.String" MaxLength="50"/>
        <Property Name="createdByUser" Type="Edm.String" MaxLength="64"/>
        <Property Name="creationDateTime" Type="Edm.DateTimeOffset"/>
        <Property Name="refPlannedEventType" Type="Edm.String" MaxLength="255" Nullable="false"/>
        <Property Name="refPlannedEventMatchKey" Type="Edm.String" MaxLength="255"/>
        <Property Name="refPlannedEventLocationAltKey" Type="Edm.String" MaxLength="255"/>
      </EntityType>
      <EntityType Name="OrderStatus">
        <Key>
          <PropertyRef Name="code"/>
        </Key>
        <Property Name="code" Type="Edm.String" MaxLength="20" Nullable="false"/>
        <Property Name="name" Type="Edm.String" MaxLength="20" Nullable="false"/>
        <NavigationProperty Name="texts" Relationship="com.sap.gtt.app.codelist01.codelist01Service.OrderStatus_texts" FromRole="OrderStatus" ToRole="com_sap_gtt_app_codelist01_shipment_OrderStatus_texts"/>
        <NavigationProperty Name="localized" Relationship="com.sap.gtt.app.codelist01.codelist01Service.OrderStatus_localized" FromRole="OrderStatus" ToRole="com_sap_gtt_app_codelist01_shipment_OrderStatus_texts"/>
      </EntityType>
      <EntityType Name="PlannedEvent">
        <Key>
          <PropertyRef Name="id"/>
        </Key>
        <Property Name="id" Type="Edm.Guid" Nullable="false"/>
        <Property Name="process_id" Type="Edm.Guid"/>
        <NavigationProperty Name="process" Relationship="com.sap.gtt.app.codelist01.codelist01Service.PlannedEvent_process" FromRole="PlannedEvent" ToRole="TrackedProcess"/>
        <Property Name="eventType" Type="Edm.String" MaxLength="255"/>
        <Property Name="locationAltKey" Type="Edm.String" MaxLength="255"/>
        <Property Name="eventMatchKey" Type="Edm.String" MaxLength="255"/>
        <Property Name="longitude" Type="Edm.Decimal" Scale="9" Precision="12"/>
        <Property Name="latitude" Type="Edm.Decimal" Scale="9" Precision="12"/>
        <Property Name="payloadSequence" Type="Edm.Int32"/>
        <Property Name="isFinalPlannedEvent" Type="Edm.Boolean"/>
        <NavigationProperty Name="lastProcessEventDirectory" Relationship="com.sap.gtt.app.codelist01.codelist01Service.PlannedEvent_lastProcessEventDirectory" FromRole="PlannedEvent" ToRole="ProcessEventDirectory"/>
        <Property Name="nextOverdueDetection" Type="Edm.DateTimeOffset"/>
        <Property Name="overdueDetectionCounter" Type="Edm.Int32"/>
        <Property Name="plannedTechnicalTimestamp" Type="Edm.DateTimeOffset"/>
        <Property Name="plannedTechTsEarliest" Type="Edm.DateTimeOffset"/>
        <Property Name="plannedTechTsLatest" Type="Edm.DateTimeOffset"/>
        <Property Name="plannedBusinessTimestamp" Type="Edm.DateTimeOffset"/>
        <Property Name="plannedBizTsEarliest" Type="Edm.DateTimeOffset"/>
        <Property Name="plannedBizTsLatest" Type="Edm.DateTimeOffset"/>
        <Property Name="plannedBusinessTimeZone" Type="Edm.String" MaxLength="50"/>
        <Property Name="lastProcessEventDirectory_id" Type="Edm.Guid"/>
      </EntityType>
      <EntityType Name="PlannedEventForEvent">
        <Key>
          <PropertyRef Name="id"/>
        </Key>
        <Property Name="id" Type="Edm.Guid" Nullable="false"/>
        <Property Name="event_id" Type="Edm.Guid"/>
        <NavigationProperty Name="event" Relationship="com.sap.gtt.app.codelist01.codelist01Service.PlannedEventForEvent_event" FromRole="PlannedEventForEvent" ToRole="Event"/>
        <Property Name="eventType" Type="Edm.String" MaxLength="255" Nullable="false"/>
        <Property Name="locationAltKey" Type="Edm.String" MaxLength="255"/>
        <Property Name="eventMatchKey" Type="Edm.String" MaxLength="255"/>
        <Property Name="longitude" Type="Edm.Decimal" Scale="9" Precision="12"/>
        <Property Name="latitude" Type="Edm.Decimal" Scale="9" Precision="12"/>
        <Property Name="isFinalPlannedEvent" Type="Edm.Boolean"/>
        <Property Name="plannedTechnicalTimestamp" Type="Edm.DateTimeOffset"/>
        <Property Name="plannedTechTsEarliest" Type="Edm.DateTimeOffset"/>
        <Property Name="plannedTechTsLatest" Type="Edm.DateTimeOffset"/>
        <Property Name="plannedBusinessTimestamp" Type="Edm.DateTimeOffset"/>
        <Property Name="plannedBizTsEarliest" Type="Edm.DateTimeOffset"/>
        <Property Name="plannedBizTsLatest" Type="Edm.DateTimeOffset"/>
        <Property Name="plannedBusinessTimeZone" Type="Edm.String" MaxLength="50"/>
      </EntityType>
      <EntityType Name="ProcessEventDirectory">
        <Key>
          <PropertyRef Name="id"/>
        </Key>
        <Property Name="id" Type="Edm.Guid" Nullable="false"/>
        <Property Name="process_id" Type="Edm.Guid"/>
        <NavigationProperty Name="process" Relationship="com.sap.gtt.app.codelist01.codelist01Service.ProcessEventDirectory_process" FromRole="ProcessEventDirectory" ToRole="TrackedProcess"/>
        <Property Name="plannedEvent_id" Type="Edm.Guid"/>
        <NavigationProperty Name="plannedEvent" Relationship="com.sap.gtt.app.codelist01.codelist01Service.ProcessEventDirectory_plannedEvent" FromRole="ProcessEventDirectory" ToRole="PlannedEvent"/>
        <Property Name="event_id" Type="Edm.Guid"/>
        <NavigationProperty Name="event" Relationship="com.sap.gtt.app.codelist01.codelist01Service.ProcessEventDirectory_event" FromRole="ProcessEventDirectory" ToRole="Event"/>
      </EntityType>
      <EntityType Name="QualifiedTrackingId">
        <Key>
          <PropertyRef Name="process_id"/>
          <PropertyRef Name="observedProcess_id"/>
        </Key>
        <Property Name="process_id" Type="Edm.Guid" Nullable="false"/>
        <NavigationProperty Name="process" Relationship="com.sap.gtt.app.codelist01.codelist01Service.QualifiedTrackingId_process" FromRole="QualifiedTrackingId" ToRole="TrackedProcess"/>
        <NavigationProperty Name="observedProcess" Relationship="com.sap.gtt.app.codelist01.codelist01Service.QualifiedTrackingId_observedProcess" FromRole="QualifiedTrackingId" ToRole="TrackedProcess"/>
        <Property Name="validFrom" Type="Edm.DateTimeOffset"/>
        <Property Name="validTo" Type="Edm.DateTimeOffset"/>
        <Property Name="observedProcess_id" Type="Edm.Guid" Nullable="false"/>
      </EntityType>
      <EntityType Name="Reference">
        <Key>
          <PropertyRef Name="id"/>
        </Key>
        <Property Name="id" Type="Edm.Guid" Nullable="false"/>
        <Property Name="event_id" Type="Edm.Guid"/>
        <NavigationProperty Name="event" Relationship="com.sap.gtt.app.codelist01.codelist01Service.Reference_event" FromRole="Reference" ToRole="Event"/>
        <Property Name="altKey" Type="Edm.String" MaxLength="255" Nullable="false"/>
        <Property Name="validFrom" Type="Edm.DateTimeOffset"/>
        <Property Name="validTo" Type="Edm.DateTimeOffset"/>
      </EntityType>
      <EntityType Name="TrackedProcess">
        <Key>
          <PropertyRef Name="id"/>
        </Key>
        <Property Name="id" Type="Edm.Guid" Nullable="false"/>
        <Property Name="subaccountId" Type="Edm.Guid"/>
        <Property Name="cloneInstanceId" Type="Edm.Guid"/>
        <Property Name="trackedProcessType" Type="Edm.String" MaxLength="255"/>
        <Property Name="altKey" Type="Edm.String" MaxLength="255"/>
        <Property Name="scheme" Type="Edm.String" MaxLength="255"/>
        <Property Name="partyId" Type="Edm.String" MaxLength="50"/>
        <Property Name="logicalSystem" Type="Edm.String" MaxLength="10"/>
        <Property Name="trackingIdType" Type="Edm.String" MaxLength="40"/>
        <Property Name="trackingId" Type="Edm.String" MaxLength="50"/>
        <NavigationProperty Name="trackingIds" Relationship="com.sap.gtt.app.codelist01.codelist01Service.TrackedProcess_trackingIds" FromRole="TrackedProcess" ToRole="QualifiedTrackingId"/>
        <NavigationProperty Name="plannedEvents" Relationship="com.sap.gtt.app.codelist01.codelist01Service.TrackedProcess_plannedEvents" FromRole="TrackedProcess" ToRole="PlannedEvent"/>
        <NavigationProperty Name="processEvents" Relationship="com.sap.gtt.app.codelist01.codelist01Service.TrackedProcess_processEvents" FromRole="TrackedProcess" ToRole="ProcessEventDirectory"/>
        <Property Name="lastChangedAtBusinessTime" Type="Edm.DateTimeOffset"/>
        <Property Name="createdByUser" Type="Edm.String" MaxLength="64"/>
        <Property Name="creationDateTime" Type="Edm.DateTimeOffset"/>
        <Property Name="lastChangedByUser" Type="Edm.String" MaxLength="64"/>
        <Property Name="lastChangeDateTime" Type="Edm.DateTimeOffset"/>
        <Property Name="version" Type="Edm.Int32"/>
      </EntityType>
      <EntityType Name="com_sap_gtt_app_codelist01_shipment_ExecutionStatus_texts">
        <Key>
          <PropertyRef Name="locale"/>
          <PropertyRef Name="code"/>
        </Key>
        <Property Name="locale" Type="Edm.String" MaxLength="5" Nullable="false"/>
        <Property Name="code" Type="Edm.String" MaxLength="20" Nullable="false"/>
        <Property Name="name" Type="Edm.String" MaxLength="20" Nullable="false"/>
      </EntityType>
      <EntityType Name="com_sap_gtt_app_codelist01_shipment_OrderStatus_texts">
        <Key>
          <PropertyRef Name="locale"/>
          <PropertyRef Name="code"/>
        </Key>
        <Property Name="locale" Type="Edm.String" MaxLength="5" Nullable="false"/>
        <Property Name="code" Type="Edm.String" MaxLength="20" Nullable="false"/>
        <Property Name="name" Type="Edm.String" MaxLength="20" Nullable="false"/>
      </EntityType>
      <EntityType Name="com_sap_gtt_app_codelist01_shipment_shipmentEvent_texts">
        <Key>
          <PropertyRef Name="locale"/>
          <PropertyRef Name="id"/>
        </Key>
        <Property Name="locale" Type="Edm.String" MaxLength="5" Nullable="false"/>
        <Property Name="id" Type="Edm.Guid" Nullable="false"/>
        <Property Name="nameTest" Type="Edm.String" MaxLength="50"/>
      </EntityType>
      <EntityType Name="com_sap_gtt_app_codelist01_shipment_shipment_texts">
        <Key>
          <PropertyRef Name="locale"/>
          <PropertyRef Name="id"/>
        </Key>
        <Property Name="locale" Type="Edm.String" MaxLength="5" Nullable="false"/>
        <Property Name="id" Type="Edm.Guid" Nullable="false"/>
        <Property Name="nameTest" Type="Edm.String" MaxLength="50"/>
      </EntityType>
      <EntityType Name="shipment">
        <Key>
          <PropertyRef Name="id"/>
        </Key>
        <Property Name="id" Type="Edm.Guid" Nullable="false"/>
        <Property Name="subaccountId" Type="Edm.Guid"/>
        <Property Name="cloneInstanceId" Type="Edm.Guid"/>
        <Property Name="trackedProcessType" Type="Edm.String" MaxLength="255"/>
        <Property Name="altKey" Type="Edm.String" MaxLength="255"/>
        <Property Name="scheme" Type="Edm.String" MaxLength="255"/>
        <Property Name="partyId" Type="Edm.String" MaxLength="50"/>
        <Property Name="logicalSystem" Type="Edm.String" MaxLength="10"/>
        <Property Name="trackingIdType" Type="Edm.String" MaxLength="40"/>
        <Property Name="trackingId" Type="Edm.String" MaxLength="50"/>
        <NavigationProperty Name="trackingIds" Relationship="com.sap.gtt.app.codelist01.codelist01Service.shipment_trackingIds" FromRole="shipment" ToRole="QualifiedTrackingId"/>
        <NavigationProperty Name="plannedEvents" Relationship="com.sap.gtt.app.codelist01.codelist01Service.shipment_plannedEvents" FromRole="shipment" ToRole="PlannedEvent"/>
        <NavigationProperty Name="processEvents" Relationship="com.sap.gtt.app.codelist01.codelist01Service.shipment_processEvents" FromRole="shipment" ToRole="ProcessEventDirectory"/>
        <Property Name="lastChangedAtBusinessTime" Type="Edm.DateTimeOffset"/>
        <Property Name="createdByUser" Type="Edm.String" MaxLength="64"/>
        <Property Name="creationDateTime" Type="Edm.DateTimeOffset"/>
        <Property Name="lastChangedByUser" Type="Edm.String" MaxLength="64"/>
        <Property Name="lastChangeDateTime" Type="Edm.DateTimeOffset"/>
        <Property Name="version" Type="Edm.Int32"/>
        <Property Name="nameTest" Type="Edm.String" MaxLength="50"/>
        <NavigationProperty Name="orderStatus" Relationship="com.sap.gtt.app.codelist01.codelist01Service.shipment_orderStatus" FromRole="shipment" ToRole="OrderStatus"/>
        <NavigationProperty Name="texts" Relationship="com.sap.gtt.app.codelist01.codelist01Service.shipment_texts" FromRole="shipment" ToRole="com_sap_gtt_app_codelist01_shipment_shipment_texts"/>
        <NavigationProperty Name="localized" Relationship="com.sap.gtt.app.codelist01.codelist01Service.shipment_localized" FromRole="shipment" ToRole="com_sap_gtt_app_codelist01_shipment_shipment_texts"/>
        <Property Name="orderStatus_code" Type="Edm.String" MaxLength="20"/>
      </EntityType>
      <EntityType Name="shipmentEvent">
        <Key>
          <PropertyRef Name="id"/>
        </Key>
        <Property Name="id" Type="Edm.Guid" Nullable="false"/>
        <Property Name="subaccountId" Type="Edm.Guid"/>
        <Property Name="cloneInstanceId" Type="Edm.Guid"/>
        <Property Name="modelNamespace" Type="Edm.String" MaxLength="255"/>
        <Property Name="eventType" Type="Edm.String" MaxLength="255"/>
        <Property Name="eventReasonText" Type="Edm.String" MaxLength="255"/>
        <Property Name="eventReasonCode" Type="Edm.String" MaxLength="255"/>
        <Property Name="senderPartyId" Type="Edm.String" MaxLength="50"/>
        <Property Name="reportedBy" Type="Edm.String" MaxLength="255"/>
        <Property Name="altKey" Type="Edm.String" MaxLength="255"/>
        <Property Name="scheme" Type="Edm.String" MaxLength="255"/>
        <Property Name="partyId" Type="Edm.String" MaxLength="50"/>
        <Property Name="logicalSystem" Type="Edm.String" MaxLength="10"/>
        <Property Name="trackingIdType" Type="Edm.String" MaxLength="40"/>
        <Property Name="trackingId" Type="Edm.String" MaxLength="50"/>
        <Property Name="actualTechnicalTimestamp" Type="Edm.DateTimeOffset"/>
        <Property Name="actualBusinessTimestamp" Type="Edm.DateTimeOffset"/>
        <Property Name="actualBusinessTimeZone" Type="Edm.String" MaxLength="50"/>
        <Property Name="locationAltKey" Type="Edm.String" MaxLength="255"/>
        <Property Name="eventMatchKey" Type="Edm.String" MaxLength="255"/>
        <Property Name="longitude" Type="Edm.Decimal" Scale="9" Precision="12"/>
        <Property Name="latitude" Type="Edm.Decimal" Scale="9" Precision="12"/>
        <NavigationProperty Name="references" Relationship="com.sap.gtt.app.codelist01.codelist01Service.shipmentEvent_references" FromRole="shipmentEvent" ToRole="Reference"/>
        <NavigationProperty Name="eventProcesses" Relationship="com.sap.gtt.app.codelist01.codelist01Service.shipmentEvent_eventProcesses" FromRole="shipmentEvent" ToRole="ProcessEventDirectory"/>
        <Property Name="messageSourceType" Type="Edm.String" MaxLength="50"/>
        <Property Name="createdByUser" Type="Edm.String" MaxLength="64"/>
        <Property Name="creationDateTime" Type="Edm.DateTimeOffset"/>
        <NavigationProperty Name="plannedEvents" Relationship="com.sap.gtt.app.codelist01.codelist01Service.shipmentEvent_plannedEvents" FromRole="shipmentEvent" ToRole="PlannedEventForEvent"/>
        <Property Name="nameTest" Type="Edm.String" MaxLength="50"/>
        <NavigationProperty Name="orderStatus" Relationship="com.sap.gtt.app.codelist01.codelist01Service.shipmentEvent_orderStatus" FromRole="shipmentEvent" ToRole="OrderStatus"/>
        <NavigationProperty Name="texts" Relationship="com.sap.gtt.app.codelist01.codelist01Service.shipmentEvent_texts" FromRole="shipmentEvent" ToRole="com_sap_gtt_app_codelist01_shipment_shipmentEvent_texts"/>
        <NavigationProperty Name="localized" Relationship="com.sap.gtt.app.codelist01.codelist01Service.shipmentEvent_localized" FromRole="shipmentEvent" ToRole="com_sap_gtt_app_codelist01_shipment_shipmentEvent_texts"/>
        <Property Name="orderStatus_code" Type="Edm.String" MaxLength="20"/>
      </EntityType>
      <Association Name="Event_references">
        <End Role="Event" Type="com.sap.gtt.app.codelist01.codelist01Service.Event" Multiplicity="*"/>
        <End Role="Reference" Type="com.sap.gtt.app.codelist01.codelist01Service.Reference" Multiplicity="*">
          <OnDelete Action="Cascade"/>
        </End>
        <ReferentialConstraint>
          <Principal Role="Event">
            <PropertyRef Name="id"/>
          </Principal>
          <Dependent Role="Reference">
            <PropertyRef Name="event_id"/>
          </Dependent>
        </ReferentialConstraint>
      </Association>
      <Association Name="Event_eventProcesses">
        <End Role="Event" Type="com.sap.gtt.app.codelist01.codelist01Service.Event" Multiplicity="*"/>
        <End Role="ProcessEventDirectory" Type="com.sap.gtt.app.codelist01.codelist01Service.ProcessEventDirectory" Multiplicity="*"/>
      </Association>
      <Association Name="ExecutionStatus_texts">
        <End Role="ExecutionStatus" Type="com.sap.gtt.app.codelist01.codelist01Service.ExecutionStatus" Multiplicity="*"/>
        <End Role="com_sap_gtt_app_codelist01_shipment_ExecutionStatus_texts" Type="com.sap.gtt.app.codelist01.codelist01Service.com_sap_gtt_app_codelist01_shipment_ExecutionStatus_texts" Multiplicity="*">
          <OnDelete Action="Cascade"/>
        </End>
        <ReferentialConstraint>
          <Principal Role="ExecutionStatus">
            <PropertyRef Name="code"/>
          </Principal>
          <Dependent Role="com_sap_gtt_app_codelist01_shipment_ExecutionStatus_texts">
            <PropertyRef Name="code"/>
          </Dependent>
        </ReferentialConstraint>
      </Association>
      <Association Name="ExecutionStatus_localized">
        <End Role="ExecutionStatus" Type="com.sap.gtt.app.codelist01.codelist01Service.ExecutionStatus" Multiplicity="*"/>
        <End Role="com_sap_gtt_app_codelist01_shipment_ExecutionStatus_texts" Type="com.sap.gtt.app.codelist01.codelist01Service.com_sap_gtt_app_codelist01_shipment_ExecutionStatus_texts" Multiplicity="0..1"/>
        <ReferentialConstraint>
          <Principal Role="com_sap_gtt_app_codelist01_shipment_ExecutionStatus_texts">
            <PropertyRef Name="code"/>
            <PropertyRef Name="locale"/>
          </Principal>
          <Dependent Role="ExecutionStatus">
            <PropertyRef Name="code"/>
            <PropertyRef Name="$user"/>
          </Dependent>
        </ReferentialConstraint>
      </Association>
      <Association Name="GTTDPPBlockingEvent_references">
        <End Role="GTTDPPBlockingEvent" Type="com.sap.gtt.app.codelist01.codelist01Service.GTTDPPBlockingEvent" Multiplicity="*"/>
        <End Role="Reference" Type="com.sap.gtt.app.codelist01.codelist01Service.Reference" Multiplicity="*">
          <OnDelete Action="Cascade"/>
        </End>
        <ReferentialConstraint>
          <Principal Role="GTTDPPBlockingEvent">
            <PropertyRef Name="id"/>
          </Principal>
          <Dependent Role="Reference">
            <PropertyRef Name="event_id"/>
          </Dependent>
        </ReferentialConstraint>
      </Association>
      <Association Name="GTTDPPBlockingEvent_eventProcesses">
        <End Role="GTTDPPBlockingEvent" Type="com.sap.gtt.app.codelist01.codelist01Service.GTTDPPBlockingEvent" Multiplicity="*"/>
        <End Role="ProcessEventDirectory" Type="com.sap.gtt.app.codelist01.codelist01Service.ProcessEventDirectory" Multiplicity="*"/>
      </Association>
      <Association Name="GTTDPPDeletionEvent_references">
        <End Role="GTTDPPDeletionEvent" Type="com.sap.gtt.app.codelist01.codelist01Service.GTTDPPDeletionEvent" Multiplicity="*"/>
        <End Role="Reference" Type="com.sap.gtt.app.codelist01.codelist01Service.Reference" Multiplicity="*">
          <OnDelete Action="Cascade"/>
        </End>
        <ReferentialConstraint>
          <Principal Role="GTTDPPDeletionEvent">
            <PropertyRef Name="id"/>
          </Principal>
          <Dependent Role="Reference">
            <PropertyRef Name="event_id"/>
          </Dependent>
        </ReferentialConstraint>
      </Association>
      <Association Name="GTTDPPDeletionEvent_eventProcesses">
        <End Role="GTTDPPDeletionEvent" Type="com.sap.gtt.app.codelist01.codelist01Service.GTTDPPDeletionEvent" Multiplicity="*"/>
        <End Role="ProcessEventDirectory" Type="com.sap.gtt.app.codelist01.codelist01Service.ProcessEventDirectory" Multiplicity="*"/>
      </Association>
      <Association Name="GTTDelayedEvent_references">
        <End Role="GTTDelayedEvent" Type="com.sap.gtt.app.codelist01.codelist01Service.GTTDelayedEvent" Multiplicity="*"/>
        <End Role="Reference" Type="com.sap.gtt.app.codelist01.codelist01Service.Reference" Multiplicity="*">
          <OnDelete Action="Cascade"/>
        </End>
        <ReferentialConstraint>
          <Principal Role="GTTDelayedEvent">
            <PropertyRef Name="id"/>
          </Principal>
          <Dependent Role="Reference">
            <PropertyRef Name="event_id"/>
          </Dependent>
        </ReferentialConstraint>
      </Association>
      <Association Name="GTTDelayedEvent_eventProcesses">
        <End Role="GTTDelayedEvent" Type="com.sap.gtt.app.codelist01.codelist01Service.GTTDelayedEvent" Multiplicity="*"/>
        <End Role="ProcessEventDirectory" Type="com.sap.gtt.app.codelist01.codelist01Service.ProcessEventDirectory" Multiplicity="*"/>
      </Association>
      <Association Name="GTTDeletionEvent_references">
        <End Role="GTTDeletionEvent" Type="com.sap.gtt.app.codelist01.codelist01Service.GTTDeletionEvent" Multiplicity="*"/>
        <End Role="Reference" Type="com.sap.gtt.app.codelist01.codelist01Service.Reference" Multiplicity="*">
          <OnDelete Action="Cascade"/>
        </End>
        <ReferentialConstraint>
          <Principal Role="GTTDeletionEvent">
            <PropertyRef Name="id"/>
          </Principal>
          <Dependent Role="Reference">
            <PropertyRef Name="event_id"/>
          </Dependent>
        </ReferentialConstraint>
      </Association>
      <Association Name="GTTDeletionEvent_eventProcesses">
        <End Role="GTTDeletionEvent" Type="com.sap.gtt.app.codelist01.codelist01Service.GTTDeletionEvent" Multiplicity="*"/>
        <End Role="ProcessEventDirectory" Type="com.sap.gtt.app.codelist01.codelist01Service.ProcessEventDirectory" Multiplicity="*"/>
      </Association>
      <Association Name="GTTOverdueEvent_references">
        <End Role="GTTOverdueEvent" Type="com.sap.gtt.app.codelist01.codelist01Service.GTTOverdueEvent" Multiplicity="*"/>
        <End Role="Reference" Type="com.sap.gtt.app.codelist01.codelist01Service.Reference" Multiplicity="*">
          <OnDelete Action="Cascade"/>
        </End>
        <ReferentialConstraint>
          <Principal Role="GTTOverdueEvent">
            <PropertyRef Name="id"/>
          </Principal>
          <Dependent Role="Reference">
            <PropertyRef Name="event_id"/>
          </Dependent>
        </ReferentialConstraint>
      </Association>
      <Association Name="GTTOverdueEvent_eventProcesses">
        <End Role="GTTOverdueEvent" Type="com.sap.gtt.app.codelist01.codelist01Service.GTTOverdueEvent" Multiplicity="*"/>
        <End Role="ProcessEventDirectory" Type="com.sap.gtt.app.codelist01.codelist01Service.ProcessEventDirectory" Multiplicity="*"/>
      </Association>
      <Association Name="GTTResetPlannedEventStatusEvent_references">
        <End Role="GTTResetPlannedEventStatusEvent" Type="com.sap.gtt.app.codelist01.codelist01Service.GTTResetPlannedEventStatusEvent" Multiplicity="*"/>
        <End Role="Reference" Type="com.sap.gtt.app.codelist01.codelist01Service.Reference" Multiplicity="*">
          <OnDelete Action="Cascade"/>
        </End>
        <ReferentialConstraint>
          <Principal Role="GTTResetPlannedEventStatusEvent">
            <PropertyRef Name="id"/>
          </Principal>
          <Dependent Role="Reference">
            <PropertyRef Name="event_id"/>
          </Dependent>
        </ReferentialConstraint>
      </Association>
      <Association Name="GTTResetPlannedEventStatusEvent_eventProcesses">
        <End Role="GTTResetPlannedEventStatusEvent" Type="com.sap.gtt.app.codelist01.codelist01Service.GTTResetPlannedEventStatusEvent" Multiplicity="*"/>
        <End Role="ProcessEventDirectory" Type="com.sap.gtt.app.codelist01.codelist01Service.ProcessEventDirectory" Multiplicity="*"/>
      </Association>
      <Association Name="OrderStatus_texts">
        <End Role="OrderStatus" Type="com.sap.gtt.app.codelist01.codelist01Service.OrderStatus" Multiplicity="*"/>
        <End Role="com_sap_gtt_app_codelist01_shipment_OrderStatus_texts" Type="com.sap.gtt.app.codelist01.codelist01Service.com_sap_gtt_app_codelist01_shipment_OrderStatus_texts" Multiplicity="*">
          <OnDelete Action="Cascade"/>
        </End>
        <ReferentialConstraint>
          <Principal Role="OrderStatus">
            <PropertyRef Name="code"/>
          </Principal>
          <Dependent Role="com_sap_gtt_app_codelist01_shipment_OrderStatus_texts">
            <PropertyRef Name="code"/>
          </Dependent>
        </ReferentialConstraint>
      </Association>
      <Association Name="OrderStatus_localized">
        <End Role="OrderStatus" Type="com.sap.gtt.app.codelist01.codelist01Service.OrderStatus" Multiplicity="*"/>
        <End Role="com_sap_gtt_app_codelist01_shipment_OrderStatus_texts" Type="com.sap.gtt.app.codelist01.codelist01Service.com_sap_gtt_app_codelist01_shipment_OrderStatus_texts" Multiplicity="0..1"/>
        <ReferentialConstraint>
          <Principal Role="com_sap_gtt_app_codelist01_shipment_OrderStatus_texts">
            <PropertyRef Name="code"/>
            <PropertyRef Name="locale"/>
          </Principal>
          <Dependent Role="OrderStatus">
            <PropertyRef Name="code"/>
            <PropertyRef Name="$user"/>
          </Dependent>
        </ReferentialConstraint>
      </Association>
      <Association Name="PlannedEvent_process">
        <End Role="PlannedEvent" Type="com.sap.gtt.app.codelist01.codelist01Service.PlannedEvent" Multiplicity="*"/>
        <End Role="TrackedProcess" Type="com.sap.gtt.app.codelist01.codelist01Service.TrackedProcess" Multiplicity="0..1"/>
        <ReferentialConstraint>
          <Principal Role="TrackedProcess">
            <PropertyRef Name="id"/>
          </Principal>
          <Dependent Role="PlannedEvent">
            <PropertyRef Name="process_id"/>
          </Dependent>
        </ReferentialConstraint>
      </Association>
      <Association Name="PlannedEvent_lastProcessEventDirectory">
        <End Role="PlannedEvent" Type="com.sap.gtt.app.codelist01.codelist01Service.PlannedEvent" Multiplicity="*"/>
        <End Role="ProcessEventDirectory" Type="com.sap.gtt.app.codelist01.codelist01Service.ProcessEventDirectory" Multiplicity="0..1"/>
        <ReferentialConstraint>
          <Principal Role="ProcessEventDirectory">
            <PropertyRef Name="id"/>
          </Principal>
          <Dependent Role="PlannedEvent">
            <PropertyRef Name="lastProcessEventDirectory_id"/>
          </Dependent>
        </ReferentialConstraint>
      </Association>
      <Association Name="PlannedEventForEvent_event">
        <End Role="PlannedEventForEvent" Type="com.sap.gtt.app.codelist01.codelist01Service.PlannedEventForEvent" Multiplicity="*"/>
        <End Role="Event" Type="com.sap.gtt.app.codelist01.codelist01Service.Event" Multiplicity="0..1"/>
        <ReferentialConstraint>
          <Principal Role="Event">
            <PropertyRef Name="id"/>
          </Principal>
          <Dependent Role="PlannedEventForEvent">
            <PropertyRef Name="event_id"/>
          </Dependent>
        </ReferentialConstraint>
      </Association>
      <Association Name="ProcessEventDirectory_process">
        <End Role="ProcessEventDirectory" Type="com.sap.gtt.app.codelist01.codelist01Service.ProcessEventDirectory" Multiplicity="*"/>
        <End Role="TrackedProcess" Type="com.sap.gtt.app.codelist01.codelist01Service.TrackedProcess" Multiplicity="0..1"/>
        <ReferentialConstraint>
          <Principal Role="TrackedProcess">
            <PropertyRef Name="id"/>
          </Principal>
          <Dependent Role="ProcessEventDirectory">
            <PropertyRef Name="process_id"/>
          </Dependent>
        </ReferentialConstraint>
      </Association>
      <Association Name="ProcessEventDirectory_plannedEvent">
        <End Role="ProcessEventDirectory" Type="com.sap.gtt.app.codelist01.codelist01Service.ProcessEventDirectory" Multiplicity="*"/>
        <End Role="PlannedEvent" Type="com.sap.gtt.app.codelist01.codelist01Service.PlannedEvent" Multiplicity="0..1"/>
        <ReferentialConstraint>
          <Principal Role="PlannedEvent">
            <PropertyRef Name="id"/>
          </Principal>
          <Dependent Role="ProcessEventDirectory">
            <PropertyRef Name="plannedEvent_id"/>
          </Dependent>
        </ReferentialConstraint>
      </Association>
      <Association Name="ProcessEventDirectory_event">
        <End Role="ProcessEventDirectory" Type="com.sap.gtt.app.codelist01.codelist01Service.ProcessEventDirectory" Multiplicity="*"/>
        <End Role="Event" Type="com.sap.gtt.app.codelist01.codelist01Service.Event" Multiplicity="0..1"/>
        <ReferentialConstraint>
          <Principal Role="Event">
            <PropertyRef Name="id"/>
          </Principal>
          <Dependent Role="ProcessEventDirectory">
            <PropertyRef Name="event_id"/>
          </Dependent>
        </ReferentialConstraint>
      </Association>
      <Association Name="QualifiedTrackingId_process">
        <End Role="QualifiedTrackingId" Type="com.sap.gtt.app.codelist01.codelist01Service.QualifiedTrackingId" Multiplicity="*"/>
        <End Role="TrackedProcess" Type="com.sap.gtt.app.codelist01.codelist01Service.TrackedProcess" Multiplicity="0..1"/>
        <ReferentialConstraint>
          <Principal Role="TrackedProcess">
            <PropertyRef Name="id"/>
          </Principal>
          <Dependent Role="QualifiedTrackingId">
            <PropertyRef Name="process_id"/>
          </Dependent>
        </ReferentialConstraint>
      </Association>
      <Association Name="QualifiedTrackingId_observedProcess">
        <End Role="QualifiedTrackingId" Type="com.sap.gtt.app.codelist01.codelist01Service.QualifiedTrackingId" Multiplicity="*"/>
        <End Role="TrackedProcess" Type="com.sap.gtt.app.codelist01.codelist01Service.TrackedProcess" Multiplicity="0..1"/>
        <ReferentialConstraint>
          <Principal Role="TrackedProcess">
            <PropertyRef Name="id"/>
          </Principal>
          <Dependent Role="QualifiedTrackingId">
            <PropertyRef Name="observedProcess_id"/>
          </Dependent>
        </ReferentialConstraint>
      </Association>
      <Association Name="Reference_event">
        <End Role="Reference" Type="com.sap.gtt.app.codelist01.codelist01Service.Reference" Multiplicity="*"/>
        <End Role="Event" Type="com.sap.gtt.app.codelist01.codelist01Service.Event" Multiplicity="0..1"/>
        <ReferentialConstraint>
          <Principal Role="Event">
            <PropertyRef Name="id"/>
          </Principal>
          <Dependent Role="Reference">
            <PropertyRef Name="event_id"/>
          </Dependent>
        </ReferentialConstraint>
      </Association>
      <Association Name="TrackedProcess_trackingIds">
        <End Role="TrackedProcess" Type="com.sap.gtt.app.codelist01.codelist01Service.TrackedProcess" Multiplicity="*"/>
        <End Role="QualifiedTrackingId" Type="com.sap.gtt.app.codelist01.codelist01Service.QualifiedTrackingId" Multiplicity="*">
          <OnDelete Action="Cascade"/>
        </End>
        <ReferentialConstraint>
          <Principal Role="TrackedProcess">
            <PropertyRef Name="id"/>
          </Principal>
          <Dependent Role="QualifiedTrackingId">
            <PropertyRef Name="process_id"/>
          </Dependent>
        </ReferentialConstraint>
      </Association>
      <Association Name="TrackedProcess_plannedEvents">
        <End Role="TrackedProcess" Type="com.sap.gtt.app.codelist01.codelist01Service.TrackedProcess" Multiplicity="*"/>
        <End Role="PlannedEvent" Type="com.sap.gtt.app.codelist01.codelist01Service.PlannedEvent" Multiplicity="*">
          <OnDelete Action="Cascade"/>
        </End>
        <ReferentialConstraint>
          <Principal Role="TrackedProcess">
            <PropertyRef Name="id"/>
          </Principal>
          <Dependent Role="PlannedEvent">
            <PropertyRef Name="process_id"/>
          </Dependent>
        </ReferentialConstraint>
      </Association>
      <Association Name="TrackedProcess_processEvents">
        <End Role="TrackedProcess" Type="com.sap.gtt.app.codelist01.codelist01Service.TrackedProcess" Multiplicity="*"/>
        <End Role="ProcessEventDirectory" Type="com.sap.gtt.app.codelist01.codelist01Service.ProcessEventDirectory" Multiplicity="*">
          <OnDelete Action="Cascade"/>
        </End>
        <ReferentialConstraint>
          <Principal Role="TrackedProcess">
            <PropertyRef Name="id"/>
          </Principal>
          <Dependent Role="ProcessEventDirectory">
            <PropertyRef Name="process_id"/>
          </Dependent>
        </ReferentialConstraint>
      </Association>
      <Association Name="shipment_trackingIds">
        <End Role="shipment" Type="com.sap.gtt.app.codelist01.codelist01Service.shipment" Multiplicity="*"/>
        <End Role="QualifiedTrackingId" Type="com.sap.gtt.app.codelist01.codelist01Service.QualifiedTrackingId" Multiplicity="*">
          <OnDelete Action="Cascade"/>
        </End>
        <ReferentialConstraint>
          <Principal Role="shipment">
            <PropertyRef Name="id"/>
          </Principal>
          <Dependent Role="QualifiedTrackingId">
            <PropertyRef Name="process_id"/>
          </Dependent>
        </ReferentialConstraint>
      </Association>
      <Association Name="shipment_plannedEvents">
        <End Role="shipment" Type="com.sap.gtt.app.codelist01.codelist01Service.shipment" Multiplicity="*"/>
        <End Role="PlannedEvent" Type="com.sap.gtt.app.codelist01.codelist01Service.PlannedEvent" Multiplicity="*">
          <OnDelete Action="Cascade"/>
        </End>
        <ReferentialConstraint>
          <Principal Role="shipment">
            <PropertyRef Name="id"/>
          </Principal>
          <Dependent Role="PlannedEvent">
            <PropertyRef Name="process_id"/>
          </Dependent>
        </ReferentialConstraint>
      </Association>
      <Association Name="shipment_processEvents">
        <End Role="shipment" Type="com.sap.gtt.app.codelist01.codelist01Service.shipment" Multiplicity="*"/>
        <End Role="ProcessEventDirectory" Type="com.sap.gtt.app.codelist01.codelist01Service.ProcessEventDirectory" Multiplicity="*">
          <OnDelete Action="Cascade"/>
        </End>
        <ReferentialConstraint>
          <Principal Role="shipment">
            <PropertyRef Name="id"/>
          </Principal>
          <Dependent Role="ProcessEventDirectory">
            <PropertyRef Name="process_id"/>
          </Dependent>
        </ReferentialConstraint>
      </Association>
      <Association Name="shipment_orderStatus">
        <End Role="shipment" Type="com.sap.gtt.app.codelist01.codelist01Service.shipment" Multiplicity="*"/>
        <End Role="OrderStatus" Type="com.sap.gtt.app.codelist01.codelist01Service.OrderStatus" Multiplicity="0..1"/>
        <ReferentialConstraint>
          <Principal Role="OrderStatus">
            <PropertyRef Name="code"/>
          </Principal>
          <Dependent Role="shipment">
            <PropertyRef Name="orderStatus_code"/>
          </Dependent>
        </ReferentialConstraint>
      </Association>
      <Association Name="shipment_texts">
        <End Role="shipment" Type="com.sap.gtt.app.codelist01.codelist01Service.shipment" Multiplicity="*"/>
        <End Role="com_sap_gtt_app_codelist01_shipment_shipment_texts" Type="com.sap.gtt.app.codelist01.codelist01Service.com_sap_gtt_app_codelist01_shipment_shipment_texts" Multiplicity="*">
          <OnDelete Action="Cascade"/>
        </End>
        <ReferentialConstraint>
          <Principal Role="shipment">
            <PropertyRef Name="id"/>
          </Principal>
          <Dependent Role="com_sap_gtt_app_codelist01_shipment_shipment_texts">
            <PropertyRef Name="id"/>
          </Dependent>
        </ReferentialConstraint>
      </Association>
      <Association Name="shipment_localized">
        <End Role="shipment" Type="com.sap.gtt.app.codelist01.codelist01Service.shipment" Multiplicity="*"/>
        <End Role="com_sap_gtt_app_codelist01_shipment_shipment_texts" Type="com.sap.gtt.app.codelist01.codelist01Service.com_sap_gtt_app_codelist01_shipment_shipment_texts" Multiplicity="0..1"/>
        <ReferentialConstraint>
          <Principal Role="com_sap_gtt_app_codelist01_shipment_shipment_texts">
            <PropertyRef Name="id"/>
            <PropertyRef Name="locale"/>
          </Principal>
          <Dependent Role="shipment">
            <PropertyRef Name="id"/>
            <PropertyRef Name="$user"/>
          </Dependent>
        </ReferentialConstraint>
      </Association>
      <Association Name="shipmentEvent_references">
        <End Role="shipmentEvent" Type="com.sap.gtt.app.codelist01.codelist01Service.shipmentEvent" Multiplicity="*"/>
        <End Role="Reference" Type="com.sap.gtt.app.codelist01.codelist01Service.Reference" Multiplicity="*">
          <OnDelete Action="Cascade"/>
        </End>
        <ReferentialConstraint>
          <Principal Role="shipmentEvent">
            <PropertyRef Name="id"/>
          </Principal>
          <Dependent Role="Reference">
            <PropertyRef Name="event_id"/>
          </Dependent>
        </ReferentialConstraint>
      </Association>
      <Association Name="shipmentEvent_eventProcesses">
        <End Role="shipmentEvent" Type="com.sap.gtt.app.codelist01.codelist01Service.shipmentEvent" Multiplicity="*"/>
        <End Role="ProcessEventDirectory" Type="com.sap.gtt.app.codelist01.codelist01Service.ProcessEventDirectory" Multiplicity="*"/>
      </Association>
      <Association Name="shipmentEvent_plannedEvents">
        <End Role="shipmentEvent" Type="com.sap.gtt.app.codelist01.codelist01Service.shipmentEvent" Multiplicity="*"/>
        <End Role="PlannedEventForEvent" Type="com.sap.gtt.app.codelist01.codelist01Service.PlannedEventForEvent" Multiplicity="*">
          <OnDelete Action="Cascade"/>
        </End>
        <ReferentialConstraint>
          <Principal Role="shipmentEvent">
            <PropertyRef Name="id"/>
          </Principal>
          <Dependent Role="PlannedEventForEvent">
            <PropertyRef Name="event_id"/>
          </Dependent>
        </ReferentialConstraint>
      </Association>
      <Association Name="shipmentEvent_orderStatus">
        <End Role="shipmentEvent" Type="com.sap.gtt.app.codelist01.codelist01Service.shipmentEvent" Multiplicity="*"/>
        <End Role="OrderStatus" Type="com.sap.gtt.app.codelist01.codelist01Service.OrderStatus" Multiplicity="0..1"/>
        <ReferentialConstraint>
          <Principal Role="OrderStatus">
            <PropertyRef Name="code"/>
          </Principal>
          <Dependent Role="shipmentEvent">
            <PropertyRef Name="orderStatus_code"/>
          </Dependent>
        </ReferentialConstraint>
      </Association>
      <Association Name="shipmentEvent_texts">
        <End Role="shipmentEvent" Type="com.sap.gtt.app.codelist01.codelist01Service.shipmentEvent" Multiplicity="*"/>
        <End Role="com_sap_gtt_app_codelist01_shipment_shipmentEvent_texts" Type="com.sap.gtt.app.codelist01.codelist01Service.com_sap_gtt_app_codelist01_shipment_shipmentEvent_texts" Multiplicity="*">
          <OnDelete Action="Cascade"/>
        </End>
        <ReferentialConstraint>
          <Principal Role="shipmentEvent">
            <PropertyRef Name="id"/>
          </Principal>
          <Dependent Role="com_sap_gtt_app_codelist01_shipment_shipmentEvent_texts">
            <PropertyRef Name="id"/>
          </Dependent>
        </ReferentialConstraint>
      </Association>
      <Association Name="shipmentEvent_localized">
        <End Role="shipmentEvent" Type="com.sap.gtt.app.codelist01.codelist01Service.shipmentEvent" Multiplicity="*"/>
        <End Role="com_sap_gtt_app_codelist01_shipment_shipmentEvent_texts" Type="com.sap.gtt.app.codelist01.codelist01Service.com_sap_gtt_app_codelist01_shipment_shipmentEvent_texts" Multiplicity="0..1"/>
        <ReferentialConstraint>
          <Principal Role="com_sap_gtt_app_codelist01_shipment_shipmentEvent_texts">
            <PropertyRef Name="id"/>
            <PropertyRef Name="locale"/>
          </Principal>
          <Dependent Role="shipmentEvent">
            <PropertyRef Name="id"/>
            <PropertyRef Name="$user"/>
          </Dependent>
        </ReferentialConstraint>
      </Association>
    </Schema>
  </edmx:DataServices>
</edmx:Edmx>