{
	"name": "OutboundDelivery",
	"docs": [
		{
			"idoc": "EHPOST01",
			"fields": [
				{
					"idocField": "DEL_NO",
					"idocSegment": "E1EHPTID"
				},
				{
					"idocField": "DEL_NO",
					"idocSegment": "E1EHPCP"
				},
				{
					"idocField": "SALES_ORGANIZATION",
					"idocSegment": "E1EHPCP"
				},
				{
					"idocField": "SHIPPING_POINT",
					"idocSegment": "E1EHPCP"
				},
				{
					"idocField": "SHIPPING_TYPE",
					"idocSegment": "E1EHPCP"
				},
				{
					"idocField": "SHIP_TO_PARTY",
					"idocSegment": "E1EHPCP"
				},
				{
					"idocField": "SOLD_TO_PARTY",
					"idocSegment": "E1EHPCP"
				},
				{
					"idocField": "DELIVERY_ITEM",
					"idocSegment": "E1EHPCP"
				},
				{
					"idocField": "DISTRIBUTION_CHANNEL",
					"idocSegment": "E1EHPCP"
				},
				{
					"idocField": "PLANT",
					"idocSegment": "E1EHPCP"
				},
				{
					"idocField": "STORAGE_LOC",
					"idocSegment": "E1EHPCP"
				},
				{
					"idocField": "SO_NO",
					"idocSegment": "E1EHPCP"
				},
				{
					"idocField": "PO_NO",
					"idocSegment": "E1EHPCP"
				},
				{
					"idocField": "DELIVERY_DATE",
					"idocSegment": "E1EHPCP"
				},
				{
					"idocField": "LOADING_DATE",
					"idocSegment": "E1EHPCP"
				},
				{
					"idocField": "TRANS_PLAN_DATE",
					"idocSegment": "E1EHPCP"
				},
				{
					"idocField": "DELIVERY_WEIGHT",
					"idocSegment": "E1EHPCP"
				},
				{
					"idocField": "DELIVERY_NET_WEIGHT",
					"idocSegment": "E1EHPCP"
				},
				{
					"idocField": "DELIVERY_WEIGHT_UNIT",
					"idocSegment": "E1EHPCP"
				},
				{
					"idocField": "DELIVERY_VOLUME",
					"idocSegment": "E1EHPCP"
				},
				{
					"idocField": "DELIVERY_VOLUME_UNIT",
					"idocSegment": "E1EHPCP"
				},
				{
					"idocField": "NO_OF_PACKAGES",
					"idocSegment": "E1EHPCP"
				},
				{
					"idocField": "MATERIAL",
					"idocSegment": "E1EHPCP"
				},
				{
					"idocField": "DELIVERY_QTY",
					"idocSegment": "E1EHPCP"
				},
				{
					"idocField": "QUANTITY_UNIT",
					"idocSegment": "E1EHPCP"
				},
				{
					"idocField": "PICKING_QTY",
					"idocSegment": "E1EHPCP"
				}
			]
		}
	]
}