{
  "name": "PO_ITEM",
  "docs": [
    {
      "idoc": "EHPOST01",
      "fields": [
        {
          "idocField": "PO_NO",
          "idocSegment": "E1EHPTID"
        },
        {
          "idocField": "PO_TECH",
          "idocSegment": "E1EHPTID"
        },
        {
          "idocField": "PO_ITEM_CATEGORY",
          "idocSegment": "E1EHPCP"
        },
        {
          "idocField": "PO_ITEM_QTY",
          "idocSegment": "E1EHPCP"
        },
        {
          "idocField": "PO_ITEM_DELETION_IND",
          "idocSegment": "E1EHPCP"
        },
        {
          "idocField": "REQUISIT_EMAIL",
          "idocSegment": "E1EHPCP"
        },
        {
          "idocField": "PO_NO",
          "idocSegment": "E1EHPCP"
        },
        {
          "idocField": "VENDOR",
          "idocSegment": "E1EHPCP"
        },
        {
          "idocField": "PO_DOC_DATE",
          "idocSegment": "E1EHPCP"
        },
        {
          "idocField": "PO_REFERENCE",
          "idocSegment": "E1EHPCP"
        },
        {
          "idocField": "BUYER_EMAIL",
          "idocSegment": "E1EHPCP"
        },
        {
          "idocField": "VENDOR_EMAIL",
          "idocSegment": "E1EHPCP"
        },
        {
          "idocField": "PO_LATEST_DLV_DATE",
          "idocSegment": "E1EHPCP"
        },
        {
          "idocField": "MATERIAL",
          "idocSegment": "E1EHPCP"
        },
        {
          "idocField": "MATERIAL_TEXT",
          "idocSegment": "E1EHPCP"
        },
        {
          "idocField": "MRP_CONTROLLER",
          "idocSegment": "E1EHPCP"
        },
        {
          "idocField": "PURCHASE_NET_PRICE",
          "idocSegment": "E1EHPCP"
        },
        {
          "idocField": "REQ_TRACK_NO",
          "idocSegment": "E1EHPCP"
        },
        {
          "idocField": "PURCHASE_REQ",
          "idocSegment": "E1EHPCP"
        },
        {
          "idocField": "PURCHASE_REQ_ITEM",
          "idocSegment": "E1EHPCP"
        },
        {
          "idocField": "PURCHASE_REQUESTIONER",
          "idocSegment": "E1EHPCP"
        },
        {
          "idocField": "STORAGE_LOC_NAME",
          "idocSegment": "E1EHPCP"
        },
        {
          "idocField": "STORAGE_LOC_STREET",
          "idocSegment": "E1EHPCP"
        },
        {
          "idocField": "STORAGE_LOC_CITY",
          "idocSegment": "E1EHPCP"
        },
        {
          "idocField": "STORAGE_LOC_COUNTRY",
          "idocSegment": "E1EHPCP"
        },
        {
          "idocField": "STORAGE_LOC_COUNTRY_NAME",
          "idocSegment": "E1EHPCP"
        },
        {
          "idocField": "STORAGE_LOC_REGION",
          "idocSegment": "E1EHPCP"
        },
        {
          "idocField": "STORAGE_LOC_REGION_NAME",
          "idocSegment": "E1EHPCP"
        },
        {
          "idocField": "PO_PROCESS_STATUS",
          "idocSegment": "E1EHPCP"
        },
        {
          "idocField": "PURCHASE_ORG",
          "idocSegment": "E1EHPCP"
        },
        {
          "idocField": "PURCHASE_GROUP",
          "idocSegment": "E1EHPCP"
        },
        {
          "idocField": "VENDOR_NAME",
          "idocSegment": "E1EHPCP"
        },
        {
          "idocField": "VENDOR_STREET",
          "idocSegment": "E1EHPCP"
        },
        {
          "idocField": "VENDOR_CITY",
          "idocSegment": "E1EHPCP"
        },
        {
          "idocField": "VENDOR_COUNTRY",
          "idocSegment": "E1EHPCP"
        },
        {
          "idocField": "VENDOR_COUNTRY_NAME",
          "idocSegment": "E1EHPCP"
        },
        {
          "idocField": "VENDOR_REGION",
          "idocSegment": "E1EHPCP"
        },
        {
          "idocField": "VENDOR_REGION_NAME",
          "idocSegment": "E1EHPCP"
        },
        {
          "idocField": "PR_PROCESS_STATUS",
          "idocSegment": "E1EHPCP"
        },
        {
          "idocField": "SHIP_CONDITION",
          "idocSegment": "E1EHPCP"
        }
      ]
    }
  ]
}