{
	"name": "Shipment",
	"docs": [
		{
			"idoc": "EHPOST01",
			"fields": [
				{
					"idocField": "SHP_NO",
					"idocSegment": "E1EHPTID"
				},
				{
					"idocField": "TRANSPORTATION_PLANNING_POINT",
					"idocSegment": "E1EHPCP"
				},
				{
					"idocField": "ROUTE",
					"idocSegment": "E1EHPCP"
				},
				{
					"idocField": "FORWARDING_AGENT",
					"idocSegment": "E1EHPCP"
				},
				{
					"idocField": "SHIPMENT_TYPE",
					"idocSegment": "E1EHPCP"
				},
				{
					"idocField": "SHIPMENT_COMP",
					"idocSegment": "E1EHPCP"
				},
				{
					"idocField": "SHIPPING_TYPE",
					"idocSegment": "E1EHPCP"
				},
				{
					"idocField": "LEG_INDICATOR",
					"idocSegment": "E1EHPCP"
				},
				{
					"idocField": "SHIPPING_CONDITION",
					"idocSegment": "E1EHPCP"
				},
				{
					"idocField": "SHIP_TO_PARTY_EMAIL",
					"idocSegment": "E1EHPCP"
				},
				{
					"idocField": "FORWARDING_AGENT_NAME",
					"idocSegment": "E1EHPCP"
				},
				{
					"idocField": "FORWARDING_AGENT_STREET",
					"idocSegment": "E1EHPCP"
				},
				{
					"idocField": "FORWARDING_AGENT_CITY",
					"idocSegment": "E1EHPCP"
				},
				{
					"idocField": "FORWARDING_AGENT_COUNTRY",
					"idocSegment": "E1EHPCP"
				},
				{
					"idocField": "FORWARDING_AGENT_COUNTRY_NAME",
					"idocSegment": "E1EHPCP"
				},
				{
					"idocField": "FORWARDING_AGENT_REGION",
					"idocSegment": "E1EHPCP"
				},
				{
					"idocField": "FORWARDING_AGENT_REGION_NAME",
					"idocSegment": "E1EHPCP"
				},
				{
					"idocField": "CONTAINER_ID",
					"idocSegment": "E1EHPCP"
				},
				{
					"idocField": "ROUTE_DESCRIPTION",
					"idocSegment": "E1EHPCP"
				},
				{
					"idocField": "EXTERNAL_ID1",
					"idocSegment": "E1EHPCP"
				},
				{
					"idocField": "EXTERNAL_ID2",
					"idocSegment": "E1EHPCP"
				},
				{
					"idocField": "TOTAL_SHIPMENT_WEIGHT",
					"idocSegment": "E1EHPCP"
				},
				{
					"idocField": "SHIPMENT_WEIGHT",
					"idocSegment": "E1EHPCP"
				},
				{
					"idocField": "SHIPMENT_WEIGHT_UNIT",
					"idocSegment": "E1EHPCP"
				},
				{
					"idocField": "SHIPMENT_VOLUME",
					"idocSegment": "E1EHPCP"
				},
				{
					"idocField": "SHIPMENT_VOLUME_UNIT",
					"idocSegment": "E1EHPCP"
				},
				{
					"idocField": "DEL_NO",
					"idocSegment": "E1EHPCP"
				},
				{
					"idocField": "NO_OF_PACKAGES",
					"idocSegment": "E1EHPCP"
				}
			]
		}
	]
}