{
  "comment": "This is the TEW config file for the GTT V2 Shared Library",
  "collections": [
    {
      "collectionName": "GTT_V2_Shared_Library",
      "folders": [
        {
          "startingFolderPath": "/src/main/resources/i18n",
          "sourceFilters": [
            "messages-shared-lib.properties"
          ]
        }
      ]
    }
  ],
  "defaultConfiguration": {
    "xlfFolderPath": "/XLF/[FullPath]",
    "targetFolderPath": ".",
    "pseudoLocFolderPath": ".",
    "oneQFolderPath": ".",
    "targetFileNamingConvention": "[filename]_[langCode].[extension]"
  }
}