[
  {
    "id": "111",
    "altKey": "com:sap:gtt:epc:111",
    "trackingId": "80000001",
    "senderbusinessPartnerID": "123",
    "epc": "epc 1",
    "lastBizStep": "lastBizStep",
    "lastDisposition": "lastDisposition",
    "lastReadPoint": "lastReadPoint",
    "lastBizLocation": "lastBizLocation",
    "lastEventTime": "/Date(0)/",
    "productproductId": "urn:uuid:f81d4fae-7dec-11d0-a765-00a0c91e6bf6"
  },
  {
    "id": "222",
    "altKey": "com:sap:gtt:epc:222",
    "trackingId": "80000002",
    "senderbusinessPartnerID": "456",
    "epc": "epc 2",
    "lastBizStep": "lastBizStep",
    "lastDisposition": "lastDisposition",
    "lastReadPoint": "lastReadPoint",
    "lastBizLocation": "lastBizLocation",
    "lastEventTime": "/Date(0)/",
    "productproductId": "urn:uuid:f81d4fae-7dec-11d0-a765-00a0c91e6bf7"
  },
  {
    "id": "333",
    "altKey": "com:sap:gtt:epc:333",
    "trackingId": "80000003",
    "epc": "epc 3",
    "lastBizStep": "lastBizStep",
    "lastDisposition": "lastDisposition",
    "lastReadPoint": "lastReadPoint",
    "lastBizLocation": "lastBizLocation",
    "lastEventTime": "/Date(0)/",
    "productproductId": "urn:uuid:f81d4fae-7dec-11d0-a765-00a0c91e6bf8"
  },
  {
    "id": "444",
    "altKey": "com:sap:gtt:epc:444",
    "trackingId": "80000003",
    "epc": "epc 4",
    "lastBizStep": "lastBizStep",
    "lastDisposition": "lastDisposition",
    "lastReadPoint": "lastReadPoint",
    "lastBizLocation": "lastBizLocation",
    "lastEventTime": "/Date(0)/",
    "productproductId": "urn:uuid:f81d4fae-7dec-11d0-a765-00a0c91e6bf9"
  }
]
