[
  {
    "id": "112",
    "eventCode": "EPCIS_AGG",
    "eventType": "com.sap.gtt.app.epcissample.EPCISModel.EPCISAggregationEvent",
    "eventReasonText": "Some reason",
    "senderbusinessPartnerID": "456",
    "senderPartybusinessPartnerID": "123",
    "logicalSenderSystem": "ABC",
    "trackingIdType": "AB",
    "trackingId": "80000001",
    "locationlocationId": "123",
    "locationId": "gtt:location:CNSHA",
    "locationDescription": "Somewhere in Shanghai",
    "actualTechnicalTimestampUTC": "/Date(0)/",
    "actualBusinessTimestampUTC": "/Date(-3600000)/",
    "actualBusinessTimeZonetimeZoneCode": "CET",
    "actualBusinessTimestampUTC_text": "Jan 1, 1970, 12:00:00 AM CET",
    "CreatedByUser": "Roger",
    "processingTimestampUTC": "/Date(1489758040364)/"
  }
]
