[
  {
    "id": "111",
    "altKey": "com:sap:gtt:epc:111",
    "trackingId": "80000001",
    "senderbusinessPartnerID": "123",
    "epc": "urn:epc:id:sgtin:4102354.102365.1",
    "lastBizStep": "urn:epcglobal:cbv:bizstep:staging_outbound",
    "lastDisposition": "urn:epcglobal:cbv:disp:in_progress",
    "lastReadPoint": "lastReadPoint",
    "lastBizLocation": "lastBizLocation",
    "lastEventTime": "/Date(0)/",
    "productproductId": "urn:uuid:f81d4fae-7dec-11d0-a765-00a0c91e6bf6",
    "gtin": "04000412.302602",
    "productionDate": "/Date(0)/",
    "productionPlant": "urn:epc:id:sgln:4102354.102365.0",
    "vendorBatchId": "VW0048",
    "lotNumber": "4711",
    "itemExpirationDate": "/Date(0)/",
    "bestBeforeDate": "/Date(0)/",
    "countryOfOrigin": "DE",
    "firstFreezeDate": "/Date(0)/",
    "growingMethodCode": "HYDROPONIC",
    "harvestStartDate": "/Date(0)/",
    "harvestEndDate": "/Date(0)/",
    "productionMethodForFishAndSeafoodCode": "AQUACULTURE",
    "sellByDate": "/Date(0)/",
    "storageStateCode": "ABCDEG",
    "unloadingPort": "DE BRV",
    "drainedWeight": 3,
    "drainedWeightUnit": "Kgm",
    "grossWeight": 4,
    "grossWeightUnit": "Kgm",
    "netWeight": 3.5,
    "netWeightUnit": "Kgm",
    "isILMDHidden": false
  },
  {
    "id": "222",
    "altKey": "com:sap:gtt:epc:222",
    "trackingId": "80000002",
    "senderbusinessPartnerID": "456",
    "epc": "urn:epc:id:sscc:4102354.102365.2",
    "lastBizStep": "urn:epcglobal:cbv:bizstep:staging_outbound",
    "lastDisposition": "urn:epcglobal:cbv:disp:in_progress",
    "lastReadPoint": "lastReadPoint",
    "lastBizLocation": "lastBizLocation",
    "lastEventTime": "/Date(0)/",
    "isILMDHidden": true
  },
  {
    "id": "333",
    "altKey": "com:sap:gtt:epc:333",
    "trackingId": "80000003",
    "epc": "urn:epc:id:sscc:4102354.102365.3",
    "lastBizStep": "urn:epcglobal:cbv:bizstep:staging_outbound",
    "lastDisposition": "urn:epcglobal:cbv:disp:in_progress",
    "lastReadPoint": "lastReadPoint",
    "lastBizLocation": "lastBizLocation",
    "lastEventTime": "/Date(0)/",
    "isILMDHidden": true
  }
]
