[
  {
    "id": "223",
    "eventCode": "EPCIS_AGG",
    "eventType": "com.sap.gtt.app.epcissample.EPCISModel.EPCISAggregationEvent",
    "eventReasonText": "Some reason",
    "senderbusinessPartnerID": "456",
    "senderPartybusinessPartnerID": "123",
    "logicalSenderSystem": "ABC",
    "trackingIdType": "AB",
    "trackingId": "80000001",
    "locationlocationId": "123",
    "locationId": "gtt:location:CNSHA",
    "locationDescription": "Somewhere in Shanghai",
    "actualTechnicalTimestampUTC": "/Date(0)/",
    "actualBusinessTimestampUTC": "/Date(-3600000)/",
    "actualBusinessTimeZonetimeZoneCode": "CET",
    "actualBusinessTimestampUTC_text": "Jan 1, 1970, 12:00:00 AM CET",
    "CreatedByUser": "Roger",
    "processingTimestampUTC": "/Date(1489758040364)/",
    "action": "ADD",
    "eventTime": "/Date(0)/",
    "eventTimeZoneOffset": "+02:00",
    "parentID": "urn:epc:id:sscc:9992511.1719100004",
    "bizStep": "urn:epcglobal:cbv:bizstep:packing",
    "disposition": "urn:epcglobal:cbv:disp:in_progress",
    "readPoint": "urn:epc:id:sgln:4012345.00001.0",
    "bizLocation": "urn:epc:id:sgln:4012345.00001.0"
  },
  {
    "id": "111",
    "eventCode": "EPCIS_OBJ",
    "eventType": "com.sap.gtt.app.epcissample.EPCISModel.EPCISObjectEvent",
    "eventReasonText": "Some reason",
    "senderbusinessPartnerID": "456",
    "senderPartybusinessPartnerID": "123",
    "logicalSenderSystem": "ABC",
    "trackingIdType": "AB",
    "trackingId": "80000001",
    "locationlocationId": "123",
    "locationId": "gtt:location:CNSHA",
    "locationDescription": "Somewhere in Shanghai",
    "actualTechnicalTimestampUTC": "/Date(0)/",
    "actualBusinessTimestampUTC": "/Date(-3600000)/",
    "actualBusinessTimeZonetimeZoneCode": "CET",
    "actualBusinessTimestampUTC_text": "Jan 1, 1970, 12:00:00 AM CET",
    "CreatedByUser": "Roger",
    "processingTimestampUTC": "/Date(1489758040364)/",
    "action": "OBSERVE",
    "eventTime": "/Date(0)/",
    "eventTimeZoneOffset": "+02:00",
    "parentID": "urn:epc:id:sscc:9992511.1719100004",
    "bizStep": "urn:epcglobal:cbv:bizstep:staging_outbound",
    "disposition": "urn:epcglobal:cbv:disp:in_progress",
    "readPoint": "urn:epc:id:sgln:4012345.00001.0",
    "bizLocation": "urn:epc:id:sgln:4012345.00001.0"
  },
  {
    "id": "112",
    "eventCode": "EPCIS_TRA",
    "eventType": "com.sap.gtt.app.epcissample.EPCISModel.EPCISTransactionEvent",
    "eventReasonText": "Some reason",
    "senderbusinessPartnerID": "456",
    "senderPartybusinessPartnerID": "123",
    "logicalSenderSystem": "ABC",
    "trackingIdType": "AB",
    "trackingId": "80000001",
    "locationlocationId": "123",
    "locationId": "gtt:location:CNSHA",
    "locationDescription": "Somewhere in Shanghai",
    "actualTechnicalTimestampUTC": "/Date(0)/",
    "actualBusinessTimestampUTC": "/Date(-3600000)/",
    "actualBusinessTimeZonetimeZoneCode": "CET",
    "actualBusinessTimestampUTC_text": "Jan 1, 1970, 12:00:00 AM CET",
    "CreatedByUser": "Roger",
    "processingTimestampUTC": "/Date(1489758040364)/",
    "action": "DELETE",
    "eventTime": "/Date(0)/",
    "eventTimeZoneOffset": "+02:00",
    "parentID": "urn:epc:id:sscc:9992511.1719100004",
    "bizStep": "urn:epcglobal:cbv:bizstep:staging_outbound",
    "disposition": "urn:epcglobal:cbv:disp:in_progress",
    "readPoint": "urn:epc:id:sgln:4012345.00001.0",
    "bizLocation": "urn:epc:id:sgln:4012345.00001.0"
  }
]
