[
  {
    "processid": "111",
    "nodeid": "111",
    "parentid": "222",
    "hierarchyLevel": 1,
    "drillState": "collapsed",
    "validFrom": "/Date(1489758040364)/",
    "validTo": "/Date(1489758040364)/"
  },
  {
    "processid": "111",
    "nodeid": "222",
    "parentid": null,
    "hierarchyLevel": 0,
    "drillState": "collapsed",
    "validFrom": "/Date(1489758040364)/",
    "validTo": "/Date(1489758040364)/"
  },
  {
    "processid": "111",
    "nodeid": "333",
    "parentid": "111",
    "hierarchyLevel": 2,
    "drillState": "leaf",
    "validFrom": "/Date(1489758040364)/",
    "validTo": "/Date(1489758040364)/"
  },
  {
    "processid": "111",
    "nodeid": "444",
    "parentid": "111",
    "hierarchyLevel": 2,
    "drillState": "leaf",
    "validFrom": "/Date(1489758040364)/",
    "validTo": "/Date(1489758040364)/"
  }
]
