[
  {
    "processEventDirectoryId": "223",
    "processid": "111",
    "sequence": 1,
    "eventCode": "EPCIS_AGG",
    "eventType": "com.sap.gtt.app.epcissample.EPCISModel.EPCISAggregationEvent",
    "eventStatus": "UNPLANNED",
    "eventReasonText": null,
    "eventid": "223",
    "locationlocationId": "456",
    "plannedTechnicalTimestampUTC": "/Date(0)/",
    "plannedTechTsEarliestUTC": "/Date(0)/",
    "plannedTechTsLatestUTC": "/Date(0)/",
    "plannedBusinessTimestampUTC": "/Date(0)/",
    "plannedBusinessTimestampUTC_text": "Jan 1, 1970, 1:00:00 AM CET",
    "plannedBizTsEarliestUTC": "/Date(0)/",
    "plannedBizTsEarliestUTC_text": "Jan 1, 1970, 1:00:00 AM CET",
    "plannedBizTsLatestUTC": "/Date(0)/",
    "plannedBizTsLatestUTC_text": "Jan 1, 1970, 1:00:00 AM CET",
    "plannedBusinessTimeZonetimeZoneCode": "CET",
    "actualTechnicalTimestampUTC": "/Date(0)/",
    "actualBusinessTimestampUTC": "/Date(-3600000)/",
    "actualBusinessTimestampUTC_text": "Jan 1, 1970, 12:00:00 AM CET",
    "actualBusinessTimeZonetimeZoneCode": "CET",
    "actualBusinessTimestamp": "/Date(0)/",
    "CreatedByUser": "Roger",
    "processingTimestampUTC": "/Date(1489758040364)/"
  },
  {
    "processEventDirectoryId": "112",
    "processid": "111",
    "sequence": 3,
    "eventCode": "EPCIS_TRA",
    "eventType": "com.sap.gtt.app.epcissample.EPCISModel.EPCISTransactionEvent",
    "eventStatus": "UNPLANNED",
    "eventReasonText": "Bad Weather",
    "eventid": "112",
    "locationlocationId": "123",
    "plannedTechnicalTimestampUTC": null,
    "plannedTechTsEarliestUTC": null,
    "plannedTechTsLatestUTC": null,
    "plannedBusinessTimestampUTC": null,
    "plannedBusinessTimestampUTC_text": null,
    "plannedBizTsEarliestUTC": null,
    "plannedBizTsEarliestUTC_text": null,
    "plannedBizTsLatestUTC": null,
    "plannedBizTsLatestUTC_text": null,
    "plannedBusinessTimeZonetimeZoneCode": null,
    "actualTechnicalTimestampUTC": "/Date(0)/",
    "actualBusinessTimestampUTC": "/Date(-3600000)/",
    "actualBusinessTimestampUTC_text": "Jan 1, 1970, 12:00:00 AM CET",
    "actualBusinessTimeZonetimeZoneCode": "CET",
    "actualBusinessTimestamp": "/Date(0)/",
    "CreatedByUser": "Roger",
    "processingTimestampUTC": "/Date(1489758040364)/"
  },
  {
    "processEventDirectoryId": "111",
    "processid": "111",
    "sequence": 2,
    "eventCode": "EPCIS_OBJ",
    "eventType": "com.sap.gtt.app.epcissample.EPCISModel.EPCISObjectEvent",
    "eventStatus": "UNPLANNED",
    "eventReasonText": "some reason",
    "eventid": "111",
    "locationlocationId": "123",
    "plannedTechnicalTimestampUTC": null,
    "plannedTechTsEarliestUTC": null,
    "plannedTechTsLatestUTC": null,
    "plannedBusinessTimestampUTC": null,
    "plannedBusinessTimestampUTC_text": null,
    "plannedBizTsEarliestUTC": null,
    "plannedBizTsEarliestUTC_text": null,
    "plannedBizTsLatestUTC": null,
    "plannedBizTsLatestUTC_text": null,
    "plannedBusinessTimeZonetimeZoneCode": null,
    "actualTechnicalTimestampUTC": "/Date(0)/",
    "actualBusinessTimestampUTC": "/Date(-3600000)/",
    "actualBusinessTimestampUTC_text": "Jan 1, 1970, 12:00:00 AM CET",
    "actualBusinessTimeZonetimeZoneCode": "CET",
    "actualBusinessTimestamp": "/Date(0)/",
    "CreatedByUser": "Roger",
    "processingTimestampUTC": "/Date(1489758040364)/"
  }
]
