[
  {
    "productId": "urn:uuid:f81d4fae-7dec-11d0-a765-00a0c91e6bf6",
    "altKey": "A01-EM-FERT-01",
    "description": "SCEM-Finished Material#01"
  },
  {
    "productId": "urn:uuid:f81d4fae-7dec-11d0-a765-00a0c91e6bf7",
    "altKey": "A01-EM-FERT-02",
    "description": "SCEM-Finished Material#02"
  },
  {
    "productId": "urn:uuid:f81d4fae-7dec-11d0-a765-00a0c91e6bf8",
    "altKey": "A01-EM-FERT-03",
    "description": "SCEM-Finished Material#03"
  },
  {
    "productId": "urn:uuid:f81d4fae-7dec-11d0-a765-00a0c91e6bf9",
    "altKey": "A01-EM-FERT-04",
    "description": "SCEM-Finished Material#04"
  }
]