{
	"id": "caed6832-7212-4d07-b403-58ab7cd0c29e",
	"name": "GTT_V2_Model_Management_Service_IT.postman_environment",
	"values": [
		{
			"key": "lbn_gtt_uaa_url",
			"value": "https://gtt-sample-so-01.authentication.sap.hana.ondemand.com",
			"enabled": true
		},
		{
			"key": "lbn_gtt_uaa_username",
			"value": "sb-lbn_gtt_core_int!b6660",
			"enabled": true
		},
		{
			"key": "lbn_gtt_uaa_password",
			"value": "V8L71YKNaTzfA/febKlJ6cf13+c=",
			"enabled": true
		},
		{
			"key": "token",
			"value": "",
			"enabled": true
		},
		{
			"key": "lbn_gtt_core_uaa_url",
			"value": "https://lbn-gtt.authentication.sap.hana.ondemand.com",
			"enabled": true
		},
		{
			"key": "lbn_gtt_core_uaa_username",
			"value": "sb-lbn_gtt_core_int!b6660",
			"enabled": true
		},
		{
			"key": "lbn_gtt_core_uaa_password",
			"value": "V8L71YKNaTzfA/febKlJ6cf13+c=",
			"enabled": true
		},
		{
			"key": "service_manager_app_url",
			"value": "https://gtt-core-service-manager-int.cfapps.sap.hana.ondemand.com",
			"enabled": true
		},
		{
			"key": "adm_uaa_token",
			"value": "",
			"enabled": true
		},
		{
			"key": "metadata_service_url",
			"value": "https://gtt-core-metadata-service-int.cfapps.sap.hana.ondemand.com",
			"enabled": true
		},
		{
			"key": "count",
			"value": "0",
			"enabled": true
		},
		{
			"key": "Project_Name_Space",
			"value": "",
			"enabled": true
		},
		{
			"key": "gtt_token",
			"value": "",
			"enabled": true
		},
		{
			"key": "Model_Name1",
			"value": "mmdeploy001",
			"enabled": true
		},
		{
			"key": "ModelNameSpace",
			"value": "com.gttsampleso01.gtt.app",
			"enabled": true
		},
		{
			"key": "TrackingIDType",
			"value": "trackingIDmmdeploy001",
			"enabled": true
		}
	],
	"_postman_variable_scope": "environment",
	"_postman_exported_at": "2020-06-02T15:44:16.914Z",
	"_postman_exported_using": "Postman/7.25.0"
}