{
	"info": {
		"_postman_id": "9d48338d-8b2f-4953-86f0-378f03e99372",
		"name": "GTT_V2_Model_Deployment",
		"schema": "https://schema.getpostman.com/json/collection/v2.1.0/collection.json"
	},
	"item": [
		{
			"name": "Setup",
			"item": [
				{
					"name": "MD000-01 - Get APP UAA Token",
					"event": [
						{
							"listen": "test",
							"script": {
								"id": "d88aaf32-34be-4a8b-97a5-d2e12cc81817",
								"exec": [
									"var jsonData; ",
									"",
									"try{",
									"tests[\"Status code is 200\"] = responseCode.code === 200;",
									"jsonData = JSON.parse(responseBody);",
									"tests[\"token is found\"] = responseBody.has(\"access_token\");",
									"postman.setEnvironmentVariable(\"token\", \"Bearer\" + ' ' + jsonData.access_token);",
									"}catch(e){",
									"console.log(e);    ",
									"}",
									""
								],
								"type": "text/javascript"
							}
						},
						{
							"listen": "prerequest",
							"script": {
								"id": "ec0e2c7b-feae-4800-86b4-b707cbfd7117",
								"exec": [
									"postman.clearGlobalVariable(\"token\");"
								],
								"type": "text/javascript"
							}
						}
					],
					"request": {
						"auth": {
							"type": "basic",
							"basic": [
								{
									"key": "password",
									"value": "{{lbn_gtt_uaa_password}}",
									"type": "string"
								},
								{
									"key": "username",
									"value": "{{lbn_gtt_uaa_username}}",
									"type": "string"
								},
								{
									"key": "showPassword",
									"value": false,
									"type": "boolean"
								}
							]
						},
						"method": "POST",
						"header": [
							{
								"key": "Content-Type",
								"value": "application/json",
								"disabled": true
							},
							{
								"key": "Accept",
								"value": "application/json"
							},
							{
								"key": "Authorization",
								"type": "text",
								"value": "",
								"warning": "This is a duplicate header and will be overridden by the Authorization header generated by Postman.",
								"disabled": true
							}
						],
						"body": {
							"mode": "raw",
							"raw": ""
						},
						"url": {
							"raw": "{{lbn_gtt_uaa_url}}/oauth/token?grant_type=client_credentials",
							"host": [
								"{{lbn_gtt_uaa_url}}"
							],
							"path": [
								"oauth",
								"token"
							],
							"query": [
								{
									"key": "grant_type",
									"value": "client_credentials"
								}
							]
						}
					},
					"response": []
				}
			],
			"protocolProfileBehavior": {}
		},
		{
			"name": "Deploy Sample User Models",
			"item": [
				{
					"name": "MD001 - Deploy MIM",
					"item": [
						{
							"name": "MD001-01 - Deploy MIM sample model in target space and create user model tables",
							"event": [
								{
									"listen": "test",
									"script": {
										"id": "a643cd1e-bb08-444e-9d6f-e241642a9c09",
										"exec": [
											"var jsonData;",
											"try{",
											"tests[\"Successful POST request\"] = responseCode.code === 200 || responseCode.code === 201 || responseCode.code === 202;",
											"",
											"}catch(e){",
											"    console.log(e);",
											"    ",
											"}"
										],
										"type": "text/javascript"
									}
								}
							],
							"request": {
								"method": "POST",
								"header": [
									{
										"key": "Content-Type",
										"type": "text",
										"value": "application/x-zip-compressed"
									},
									{
										"key": "Authorization",
										"type": "text",
										"value": "{{token}}"
									}
								],
								"body": {
									"mode": "file",
									"file": {
										"src": "./jenkins-scripts/mim.zip"
									}
								},
								"url": {
									"raw": "{{metadata_service_url}}/sap/logistics/gtt/metadata/v1/model/deploy",
									"host": [
										"{{metadata_service_url}}"
									],
									"path": [
										"sap",
										"logistics",
										"gtt",
										"metadata",
										"v1",
										"model",
										"deploy"
									]
								}
							},
							"response": []
						}
					],
					"protocolProfileBehavior": {},
					"_postman_isSubFolder": true
				},
				{
					"name": "MD002 - Deploy Delivery",
					"item": [
						{
							"name": "MD002-01 - Deploy Delivery model in target space and create user model tables",
							"event": [
								{
									"listen": "test",
									"script": {
										"id": "ea3ab215-c5aa-4034-9c60-1c21aa2fba5d",
										"exec": [
											"var jsonData;",
											"try{",
											"tests[\"Successful POST request\"] = responseCode.code === 200 || responseCode.code === 201 || responseCode.code === 202;",
											"",
											"}catch(e){",
											"    console.log(e);",
											"    ",
											"}"
										],
										"type": "text/javascript"
									}
								}
							],
							"request": {
								"method": "POST",
								"header": [
									{
										"key": "Content-Type",
										"type": "text",
										"value": "application/x-zip-compressed"
									},
									{
										"key": "Authorization",
										"type": "text",
										"value": "{{token}}"
									}
								],
								"body": {
									"mode": "file",
									"file": {
										"src": "./jenkins-scripts/tst.zip"
									}
								},
								"url": {
									"raw": "{{metadata_service_url}}/sap/logistics/gtt/metadata/v1/model/deploy",
									"host": [
										"{{metadata_service_url}}"
									],
									"path": [
										"sap",
										"logistics",
										"gtt",
										"metadata",
										"v1",
										"model",
										"deploy"
									]
								}
							},
							"response": []
						}
					],
					"protocolProfileBehavior": {},
					"_postman_isSubFolder": true
				},
				{
					"name": "MD003 - Deploy TFO",
					"item": [
						{
							"name": "MD003-01 - Deploy TFO model in target space and create user model tables",
							"event": [
								{
									"listen": "test",
									"script": {
										"id": "e14f97d8-273e-4e46-9986-daa0115a0bf0",
										"exec": [
											"var jsonData;",
											"try{",
											"tests[\"Successful POST request\"] = responseCode.code === 200 || responseCode.code === 201 || responseCode.code === 202;",
											"",
											"}catch(e){",
											"    console.log(e);",
											"    ",
											"}"
										],
										"type": "text/javascript"
									}
								}
							],
							"request": {
								"method": "POST",
								"header": [
									{
										"key": "Content-Type",
										"type": "text",
										"value": "application/x-zip-compressed"
									},
									{
										"key": "Authorization",
										"type": "text",
										"value": "{{token}}"
									}
								],
								"body": {
									"mode": "file",
									"file": {
										"src": "./jenkins-scripts/tfo.zip"
									}
								},
								"url": {
									"raw": "{{metadata_service_url}}/sap/logistics/gtt/metadata/v1/model/deploy",
									"host": [
										"{{metadata_service_url}}"
									],
									"path": [
										"sap",
										"logistics",
										"gtt",
										"metadata",
										"v1",
										"model",
										"deploy"
									]
								}
							},
							"response": []
						}
					],
					"protocolProfileBehavior": {},
					"_postman_isSubFolder": true
				}
			],
			"protocolProfileBehavior": {}
		},
		{
			"name": "Deploy User Defined Test Models",
			"item": [
				{
					"name": "MDU001 - Deploy template models for Model Update Checks",
					"item": [
						{
							"name": "MDU001-01 - Deploy a model - temp_redeploy001",
							"event": [
								{
									"listen": "test",
									"script": {
										"id": "58e2a9e4-f8f5-4c8d-b3e4-862bb97e5ba1",
										"exec": [
											"var jsonData;",
											"try{",
											"tests[\"Successful POST request\"] = responseCode.code === 200 || responseCode.code === 201 || responseCode.code === 202;",
											"",
											"}catch(e){",
											"    console.log(e);",
											"    ",
											"}"
										],
										"type": "text/javascript"
									}
								}
							],
							"request": {
								"method": "POST",
								"header": [
									{
										"key": "Content-Type",
										"type": "text",
										"value": "application/x-zip-compressed"
									},
									{
										"key": "Authorization",
										"type": "text",
										"value": "{{token}}"
									}
								],
								"body": {
									"mode": "file",
									"file": {
										"src": "./jenkins-scripts/temp_redeploy001.zip"
									}
								},
								"url": {
									"raw": "{{metadata_service_url}}/sap/logistics/gtt/metadata/v1/model/deploy",
									"host": [
										"{{metadata_service_url}}"
									],
									"path": [
										"sap",
										"logistics",
										"gtt",
										"metadata",
										"v1",
										"model",
										"deploy"
									]
								}
							},
							"response": []
						},
						{
							"name": "MDU001-02 - Deploy a model - temp_redeploy002",
							"event": [
								{
									"listen": "test",
									"script": {
										"id": "76c49ff9-d8e2-407d-80b9-5a475e6c8751",
										"exec": [
											"var jsonData;",
											"try{",
											"tests[\"Successful POST request\"] = responseCode.code === 200 || responseCode.code === 201 || responseCode.code === 202;",
											"",
											"}catch(e){",
											"    console.log(e);",
											"    ",
											"}"
										],
										"type": "text/javascript"
									}
								}
							],
							"request": {
								"method": "POST",
								"header": [
									{
										"key": "Content-Type",
										"type": "text",
										"value": "application/x-zip-compressed"
									},
									{
										"key": "Authorization",
										"type": "text",
										"value": "{{token}}"
									}
								],
								"body": {
									"mode": "file",
									"file": {
										"src": "./jenkins-scripts/temp_redeploy002.zip"
									}
								},
								"url": {
									"raw": "{{metadata_service_url}}/sap/logistics/gtt/metadata/v1/model/deploy",
									"host": [
										"{{metadata_service_url}}"
									],
									"path": [
										"sap",
										"logistics",
										"gtt",
										"metadata",
										"v1",
										"model",
										"deploy"
									]
								}
							},
							"response": []
						},
						{
							"name": "MDU001-03 - Deploy a model - temp_redeploy003",
							"event": [
								{
									"listen": "test",
									"script": {
										"id": "deb4f03d-fe66-4f00-b859-e2ea3d8ab0b2",
										"exec": [
											"var jsonData;",
											"try{",
											"tests[\"Successful POST request\"] = responseCode.code === 200 || responseCode.code === 201 || responseCode.code === 202;",
											"",
											"}catch(e){",
											"    console.log(e);",
											"    ",
											"}"
										],
										"type": "text/javascript"
									}
								}
							],
							"request": {
								"method": "POST",
								"header": [
									{
										"key": "Content-Type",
										"type": "text",
										"value": "application/x-zip-compressed"
									},
									{
										"key": "Authorization",
										"type": "text",
										"value": "{{token}}"
									}
								],
								"body": {
									"mode": "file",
									"file": {
										"src": "./jenkins-scripts/temp_redeploy003.zip"
									}
								},
								"url": {
									"raw": "{{metadata_service_url}}/sap/logistics/gtt/metadata/v1/model/deploy",
									"host": [
										"{{metadata_service_url}}"
									],
									"path": [
										"sap",
										"logistics",
										"gtt",
										"metadata",
										"v1",
										"model",
										"deploy"
									]
								}
							},
							"response": []
						},
						{
							"name": "MDU001-04 - Deploy a model - temp_redeploy004",
							"event": [
								{
									"listen": "test",
									"script": {
										"id": "deb4f03d-fe66-4f00-b859-e2ea3d8ab0b2",
										"exec": [
											"var jsonData;",
											"try{",
											"tests[\"Successful POST request\"] = responseCode.code === 200 || responseCode.code === 201 || responseCode.code === 202;",
											"",
											"}catch(e){",
											"    console.log(e);",
											"    ",
											"}"
										],
										"type": "text/javascript"
									}
								}
							],
							"request": {
								"method": "POST",
								"header": [
									{
										"key": "Content-Type",
										"type": "text",
										"value": "application/x-zip-compressed"
									},
									{
										"key": "Authorization",
										"type": "text",
										"value": "{{token}}"
									}
								],
								"body": {
									"mode": "file",
									"file": {
										"src": "./jenkins-scripts/temp_redeploy004.zip"
									}
								},
								"url": {
									"raw": "{{metadata_service_url}}/sap/logistics/gtt/metadata/v1/model/deploy",
									"host": [
										"{{metadata_service_url}}"
									],
									"path": [
										"sap",
										"logistics",
										"gtt",
										"metadata",
										"v1",
										"model",
										"deploy"
									]
								}
							},
							"response": []
						},
						{
							"name": "MDU001-05 - Deploy a model - temp_redeploy005",
							"event": [
								{
									"listen": "test",
									"script": {
										"id": "deb4f03d-fe66-4f00-b859-e2ea3d8ab0b2",
										"exec": [
											"var jsonData;",
											"try{",
											"tests[\"Successful POST request\"] = responseCode.code === 200 || responseCode.code === 201 || responseCode.code === 202;",
											"",
											"}catch(e){",
											"    console.log(e);",
											"    ",
											"}"
										],
										"type": "text/javascript"
									}
								}
							],
							"request": {
								"method": "POST",
								"header": [
									{
										"key": "Content-Type",
										"type": "text",
										"value": "application/x-zip-compressed"
									},
									{
										"key": "Authorization",
										"type": "text",
										"value": "{{token}}"
									}
								],
								"body": {
									"mode": "file",
									"file": {
										"src": "./jenkins-scripts/temp_redeploy005.zip"
									}
								},
								"url": {
									"raw": "{{metadata_service_url}}/sap/logistics/gtt/metadata/v1/model/deploy",
									"host": [
										"{{metadata_service_url}}"
									],
									"path": [
										"sap",
										"logistics",
										"gtt",
										"metadata",
										"v1",
										"model",
										"deploy"
									]
								}
							},
							"response": []
						},
						{
							"name": "MDU001-06 - Deploy a model - temp_redeploy006",
							"event": [
								{
									"listen": "test",
									"script": {
										"id": "deb4f03d-fe66-4f00-b859-e2ea3d8ab0b2",
										"exec": [
											"var jsonData;",
											"try{",
											"tests[\"Successful POST request\"] = responseCode.code === 200 || responseCode.code === 201 || responseCode.code === 202;",
											"",
											"}catch(e){",
											"    console.log(e);",
											"    ",
											"}"
										],
										"type": "text/javascript"
									}
								}
							],
							"request": {
								"method": "POST",
								"header": [
									{
										"key": "Content-Type",
										"type": "text",
										"value": "application/x-zip-compressed"
									},
									{
										"key": "Authorization",
										"type": "text",
										"value": "{{token}}"
									}
								],
								"body": {
									"mode": "file",
									"file": {
										"src": "./jenkins-scripts/temp_redeploy006.zip"
									}
								},
								"url": {
									"raw": "{{metadata_service_url}}/sap/logistics/gtt/metadata/v1/model/deploy",
									"host": [
										"{{metadata_service_url}}"
									],
									"path": [
										"sap",
										"logistics",
										"gtt",
										"metadata",
										"v1",
										"model",
										"deploy"
									]
								}
							},
							"response": []
						},
						{
							"name": "MDU001-07 - Deploy a model - temp_redeploy007",
							"event": [
								{
									"listen": "test",
									"script": {
										"id": "deb4f03d-fe66-4f00-b859-e2ea3d8ab0b2",
										"exec": [
											"var jsonData;",
											"try{",
											"tests[\"Successful POST request\"] = responseCode.code === 200 || responseCode.code === 201 || responseCode.code === 202;",
											"",
											"}catch(e){",
											"    console.log(e);",
											"    ",
											"}"
										],
										"type": "text/javascript"
									}
								}
							],
							"request": {
								"method": "POST",
								"header": [
									{
										"key": "Content-Type",
										"type": "text",
										"value": "application/x-zip-compressed"
									},
									{
										"key": "Authorization",
										"type": "text",
										"value": "{{token}}"
									}
								],
								"body": {
									"mode": "file",
									"file": {
										"src": "./jenkins-scripts/temp_redeploy007.zip"
									}
								},
								"url": {
									"raw": "{{metadata_service_url}}/sap/logistics/gtt/metadata/v1/model/deploy",
									"host": [
										"{{metadata_service_url}}"
									],
									"path": [
										"sap",
										"logistics",
										"gtt",
										"metadata",
										"v1",
										"model",
										"deploy"
									]
								}
							},
							"response": []
						},
						{
							"name": "MDU001-08 - Deploy a model - temp_redeploy008",
							"event": [
								{
									"listen": "test",
									"script": {
										"id": "deb4f03d-fe66-4f00-b859-e2ea3d8ab0b2",
										"exec": [
											"var jsonData;",
											"try{",
											"tests[\"Successful POST request\"] = responseCode.code === 200 || responseCode.code === 201 || responseCode.code === 202;",
											"",
											"}catch(e){",
											"    console.log(e);",
											"    ",
											"}"
										],
										"type": "text/javascript"
									}
								}
							],
							"request": {
								"method": "POST",
								"header": [
									{
										"key": "Content-Type",
										"type": "text",
										"value": "application/x-zip-compressed"
									},
									{
										"key": "Authorization",
										"type": "text",
										"value": "{{token}}"
									}
								],
								"body": {
									"mode": "file",
									"file": {
										"src": "./jenkins-scripts/temp_redeploy008.zip"
									}
								},
								"url": {
									"raw": "{{metadata_service_url}}/sap/logistics/gtt/metadata/v1/model/deploy",
									"host": [
										"{{metadata_service_url}}"
									],
									"path": [
										"sap",
										"logistics",
										"gtt",
										"metadata",
										"v1",
										"model",
										"deploy"
									]
								}
							},
							"response": []
						},
						{
							"name": "MDU001-09 - Deploy a model - temp_redeploy009",
							"event": [
								{
									"listen": "test",
									"script": {
										"id": "deb4f03d-fe66-4f00-b859-e2ea3d8ab0b2",
										"exec": [
											"var jsonData;",
											"try{",
											"tests[\"Successful POST request\"] = responseCode.code === 200 || responseCode.code === 201 || responseCode.code === 202;",
											"",
											"}catch(e){",
											"    console.log(e);",
											"    ",
											"}"
										],
										"type": "text/javascript"
									}
								}
							],
							"request": {
								"method": "POST",
								"header": [
									{
										"key": "Content-Type",
										"type": "text",
										"value": "application/x-zip-compressed"
									},
									{
										"key": "Authorization",
										"type": "text",
										"value": "{{token}}"
									}
								],
								"body": {
									"mode": "file",
									"file": {
										"src": "./jenkins-scripts/temp_redeploy009.zip"
									}
								},
								"url": {
									"raw": "{{metadata_service_url}}/sap/logistics/gtt/metadata/v1/model/deploy",
									"host": [
										"{{metadata_service_url}}"
									],
									"path": [
										"sap",
										"logistics",
										"gtt",
										"metadata",
										"v1",
										"model",
										"deploy"
									]
								}
							},
							"response": []
						},
						{
							"name": "MDU001-10 - Deploy a model - temp_redeploy010",
							"event": [
								{
									"listen": "test",
									"script": {
										"id": "deb4f03d-fe66-4f00-b859-e2ea3d8ab0b2",
										"exec": [
											"var jsonData;",
											"try{",
											"tests[\"Successful POST request\"] = responseCode.code === 200 || responseCode.code === 201 || responseCode.code === 202;",
											"",
											"}catch(e){",
											"    console.log(e);",
											"    ",
											"}"
										],
										"type": "text/javascript"
									}
								}
							],
							"request": {
								"method": "POST",
								"header": [
									{
										"key": "Content-Type",
										"type": "text",
										"value": "application/x-zip-compressed"
									},
									{
										"key": "Authorization",
										"type": "text",
										"value": "{{token}}"
									}
								],
								"body": {
									"mode": "file",
									"file": {
										"src": "./jenkins-scripts/temp_redeploy010.zip"
									}
								},
								"url": {
									"raw": "{{metadata_service_url}}/sap/logistics/gtt/metadata/v1/model/deploy",
									"host": [
										"{{metadata_service_url}}"
									],
									"path": [
										"sap",
										"logistics",
										"gtt",
										"metadata",
										"v1",
										"model",
										"deploy"
									]
								}
							},
							"response": []
						}
					],
					"protocolProfileBehavior": {},
					"_postman_isSubFolder": true
				},
				{
					"name": "MDU002 - Deploy a model for DPP feature test",
					"item": [
						{
							"name": "MDU002-01 - Deploy User Delivery model in target space and create user model tables",
							"event": [
								{
									"listen": "test",
									"script": {
										"id": "b58ee5c1-b085-49ad-84da-71cb1cf792d2",
										"exec": [
											"var jsonData;",
											"try{",
											"tests[\"Successful POST request\"] = responseCode.code === 200 || responseCode.code === 201 || responseCode.code === 202;",
											"",
											"}catch(e){",
											"    console.log(e);",
											"    ",
											"}"
										],
										"type": "text/javascript"
									}
								}
							],
							"request": {
								"method": "POST",
								"header": [
									{
										"key": "Content-Type",
										"type": "text",
										"value": "application/x-zip-compressed"
									},
									{
										"key": "Authorization",
										"type": "text",
										"value": "{{token}}"
									}
								],
								"body": {
									"mode": "file",
									"file": {
										"src": "./jenkins-scripts/tstdpp.zip"
									}
								},
								"url": {
									"raw": "{{metadata_service_url}}/sap/logistics/gtt/metadata/v1/model/deploy",
									"host": [
										"{{metadata_service_url}}"
									],
									"path": [
										"sap",
										"logistics",
										"gtt",
										"metadata",
										"v1",
										"model",
										"deploy"
									]
								}
							},
							"response": []
						}
					],
					"protocolProfileBehavior": {},
					"_postman_isSubFolder": true
				},
				{
					"name": "MDU003 - Deploy a model for user delay event test",
					"item": [
						{
							"name": "MDU003-01 - Deploy User Delivery model in target space and create user model tables",
							"event": [
								{
									"listen": "test",
									"script": {
										"id": "e0f1169d-dbcf-47c0-b89a-50b06661e750",
										"exec": [
											"var jsonData;",
											"try{",
											"tests[\"Successful POST request\"] = responseCode.code === 200 || responseCode.code === 201 || responseCode.code === 202;",
											"",
											"}catch(e){",
											"    console.log(e);",
											"    ",
											"}"
										],
										"type": "text/javascript"
									}
								}
							],
							"request": {
								"method": "POST",
								"header": [
									{
										"key": "Content-Type",
										"type": "text",
										"value": "application/x-zip-compressed"
									},
									{
										"key": "Authorization",
										"type": "text",
										"value": "{{token}}"
									}
								],
								"body": {
									"mode": "file",
									"file": {
										"src": "./jenkins-scripts/mim_userdelay.zip"
									}
								},
								"url": {
									"raw": "{{metadata_service_url}}/sap/logistics/gtt/metadata/v1/model/deploy",
									"host": [
										"{{metadata_service_url}}"
									],
									"path": [
										"sap",
										"logistics",
										"gtt",
										"metadata",
										"v1",
										"model",
										"deploy"
									]
								}
							},
							"response": []
						}
					],
					"protocolProfileBehavior": {},
					"_postman_isSubFolder": true
				},
				{
					"name": "MDU004 - Deploy a model for codelist test",
					"item": [
						{
							"name": "MDU004-01 - Deploy User shipment model in target space and create user model tables",
							"event": [
								{
									"listen": "test",
									"script": {
										"id": "94e2e5b0-b6ed-4424-a18a-068e99e73975",
										"exec": [
											"var jsonData;",
											"try{",
											"tests[\"Successful POST request\"] = responseCode.code === 200 || responseCode.code === 201 || responseCode.code === 202;",
											"",
											"}catch(e){",
											"    console.log(e);",
											"    ",
											"}"
										],
										"type": "text/javascript"
									}
								}
							],
							"request": {
								"method": "POST",
								"header": [
									{
										"key": "Content-Type",
										"type": "text",
										"value": "application/x-zip-compressed"
									},
									{
										"key": "Authorization",
										"type": "text",
										"value": "{{token}}"
									}
								],
								"body": {
									"mode": "file",
									"file": {
										"src": "./jenkins-scripts/shipment_codelist.zip"
									}
								},
								"url": {
									"raw": "{{metadata_service_url}}/sap/logistics/gtt/metadata/v1/model/deploy",
									"host": [
										"{{metadata_service_url}}"
									],
									"path": [
										"sap",
										"logistics",
										"gtt",
										"metadata",
										"v1",
										"model",
										"deploy"
									]
								}
							},
							"response": []
						}
					],
					"protocolProfileBehavior": {},
					"_postman_isSubFolder": true
				},
				{
					"name": "MDU005 - Deploy a model for planned event model extension test",
					"item": [
						{
							"name": "MDU005-01 - Deploy User mim planned event extension model in target space and create user model tables",
							"event": [
								{
									"listen": "test",
									"script": {
										"id": "011aaaab-1d39-4a69-9c93-f127f2b0978c",
										"exec": [
											"var jsonData;",
											"try{",
											"tests[\"Successful POST request\"] = responseCode.code === 200 || responseCode.code === 201 || responseCode.code === 202;",
											"",
											"}catch(e){",
											"    console.log(e);",
											"    ",
											"}"
										],
										"type": "text/javascript"
									}
								}
							],
							"request": {
								"method": "POST",
								"header": [
									{
										"key": "Content-Type",
										"type": "text",
										"value": "application/x-zip-compressed"
									},
									{
										"key": "Authorization",
										"type": "text",
										"value": "{{token}}"
									}
								],
								"body": {
									"mode": "file",
									"file": {
										"src": "./jenkins-scripts/mim_planned_ext.zip"
									}
								},
								"url": {
									"raw": "{{metadata_service_url}}/sap/logistics/gtt/metadata/v1/model/deploy",
									"host": [
										"{{metadata_service_url}}"
									],
									"path": [
										"sap",
										"logistics",
										"gtt",
										"metadata",
										"v1",
										"model",
										"deploy"
									]
								}
							},
							"response": []
						}
					],
					"protocolProfileBehavior": {},
					"_postman_isSubFolder": true
				}
			],
			"protocolProfileBehavior": {}
		}
	],
	"protocolProfileBehavior": {}
}
