{
	"id": "c2b11c17-f25f-4677-be22-b4e254f69b18",
	"name": "GTT_V2_Model_CleanUp_INT",
	"values": [
		{
			"key": "lbn_gtt_uaa_url",
			"value": "https://gtt-sample-so-01.authentication.sap.hana.ondemand.com",
			"enabled": true
		},
		{
			"key": "lbn_gtt_uaa_username",
			"value": "sb-lbn_gtt_core_int!b6660",
			"enabled": true
		},
		{
			"key": "lbn_gtt_uaa_password",
			"value": "V8L71YKNaTzfA/febKlJ6cf13+c=",
			"enabled": true
		},
		{
			"key": "token",
			"value": "",
			"enabled": true
		},
		{
			"key": "lbn_gtt_core_uaa_url",
			"value": "https://lbn-platform.authentication.sap.hana.ondemand.com",
			"enabled": true
		},
		{
			"key": "lbn_gtt_core_uaa_username",
			"value": "sb-lbn_gtt_core_integration!b5700",
			"enabled": true
		},
		{
			"key": "lbn_gtt_core_uaa_password",
			"value": "LeVQwNoA7UzUe3ciXOC+wChgOis=",
			"enabled": true
		},
		{
			"key": "service_manager_app_url",
			"value": "https://gtt-core-service-manager-integration.cfapps.sap.hana.ondemand.com",
			"enabled": true
		},
		{
			"key": "adm_uaa_token",
			"value": "",
			"enabled": true
		},
		{
			"key": "metadata_service_url",
			"value": "https://gtt-core-metadata-service-int.cfapps.sap.hana.ondemand.com",
			"enabled": true
		},
		{
			"key": "count",
			"value": "0",
			"enabled": true
		},
		{
			"key": "MC001_MOD_NS",
			"value": "com.gttsampleso01.gtt.app.mim",
			"enabled": true
		},
		{
			"key": "MC002_MOD_NS",
			"value": "com.gttsampleso01.gtt.app.tst",
			"enabled": true
		},
		{
			"key": "MC003_MOD_NS",
			"value": "com.gttsampleso01.gtt.app.tfo",
			"enabled": true
		},
		{
			"key": "MCU003_MOD_NS",
			"value": "com.gttsampleso01.gtt.app.tsttest",
			"enabled": true
		},
		{
			"key": "MCU004_MOD_NS",
			"value": "com.gttsampleso01.gtt.app.mimuserdelay",
			"enabled": true
		},
		{
			"key": "MCU001_MOD_NS_01",
			"value": "com.gttsampleso01.gtt.app.deploy001",
			"enabled": true
		},
		{
			"key": "MCU001_MOD_NS_02",
			"value": "com.gttsampleso01.gtt.app.deploy002",
			"enabled": true
		},
		{
			"key": "MCU001_MOD_NS_03",
			"value": "com.gttsampleso01.gtt.app.deploy003",
			"enabled": true
		},
		{
			"key": "MCU001_MOD_NS_04",
			"value": "com.gttsampleso01.gtt.app.deploy004",
			"enabled": true
		},
		{
			"key": "MCU001_MOD_NS_05",
			"value": "com.gttsampleso01.gtt.app.deploy005",
			"enabled": true
		},
		{
			"key": "MCU001_MOD_NS_06",
			"value": "com.gttsampleso01.gtt.app.deploy006",
			"enabled": true
		},
		{
			"key": "MCU001_MOD_NS_07",
			"value": "com.gttsampleso01.gtt.app.deploy007",
			"enabled": true
		},
		{
			"key": "MCU002_MOD_NS_01",
			"value": "com.gttsampleso01.gtt.app.redeploy001",
			"enabled": true
		},
		{
			"key": "MCU002_MOD_NS_02",
			"value": "com.gttsampleso01.gtt.app.redeploy002",
			"enabled": true
		},
		{
			"key": "MCU002_MOD_NS_03",
			"value": "com.gttsampleso01.gtt.app.redeploy003",
			"enabled": true
		},
		{
			"key": "MCU002_MOD_NS_04",
			"value": "com.gttsampleso01.gtt.app.redeploy004",
			"enabled": true
		},
		{
			"key": "MCU002_MOD_NS_05",
			"value": "com.gttsampleso01.gtt.app.redeploy005",
			"enabled": true
		},
		{
			"key": "MCU002_MOD_NS_06",
			"value": "com.gttsampleso01.gtt.app.redeploy006",
			"enabled": true
		},
		{
			"key": "MCU002_MOD_NS_07",
			"value": "com.gttsampleso01.gtt.app.redeploy007",
			"enabled": true
		},
		{
			"key": "MCU002_MOD_NS_08",
			"value": "com.gttsampleso01.gtt.app.redeploy008",
			"enabled": true
		},
		{
			"key": "MCU002_MOD_NS_09",
			"value": "com.gttsampleso01.gtt.app.redeploy009",
			"enabled": true
		},
		{
			"key": "MCU001_MOD_NS_08",
			"value": "com.gttsampleso01.gtt.app.deploy008",
			"enabled": true
		},
		{
			"key": "MCU001_MOD_NS_09",
			"value": "com.gttsampleso01.gtt.app.deploy009",
			"enabled": true
		},
		{
			"key": "MCU002_MOD_NS_10",
			"value": "com.gttsampleso01.gtt.app.redeploy010",
			"enabled": true
		},
		{
			"key": "MCU005_MOD_NS",
			"value": "com.gttsampleso01.gtt.app.codelisttest",
			"enabled": true
		},
		{
			"key": "MCU006_MOD_NS",
			"value": "com.gttsampleso01.gtt.app.plannedevtext",
			"enabled": true
		}
	],
	"_postman_variable_scope": "environment",
	"_postman_exported_at": "2020-06-03T09:40:14.398Z",
	"_postman_exported_using": "Postman/7.25.0"
}