{
	"info": {
		"_postman_id": "f4bba025-2428-446a-b263-fec82060cdaa",
		"name": "GTT_V2_Model_CleanUp",
		"schema": "https://schema.getpostman.com/json/collection/v2.1.0/collection.json"
	},
	"item": [
		{
			"name": "Setup",
			"item": [
				{
					"name": "MC000-01 - Get APP UAA Token",
					"event": [
						{
							"listen": "test",
							"script": {
								"id": "d88aaf32-34be-4a8b-97a5-d2e12cc81817",
								"exec": [
									"var jsonData; ",
									"",
									"try{",
									"tests[\"Status code is 200\"] = responseCode.code === 200;",
									"jsonData = JSON.parse(responseBody);",
									"tests[\"token is found\"] = responseBody.has(\"access_token\");",
									"postman.setEnvironmentVariable(\"token\", \"Bearer\" + ' ' + jsonData.access_token);",
									"}catch(e){",
									"console.log(e);    ",
									"}",
									""
								],
								"type": "text/javascript"
							}
						},
						{
							"listen": "prerequest",
							"script": {
								"id": "ec0e2c7b-feae-4800-86b4-b707cbfd7117",
								"exec": [
									"postman.clearGlobalVariable(\"token\");"
								],
								"type": "text/javascript"
							}
						}
					],
					"request": {
						"auth": {
							"type": "basic",
							"basic": [
								{
									"key": "password",
									"value": "{{lbn_gtt_uaa_password}}",
									"type": "string"
								},
								{
									"key": "username",
									"value": "{{lbn_gtt_uaa_username}}",
									"type": "string"
								},
								{
									"key": "showPassword",
									"value": false,
									"type": "boolean"
								}
							]
						},
						"method": "POST",
						"header": [
							{
								"key": "Content-Type",
								"value": "application/json",
								"disabled": true
							},
							{
								"key": "Accept",
								"value": "application/json"
							},
							{
								"key": "Authorization",
								"type": "text",
								"value": "",
								"warning": "This is a duplicate header and will be overridden by the Authorization header generated by Postman.",
								"disabled": true
							}
						],
						"body": {
							"mode": "raw",
							"raw": ""
						},
						"url": {
							"raw": "{{lbn_gtt_uaa_url}}/oauth/token?grant_type=client_credentials",
							"host": [
								"{{lbn_gtt_uaa_url}}"
							],
							"path": [
								"oauth",
								"token"
							],
							"query": [
								{
									"key": "grant_type",
									"value": "client_credentials"
								}
							]
						}
					},
					"response": []
				},
				{
					"name": "MC000-01 - Get APP UAA Token",
					"event": [
						{
							"listen": "test",
							"script": {
								"id": "f9947baa-5c37-4cb1-bd36-0182eb388318",
								"exec": [
									"var jsonData; ",
									"",
									"try{",
									"tests[\"Status code is 200\"] = responseCode.code === 200;",
									"jsonData = JSON.parse(responseBody);",
									"tests[\"token is found\"] = responseBody.has(\"access_token\");",
									"postman.setEnvironmentVariable(\"token\", \"Bearer\" + ' ' + jsonData.access_token);",
									"}catch(e){",
									"console.log(e);    ",
									"}",
									""
								],
								"type": "text/javascript"
							}
						},
						{
							"listen": "prerequest",
							"script": {
								"id": "1fd992ef-5816-4e13-badf-9b67455ba9f4",
								"exec": [
									"postman.clearGlobalVariable(\"token\");"
								],
								"type": "text/javascript"
							}
						}
					],
					"request": {
						"auth": {
							"type": "basic",
							"basic": [
								{
									"key": "password",
									"value": "{{lbn_gtt_uaa_password}}",
									"type": "string"
								},
								{
									"key": "username",
									"value": "{{lbn_gtt_uaa_username}}",
									"type": "string"
								},
								{
									"key": "showPassword",
									"value": false,
									"type": "boolean"
								}
							]
						},
						"method": "POST",
						"header": [
							{
								"key": "Content-Type",
								"value": "application/json",
								"disabled": true
							},
							{
								"key": "Accept",
								"value": "application/json"
							},
							{
								"key": "Authorization",
								"type": "text",
								"value": "",
								"warning": "This is a duplicate header and will be overridden by the Authorization header generated by Postman.",
								"disabled": true
							}
						],
						"body": {
							"mode": "raw",
							"raw": ""
						},
						"url": {
							"raw": "{{lbn_gtt_uaa_url}}/oauth/token?grant_type=client_credentials",
							"host": [
								"{{lbn_gtt_uaa_url}}"
							],
							"path": [
								"oauth",
								"token"
							],
							"query": [
								{
									"key": "grant_type",
									"value": "client_credentials"
								}
							]
						}
					},
					"response": []
				}
			],
			"protocolProfileBehavior": {}
		},
		{
			"name": "Drop Sample User Models",
			"item": [
				{
					"name": "MC001 - Drop MIM",
					"item": [
						{
							"name": "MC001-01 - Drop MIM sample model in target space",
							"request": {
								"method": "DELETE",
								"header": [
									{
										"key": "Authorization",
										"value": "{{token}}",
										"type": "text"
									}
								],
								"url": {
									"raw": "{{metadata_service_url}}/sap/logistics/gtt/metadata/v1/model/{{MC001_MOD_NS}}",
									"host": [
										"{{metadata_service_url}}"
									],
									"path": [
										"sap",
										"logistics",
										"gtt",
										"metadata",
										"v1",
										"model",
										"{{MC001_MOD_NS}}"
									]
								}
							},
							"response": []
						}
					],
					"protocolProfileBehavior": {},
					"_postman_isSubFolder": true
				},
				{
					"name": "MC002 - Drop Delivery",
					"item": [
						{
							"name": "MC002-01 - Drop Delivery sample model in target space",
							"request": {
								"method": "DELETE",
								"header": [
									{
										"key": "Authorization",
										"value": "{{token}}",
										"type": "text"
									}
								],
								"url": {
									"raw": "{{metadata_service_url}}/sap/logistics/gtt/metadata/v1/model/{{MC002_MOD_NS}}",
									"host": [
										"{{metadata_service_url}}"
									],
									"path": [
										"sap",
										"logistics",
										"gtt",
										"metadata",
										"v1",
										"model",
										"{{MC002_MOD_NS}}"
									]
								}
							},
							"response": []
						}
					],
					"protocolProfileBehavior": {},
					"_postman_isSubFolder": true
				},
				{
					"name": "MC003 - Drop TFO",
					"item": [
						{
							"name": "MC003-01 - Drop TFO sample model in target space",
							"request": {
								"method": "DELETE",
								"header": [
									{
										"key": "Authorization",
										"value": "{{token}}",
										"type": "text"
									}
								],
								"url": {
									"raw": "{{metadata_service_url}}/sap/logistics/gtt/metadata/v1/model/{{MC003_MOD_NS}}",
									"host": [
										"{{metadata_service_url}}"
									],
									"path": [
										"sap",
										"logistics",
										"gtt",
										"metadata",
										"v1",
										"model",
										"{{MC003_MOD_NS}}"
									]
								}
							},
							"response": []
						}
					],
					"protocolProfileBehavior": {},
					"_postman_isSubFolder": true
				}
			],
			"protocolProfileBehavior": {}
		},
		{
			"name": "Drop User Defined Test Models",
			"item": [
				{
					"name": "MCU001 Drop template models for Model Creation Checks",
					"item": [
						{
							"name": "MCU001-01 - Drop - model_creation001",
							"event": [
								{
									"listen": "test",
									"script": {
										"id": "7e4e89a6-7280-4ed5-8df7-1f584a621813",
										"exec": [
											"var jsonData;",
											"try{",
											"tests[\"Successful POST request\"] = responseCode.code === 200 || responseCode.code === 201 || responseCode.code === 202 || responseCode.code === 400;",
											"",
											"}catch(e){",
											"    console.log(e);",
											"    ",
											"}"
										],
										"type": "text/javascript"
									}
								}
							],
							"request": {
								"method": "DELETE",
								"header": [
									{
										"key": "Authorization",
										"type": "text",
										"value": "{{token}}"
									}
								],
								"url": {
									"raw": "{{metadata_service_url}}/sap/logistics/gtt/metadata/v1/model/{{MCU001_MOD_NS_01}}",
									"host": [
										"{{metadata_service_url}}"
									],
									"path": [
										"sap",
										"logistics",
										"gtt",
										"metadata",
										"v1",
										"model",
										"{{MCU001_MOD_NS_01}}"
									]
								}
							},
							"response": []
						},
						{
							"name": "MCU001-02 - Drop - model_creation002",
							"event": [
								{
									"listen": "test",
									"script": {
										"id": "e17e18c9-2bb2-4132-9860-a0f45aa5762d",
										"exec": [
											"var jsonData;",
											"try{",
											"tests[\"Successful POST request\"] = responseCode.code === 200 || responseCode.code === 201 || responseCode.code === 202 || responseCode.code === 400;",
											"",
											"}catch(e){",
											"    console.log(e);",
											"    ",
											"}"
										],
										"type": "text/javascript"
									}
								}
							],
							"request": {
								"method": "DELETE",
								"header": [
									{
										"key": "Authorization",
										"type": "text",
										"value": "{{token}}"
									}
								],
								"url": {
									"raw": "{{metadata_service_url}}/sap/logistics/gtt/metadata/v1/model/{{MCU001_MOD_NS_02}}",
									"host": [
										"{{metadata_service_url}}"
									],
									"path": [
										"sap",
										"logistics",
										"gtt",
										"metadata",
										"v1",
										"model",
										"{{MCU001_MOD_NS_02}}"
									]
								}
							},
							"response": []
						},
						{
							"name": "MCU001-03 - Drop - model_creation003",
							"event": [
								{
									"listen": "test",
									"script": {
										"id": "f1b78fa9-db7b-4b8c-8b4b-787c37350a57",
										"exec": [
											"var jsonData;",
											"try{",
											"tests[\"Successful POST request\"] = responseCode.code === 200 || responseCode.code === 201 || responseCode.code === 202 || responseCode.code === 400;",
											"",
											"}catch(e){",
											"    console.log(e);",
											"    ",
											"}"
										],
										"type": "text/javascript"
									}
								}
							],
							"request": {
								"method": "DELETE",
								"header": [
									{
										"key": "Authorization",
										"type": "text",
										"value": "{{token}}"
									}
								],
								"url": {
									"raw": "{{metadata_service_url}}/sap/logistics/gtt/metadata/v1/model/{{MCU001_MOD_NS_03}}",
									"host": [
										"{{metadata_service_url}}"
									],
									"path": [
										"sap",
										"logistics",
										"gtt",
										"metadata",
										"v1",
										"model",
										"{{MCU001_MOD_NS_03}}"
									]
								}
							},
							"response": []
						},
						{
							"name": "MCU001-04 - Drop - model_creation004",
							"event": [
								{
									"listen": "test",
									"script": {
										"id": "2c890e41-a7fa-401a-b157-7231c68fecef",
										"exec": [
											"var jsonData;",
											"try{",
											"tests[\"Successful POST request\"] = responseCode.code === 200 || responseCode.code === 201 || responseCode.code === 202 || responseCode.code === 400;",
											"",
											"}catch(e){",
											"    console.log(e);",
											"    ",
											"}"
										],
										"type": "text/javascript"
									}
								}
							],
							"request": {
								"method": "DELETE",
								"header": [
									{
										"key": "Authorization",
										"type": "text",
										"value": "{{token}}"
									}
								],
								"url": {
									"raw": "{{metadata_service_url}}/sap/logistics/gtt/metadata/v1/model/{{MCU001_MOD_NS_04}}",
									"host": [
										"{{metadata_service_url}}"
									],
									"path": [
										"sap",
										"logistics",
										"gtt",
										"metadata",
										"v1",
										"model",
										"{{MCU001_MOD_NS_04}}"
									]
								}
							},
							"response": []
						},
						{
							"name": "MCU001-05 - Drop - model_creation005",
							"event": [
								{
									"listen": "test",
									"script": {
										"id": "b900b97c-78c2-4f92-b3cb-faf843868a02",
										"exec": [
											"var jsonData;",
											"try{",
											"tests[\"Successful POST request\"] = responseCode.code === 200 || responseCode.code === 201 || responseCode.code === 202 || responseCode.code === 400;",
											"",
											"}catch(e){",
											"    console.log(e);",
											"    ",
											"}"
										],
										"type": "text/javascript"
									}
								}
							],
							"request": {
								"method": "DELETE",
								"header": [
									{
										"key": "Authorization",
										"type": "text",
										"value": "{{token}}"
									}
								],
								"url": {
									"raw": "{{metadata_service_url}}/sap/logistics/gtt/metadata/v1/model/{{MCU001_MOD_NS_05}}",
									"host": [
										"{{metadata_service_url}}"
									],
									"path": [
										"sap",
										"logistics",
										"gtt",
										"metadata",
										"v1",
										"model",
										"{{MCU001_MOD_NS_05}}"
									]
								}
							},
							"response": []
						},
						{
							"name": "MCU001-06 - Drop - model_creation006",
							"event": [
								{
									"listen": "test",
									"script": {
										"id": "4f8c3cac-da78-4575-982e-6519febb0331",
										"exec": [
											"var jsonData;",
											"try{",
											"tests[\"Successful POST request\"] = responseCode.code === 200 || responseCode.code === 201 || responseCode.code === 202 || responseCode.code === 400;",
											"",
											"}catch(e){",
											"    console.log(e);",
											"    ",
											"}"
										],
										"type": "text/javascript"
									}
								}
							],
							"request": {
								"method": "DELETE",
								"header": [
									{
										"key": "Authorization",
										"type": "text",
										"value": "{{token}}"
									}
								],
								"url": {
									"raw": "{{metadata_service_url}}/sap/logistics/gtt/metadata/v1/model/{{MCU001_MOD_NS_06}}",
									"host": [
										"{{metadata_service_url}}"
									],
									"path": [
										"sap",
										"logistics",
										"gtt",
										"metadata",
										"v1",
										"model",
										"{{MCU001_MOD_NS_06}}"
									]
								}
							},
							"response": []
						},
						{
							"name": "MCU001-07 - Drop - model_creation007",
							"event": [
								{
									"listen": "test",
									"script": {
										"id": "90ed90ce-e4a8-44f0-be48-b77513edaee6",
										"exec": [
											"var jsonData;",
											"try{",
											"tests[\"Successful POST request\"] = responseCode.code === 200 || responseCode.code === 201 || responseCode.code === 202 || responseCode.code === 400;",
											"",
											"}catch(e){",
											"    console.log(e);",
											"    ",
											"}"
										],
										"type": "text/javascript"
									}
								}
							],
							"request": {
								"method": "DELETE",
								"header": [
									{
										"key": "Authorization",
										"type": "text",
										"value": "{{token}}"
									}
								],
								"url": {
									"raw": "{{metadata_service_url}}/sap/logistics/gtt/metadata/v1/model/{{MCU001_MOD_NS_07}}",
									"host": [
										"{{metadata_service_url}}"
									],
									"path": [
										"sap",
										"logistics",
										"gtt",
										"metadata",
										"v1",
										"model",
										"{{MCU001_MOD_NS_07}}"
									]
								}
							},
							"response": []
						},
						{
							"name": "MCU001-08 - Drop - model_creation008",
							"event": [
								{
									"listen": "test",
									"script": {
										"id": "90ed90ce-e4a8-44f0-be48-b77513edaee6",
										"exec": [
											"var jsonData;",
											"try{",
											"tests[\"Successful POST request\"] = responseCode.code === 200 || responseCode.code === 201 || responseCode.code === 202 || responseCode.code === 400;",
											"",
											"}catch(e){",
											"    console.log(e);",
											"    ",
											"}"
										],
										"type": "text/javascript"
									}
								}
							],
							"request": {
								"method": "DELETE",
								"header": [
									{
										"key": "Authorization",
										"type": "text",
										"value": "{{token}}"
									}
								],
								"url": {
									"raw": "{{metadata_service_url}}/sap/logistics/gtt/metadata/v1/model/{{MCU001_MOD_NS_08}}",
									"host": [
										"{{metadata_service_url}}"
									],
									"path": [
										"sap",
										"logistics",
										"gtt",
										"metadata",
										"v1",
										"model",
										"{{MCU001_MOD_NS_08}}"
									]
								}
							},
							"response": []
						},
						{
							"name": "MCU001-09 - Drop - model_creation009",
							"event": [
								{
									"listen": "test",
									"script": {
										"id": "90ed90ce-e4a8-44f0-be48-b77513edaee6",
										"exec": [
											"var jsonData;",
											"try{",
											"tests[\"Successful POST request\"] = responseCode.code === 200 || responseCode.code === 201 || responseCode.code === 202 || responseCode.code === 400;",
											"",
											"}catch(e){",
											"    console.log(e);",
											"    ",
											"}"
										],
										"type": "text/javascript"
									}
								}
							],
							"request": {
								"method": "DELETE",
								"header": [
									{
										"key": "Authorization",
										"type": "text",
										"value": "{{token}}"
									}
								],
								"url": {
									"raw": "{{metadata_service_url}}/sap/logistics/gtt/metadata/v1/model/{{MCU001_MOD_NS_09}}",
									"host": [
										"{{metadata_service_url}}"
									],
									"path": [
										"sap",
										"logistics",
										"gtt",
										"metadata",
										"v1",
										"model",
										"{{MCU001_MOD_NS_09}}"
									]
								}
							},
							"response": []
						}
					],
					"protocolProfileBehavior": {},
					"_postman_isSubFolder": true
				},
				{
					"name": "MCU002 Drop template models for Model Update Checks",
					"item": [
						{
							"name": "MCU002-01 - Drop - model_update001",
							"event": [
								{
									"listen": "test",
									"script": {
										"id": "1b53b75e-ff81-4d25-ae2e-1f367f960410",
										"exec": [
											"var jsonData;",
											"try{",
											"tests[\"Successful POST request\"] = responseCode.code === 200 || responseCode.code === 201 || responseCode.code === 202 || responseCode.code === 400;",
											"",
											"}catch(e){",
											"    console.log(e);",
											"    ",
											"}"
										],
										"type": "text/javascript"
									}
								}
							],
							"request": {
								"method": "DELETE",
								"header": [
									{
										"key": "Authorization",
										"type": "text",
										"value": "{{token}}"
									}
								],
								"url": {
									"raw": "{{metadata_service_url}}/sap/logistics/gtt/metadata/v1/model/{{MCU002_MOD_NS_01}}",
									"host": [
										"{{metadata_service_url}}"
									],
									"path": [
										"sap",
										"logistics",
										"gtt",
										"metadata",
										"v1",
										"model",
										"{{MCU002_MOD_NS_01}}"
									]
								}
							},
							"response": []
						},
						{
							"name": "MCU002-02 - Drop - model_update002",
							"event": [
								{
									"listen": "test",
									"script": {
										"id": "cd0c39f5-4476-4dbb-b557-234af5fb8b47",
										"exec": [
											"var jsonData;",
											"try{",
											"tests[\"Successful POST request\"] = responseCode.code === 200 || responseCode.code === 201 || responseCode.code === 202 || responseCode.code === 400;",
											"",
											"}catch(e){",
											"    console.log(e);",
											"    ",
											"}"
										],
										"type": "text/javascript"
									}
								}
							],
							"request": {
								"method": "DELETE",
								"header": [
									{
										"key": "Authorization",
										"type": "text",
										"value": "{{token}}"
									}
								],
								"url": {
									"raw": "{{metadata_service_url}}/sap/logistics/gtt/metadata/v1/model/{{MCU002_MOD_NS_02}}",
									"host": [
										"{{metadata_service_url}}"
									],
									"path": [
										"sap",
										"logistics",
										"gtt",
										"metadata",
										"v1",
										"model",
										"{{MCU002_MOD_NS_02}}"
									]
								}
							},
							"response": []
						},
						{
							"name": "MCU002-03 - Drop - model_update003",
							"event": [
								{
									"listen": "test",
									"script": {
										"id": "a91c334c-bf75-4e95-917e-94f95275fefb",
										"exec": [
											"var jsonData;",
											"try{",
											"tests[\"Successful POST request\"] = responseCode.code === 200 || responseCode.code === 201 || responseCode.code === 202 || responseCode.code === 400;",
											"",
											"}catch(e){",
											"    console.log(e);",
											"    ",
											"}"
										],
										"type": "text/javascript"
									}
								}
							],
							"request": {
								"method": "DELETE",
								"header": [
									{
										"key": "Authorization",
										"type": "text",
										"value": "{{token}}"
									}
								],
								"url": {
									"raw": "{{metadata_service_url}}/sap/logistics/gtt/metadata/v1/model/{{MCU002_MOD_NS_03}}",
									"host": [
										"{{metadata_service_url}}"
									],
									"path": [
										"sap",
										"logistics",
										"gtt",
										"metadata",
										"v1",
										"model",
										"{{MCU002_MOD_NS_03}}"
									]
								}
							},
							"response": []
						},
						{
							"name": "MCU002-04 - Drop - model_update004",
							"event": [
								{
									"listen": "test",
									"script": {
										"id": "d8f87f82-e48e-422d-9991-d624e12baff2",
										"exec": [
											"var jsonData;",
											"try{",
											"tests[\"Successful POST request\"] = responseCode.code === 200 || responseCode.code === 201 || responseCode.code === 202 || responseCode.code === 400;",
											"",
											"}catch(e){",
											"    console.log(e);",
											"    ",
											"}"
										],
										"type": "text/javascript"
									}
								}
							],
							"request": {
								"method": "DELETE",
								"header": [
									{
										"key": "Authorization",
										"type": "text",
										"value": "{{token}}"
									}
								],
								"url": {
									"raw": "{{metadata_service_url}}/sap/logistics/gtt/metadata/v1/model/{{MCU002_MOD_NS_04}}",
									"host": [
										"{{metadata_service_url}}"
									],
									"path": [
										"sap",
										"logistics",
										"gtt",
										"metadata",
										"v1",
										"model",
										"{{MCU002_MOD_NS_04}}"
									]
								}
							},
							"response": []
						},
						{
							"name": "MCU002-05 - Drop - model_update005",
							"event": [
								{
									"listen": "test",
									"script": {
										"id": "9cbb4171-5bc3-46bc-8287-1eae7486c3e5",
										"exec": [
											"var jsonData;",
											"try{",
											"tests[\"Successful POST request\"] = responseCode.code === 200 || responseCode.code === 201 || responseCode.code === 202 || responseCode.code === 400;",
											"",
											"}catch(e){",
											"    console.log(e);",
											"    ",
											"}"
										],
										"type": "text/javascript"
									}
								}
							],
							"request": {
								"method": "DELETE",
								"header": [
									{
										"key": "Authorization",
										"type": "text",
										"value": "{{token}}"
									}
								],
								"url": {
									"raw": "{{metadata_service_url}}/sap/logistics/gtt/metadata/v1/model/{{MCU002_MOD_NS_05}}",
									"host": [
										"{{metadata_service_url}}"
									],
									"path": [
										"sap",
										"logistics",
										"gtt",
										"metadata",
										"v1",
										"model",
										"{{MCU002_MOD_NS_05}}"
									]
								}
							},
							"response": []
						},
						{
							"name": "MCU002-06 - Drop - model_update006",
							"event": [
								{
									"listen": "test",
									"script": {
										"id": "b5d34393-273d-4b6c-ac04-eefb6c84994a",
										"exec": [
											"var jsonData;",
											"try{",
											"tests[\"Successful POST request\"] = responseCode.code === 200 || responseCode.code === 201 || responseCode.code === 202 || responseCode.code === 400;",
											"",
											"}catch(e){",
											"    console.log(e);",
											"    ",
											"}"
										],
										"type": "text/javascript"
									}
								}
							],
							"request": {
								"method": "DELETE",
								"header": [
									{
										"key": "Authorization",
										"type": "text",
										"value": "{{token}}"
									}
								],
								"url": {
									"raw": "{{metadata_service_url}}/sap/logistics/gtt/metadata/v1/model/{{MCU002_MOD_NS_06}}",
									"host": [
										"{{metadata_service_url}}"
									],
									"path": [
										"sap",
										"logistics",
										"gtt",
										"metadata",
										"v1",
										"model",
										"{{MCU002_MOD_NS_06}}"
									]
								}
							},
							"response": []
						},
						{
							"name": "MCU002-07 - Drop - model_update007",
							"event": [
								{
									"listen": "test",
									"script": {
										"id": "17b63320-2778-4db6-9e63-3c193cd58dc3",
										"exec": [
											"var jsonData;",
											"try{",
											"tests[\"Successful POST request\"] = responseCode.code === 200 || responseCode.code === 201 || responseCode.code === 202 || responseCode.code === 400;",
											"",
											"}catch(e){",
											"    console.log(e);",
											"    ",
											"}"
										],
										"type": "text/javascript"
									}
								}
							],
							"request": {
								"method": "DELETE",
								"header": [
									{
										"key": "Authorization",
										"type": "text",
										"value": "{{token}}"
									}
								],
								"url": {
									"raw": "{{metadata_service_url}}/sap/logistics/gtt/metadata/v1/model/{{MCU002_MOD_NS_07}}",
									"host": [
										"{{metadata_service_url}}"
									],
									"path": [
										"sap",
										"logistics",
										"gtt",
										"metadata",
										"v1",
										"model",
										"{{MCU002_MOD_NS_07}}"
									]
								}
							},
							"response": []
						},
						{
							"name": "MCU002-08 - Drop - model_update008",
							"event": [
								{
									"listen": "test",
									"script": {
										"id": "ce691937-abdb-4bdc-83f0-a3c9efa6d7b5",
										"exec": [
											"var jsonData;",
											"try{",
											"tests[\"Successful POST request\"] = responseCode.code === 200 || responseCode.code === 201 || responseCode.code === 202 || responseCode.code === 400;",
											"",
											"}catch(e){",
											"    console.log(e);",
											"    ",
											"}"
										],
										"type": "text/javascript"
									}
								}
							],
							"request": {
								"method": "DELETE",
								"header": [
									{
										"key": "Authorization",
										"type": "text",
										"value": "{{token}}"
									}
								],
								"url": {
									"raw": "{{metadata_service_url}}/sap/logistics/gtt/metadata/v1/model/{{MCU002_MOD_NS_08}}",
									"host": [
										"{{metadata_service_url}}"
									],
									"path": [
										"sap",
										"logistics",
										"gtt",
										"metadata",
										"v1",
										"model",
										"{{MCU002_MOD_NS_08}}"
									]
								}
							},
							"response": []
						},
						{
							"name": "MCU002-09 - Drop - model_update009",
							"event": [
								{
									"listen": "test",
									"script": {
										"id": "03c4d4e3-d54c-4a3f-b683-5a91276260f6",
										"exec": [
											"var jsonData;",
											"try{",
											"tests[\"Successful POST request\"] = responseCode.code === 200 || responseCode.code === 201 || responseCode.code === 202 || responseCode.code === 400;",
											"",
											"}catch(e){",
											"    console.log(e);",
											"    ",
											"}"
										],
										"type": "text/javascript"
									}
								}
							],
							"request": {
								"method": "DELETE",
								"header": [
									{
										"key": "Authorization",
										"type": "text",
										"value": "{{token}}"
									}
								],
								"url": {
									"raw": "{{metadata_service_url}}/sap/logistics/gtt/metadata/v1/model/{{MCU002_MOD_NS_09}}",
									"host": [
										"{{metadata_service_url}}"
									],
									"path": [
										"sap",
										"logistics",
										"gtt",
										"metadata",
										"v1",
										"model",
										"{{MCU002_MOD_NS_09}}"
									]
								}
							},
							"response": []
						},
						{
							"name": "MCU002-10 - Drop - model_update010",
							"event": [
								{
									"listen": "test",
									"script": {
										"id": "03c4d4e3-d54c-4a3f-b683-5a91276260f6",
										"exec": [
											"var jsonData;",
											"try{",
											"tests[\"Successful POST request\"] = responseCode.code === 200 || responseCode.code === 201 || responseCode.code === 202 || responseCode.code === 400;",
											"",
											"}catch(e){",
											"    console.log(e);",
											"    ",
											"}"
										],
										"type": "text/javascript"
									}
								}
							],
							"request": {
								"method": "DELETE",
								"header": [
									{
										"key": "Authorization",
										"type": "text",
										"value": "{{token}}"
									}
								],
								"url": {
									"raw": "{{metadata_service_url}}/sap/logistics/gtt/metadata/v1/model/{{MCU002_MOD_NS_10}}",
									"host": [
										"{{metadata_service_url}}"
									],
									"path": [
										"sap",
										"logistics",
										"gtt",
										"metadata",
										"v1",
										"model",
										"{{MCU002_MOD_NS_10}}"
									]
								}
							},
							"response": []
						}
					],
					"protocolProfileBehavior": {},
					"_postman_isSubFolder": true
				},
				{
					"name": "MCU003 Drop DPP Model",
					"item": [
						{
							"name": "MCU003-01 - Drop DPP model in target space",
							"request": {
								"method": "DELETE",
								"header": [
									{
										"key": "Authorization",
										"type": "text",
										"value": "{{token}}"
									}
								],
								"url": {
									"raw": "{{metadata_service_url}}/sap/logistics/gtt/metadata/v1/model/{{MCU003_MOD_NS}}",
									"host": [
										"{{metadata_service_url}}"
									],
									"path": [
										"sap",
										"logistics",
										"gtt",
										"metadata",
										"v1",
										"model",
										"{{MCU003_MOD_NS}}"
									]
								}
							},
							"response": []
						}
					],
					"protocolProfileBehavior": {},
					"_postman_isSubFolder": true
				},
				{
					"name": "MCU004 Drop model for user delay event",
					"item": [
						{
							"name": "MCU004-01 - Drop user delay event model in target space",
							"request": {
								"method": "DELETE",
								"header": [
									{
										"key": "Authorization",
										"type": "text",
										"value": "{{token}}"
									}
								],
								"url": {
									"raw": "{{metadata_service_url}}/sap/logistics/gtt/metadata/v1/model/{{MCU004_MOD_NS}}",
									"host": [
										"{{metadata_service_url}}"
									],
									"path": [
										"sap",
										"logistics",
										"gtt",
										"metadata",
										"v1",
										"model",
										"{{MCU004_MOD_NS}}"
									]
								}
							},
							"response": []
						}
					],
					"protocolProfileBehavior": {},
					"_postman_isSubFolder": true
				},
				{
					"name": "MCU005 Drop code list test model",
					"item": [
						{
							"name": "MCU005-01 - Drop code list test model in target space",
							"request": {
								"method": "DELETE",
								"header": [
									{
										"key": "Authorization",
										"type": "text",
										"value": "{{token}}"
									}
								],
								"url": {
									"raw": "{{metadata_service_url}}/sap/logistics/gtt/metadata/v1/model/{{MCU005_MOD_NS}}",
									"host": [
										"{{metadata_service_url}}"
									],
									"path": [
										"sap",
										"logistics",
										"gtt",
										"metadata",
										"v1",
										"model",
										"{{MCU005_MOD_NS}}"
									]
								}
							},
							"response": []
						}
					],
					"protocolProfileBehavior": {},
					"_postman_isSubFolder": true
				},
				{
					"name": "MCU006 Drop planned event extension test model",
					"item": [
						{
							"name": "MCU006-01 - Drop planned event extension test model in target space",
							"request": {
								"method": "DELETE",
								"header": [
									{
										"key": "Authorization",
										"type": "text",
										"value": "{{token}}"
									}
								],
								"url": {
									"raw": "{{metadata_service_url}}/sap/logistics/gtt/metadata/v1/model/{{MCU006_MOD_NS}}",
									"host": [
										"{{metadata_service_url}}"
									],
									"path": [
										"sap",
										"logistics",
										"gtt",
										"metadata",
										"v1",
										"model",
										"{{MCU006_MOD_NS}}"
									]
								}
							},
							"response": []
						}
					],
					"protocolProfileBehavior": {},
					"_postman_isSubFolder": true
				}
			],
			"protocolProfileBehavior": {}
		}
	],
	"protocolProfileBehavior": {}
}
