{
	"id": "af2541b2-3ce5-44cd-af66-07db2f7cf0f5",
	"name": "Core_Engine_V2_Model_Deployment_Hotfix",
	"values": [
		{
			"key": "lbn_gtt_uaa_url",
			"value": "https://gtt-sample-so-01.authentication.sap.hana.ondemand.com",
			"enabled": true
		},
		{
			"key": "lbn_gtt_uaa_username",
			"value": "sb-lbn_gtt_core_inthf!b6660",
			"enabled": true
		},
		{
			"key": "lbn_gtt_uaa_password",
			"value": "tcLqp0VcFNeIAOuAz561UumkDZI=",
			"enabled": true
		},
		{
			"key": "token",
			"value": "",
			"enabled": true
		},
		{
			"key": "lbn_gtt_core_uaa_url",
			"value": "https://gtt-sample-so-01.authentication.sap.hana.ondemand.com",
			"enabled": true
		},
		{
			"key": "lbn_gtt_core_uaa_username",
			"value": "sb-lbn_gtt_core_inthf!b6660",
			"enabled": true
		},
		{
			"key": "lbn_gtt_core_uaa_password",
			"value": "tcLqp0VcFNeIAOuAz561UumkDZI=",
			"enabled": true
		},
		{
			"key": "service_manager_app_url",
			"value": "https://gtt-core-service-manager-inthf.cfapps.sap.hana.ondemand.com",
			"enabled": true
		},
		{
			"key": "adm_uaa_token",
			"value": "",
			"enabled": true
		},
		{
			"key": "metadata_service_url",
			"value": "https://gtt-core-metadata-service-inthf.cfapps.sap.hana.ondemand.com",
			"enabled": true
		},
		{
			"key": "count",
			"value": "0",
			"enabled": true
		},
		{
			"key": "Project_Name_Space",
			"value": "",
			"enabled": true
		},
		{
			"key": "gtt_token",
			"value": "",
			"enabled": true
		}
	],
	"_postman_variable_scope": "environment",
	"_postman_exported_at": "2020-02-21T05:01:21.255Z",
	"_postman_exported_using": "Postman/7.18.1"
}
