<?xml version="1.0" encoding="utf-8"?>
<!--
   OData Extension for Data Aggregation Version 4.0
   Committee Specification 02
   04 November 2015
   Copyright (c) OASIS Open 2015. All Rights Reserved.
   Source: http://docs.oasis-open.org/odata/odata-data-aggregation-ext/v4.0/cs02/vocabularies/
   Latest version of the specification: http://docs.oasis-open.org/odata/odata-data-aggregation-ext/v4.0/odata-data-aggregation-ext-v4.0.html
-->
<!--

  Technical Committee:
  OASIS Open Data Protocol (OData) TC
  https://www.oasis-open.org/committees/odata

  Chairs:
  - Barbara Hartel (barbara.hartel@sap.com), SAP AG
  - Ram Jeyaraman (Ram.Jeyaraman@microsoft.com), Microsoft

  Editors:
  - Ralf Handl (ralf.handl@sap.com), SAP AG
  - Hubert Heijkers (hubert.heijkers@nl.ibm.com), IBM
  - Gerald Krause (gerald.krause@sap.com), SAP AG
  - Michael Pizzo (mikep@microsoft.com), Microsoft
  - Martin Zurmuehl (martin.zurmuehl@sap.com), SAP AG

  Additional artifacts:
  This CSDL document is one component of a Work Product that consists of:
  - OData Extension for Data Aggregation Version 4.0
  - OData Aggregation ABNF Construction Rules Version 4.0
  - OData Aggregation ABNF Test Cases
  - OData Aggregation Vocabulary (this document)

  Related work:
  This work product is related to:
  - OData Version 4.0, a multi-part Work Product which includes:
  - OData Version 4.0 Part 1: Protocol
  - OData Version 4.0 Part 2: URL Conventions
  - OData Version 4.0 Part 3: Common Schema Definition Language (CSDL)
  - OData ABNF Construction Rules Version 4.0
  - OData ABNF Test Cases
  - OData Core Vocabulary
  - OData Measures Vocabulary
  - OData Capabilities Vocabulary
  - OData JSON Format Version 4.0
  This specification replaces or supersedes:
  - None

  Declared XML namespaces:
  - none

  Abstract:
  This specification adds basic grouping and aggregation functionality
  (e.g. sum, min, and max) to the Open Data Protocol (OData) without
  changing any of the base principles of OData.

  Overview:
  This document defines terms to describe which data in a given entity model
  can be aggregated, and how.

-->
<edmx:Edmx xmlns:edmx="http://docs.oasis-open.org/odata/ns/edmx" Version="4.0">
  <edmx:Reference Uri="http://docs.oasis-open.org/odata/odata/v4.0/cs02/vocabularies/Org.OData.Core.V1.xml">
    <edmx:Include Namespace="Org.OData.Core.V1" Alias="Core" />
  </edmx:Reference>
  <edmx:DataServices>
    <Schema xmlns="http://docs.oasis-open.org/odata/ns/edm" Namespace="Org.OData.Aggregation.V1" Alias="Aggregation">
      <Annotation Term="Core.Description">
        <String>Terms to describe which data in a given entity model can be aggregated, and how.</String>
      </Annotation>

      <Term Name="ApplySupported" Type="Aggregation.ApplySupportedType" AppliesTo="EntityType ComplexType EntityContainer">
        <Annotation Term="Core.Description">
          <String>This structured type or entity container supports the $apply system query option</String>
        </Annotation>
      </Term>
      <ComplexType Name="ApplySupportedType">
        <Property Name="Transformations" Type="Collection(Edm.String)">
          <Annotation Term="Core.Description" String="Transformations that can be used in $apply" />
        </Property>
        <Property Name="CustomAggregationMethods" Type="Collection(Edm.String)">
          <Annotation Term="Core.Description"
            String="Qualified names of custom aggregation methods that can be used in aggregate(...with...)" />
        </Property>
        <Property Name="Rollup" DefaultValue="MultipleHierarchies" Type="Aggregation.RollupType">
          <Annotation Term="Core.Description" String="The service supports rollup hierarchies in a groupby transformation" />
        </Property>
        <Property Name="PropertyRestrictions" DefaultValue="false" Type="Edm.Boolean">
          <Annotation Term="Core.Description"
            String="Only properties tagged as Groupable can be used in the groupby transformation, and only those tagged as Aggregatable can be used in the aggregate transformation" />
        </Property>
      </ComplexType>

      <EnumType Name="RollupType">
        <Annotation Term="Core.Description" String="The number of rollup operators allowed in a groupby transformation" />
        <Member Name="None" />
        <Member Name="SingleHierarchy" />
        <Member Name="MultipleHierarchies" />
      </EnumType>

      <Term Name="Groupable" Type="Core.Tag" AppliesTo="Property NavigationProperty" DefaultValue="true">
        <Annotation Term="Core.Description" String="This property can be used in the groupby transformation" />
      </Term>

      <Term Name="Aggregatable" Type="Core.Tag" AppliesTo="Property NavigationProperty" DefaultValue="true">
        <Annotation Term="Core.Description" String="This property can be used in the aggregate transformation" />
      </Term>

      <Term Name="CustomAggregate" Type="Edm.String" AppliesTo="EntityType ComplexType EntityContainer">
        <Annotation Term="Core.Description" String="Dynamic property that can be used in the aggregate transformation" />
        <Annotation Term="Core.LongDescription"
          String="This term MUST be applied with a Qualifier, the Qualifier value is the name of the dynamic property. The value of the annotation MUST be the qualified name of a primitive type. The aggregated values will be of that type." />
      </Term>

      <Term Name="ContextDefiningProperties" Type="Collection(Edm.PropertyPath)" AppliesTo="Property Annotation">
        <Annotation Term="Core.Description"
          String="The annotated property or custom aggregate is only well-defined in the context of these properties" />
        <Annotation Term="Core.LongDescription">
          <String>The context-defining properties need either be part of the result entities, or be restricted to a single value by a pre-filter operation. Examples are postal codes within a country, or monetary amounts whose context is the unit of currency.</String>
        </Annotation>
      </Term>

      <Term Name="LeveledHierarchy" Type="Collection(Edm.PropertyPath)" AppliesTo="EntityType ComplexType">
        <Annotation Term="Core.Description"
          String="Defines a leveled hierarchy by defining an ordered list of properties in the hierarchy" />
      </Term>

      <Term Name="RecursiveHierarchy" Type="Aggregation.RecursiveHierarchyType" AppliesTo="EntityType ComplexType">
        <Annotation Term="Core.Description" String="Defines a recursive hierarchy." />
      </Term>

      <ComplexType Name="RecursiveHierarchyType">
        <Property Name="NodeProperty" Type="Edm.PropertyPath" Nullable="false">
          <Annotation Term="Core.Description" String="Property holding the hierarchy node value" />
        </Property>
        <Property Name="ParentNavigationProperty" Type="Edm.NavigationPropertyPath" Nullable="false">
          <Annotation Term="Core.Description" String="Property for navigating to the parent node" />
        </Property>
        <Property Name="DistanceFromRootProperty" Type="Edm.PropertyPath" Nullable="true">
          <Annotation Term="Core.Description" String="Property holding the number of edges between the node and the root node" />
        </Property>
        <Property Name="IsLeafProperty" Type="Edm.PropertyPath" Nullable="true">
          <Annotation Term="Core.RequiresType" String="Edm.Boolean" />
          <Annotation Term="Core.Description" String="Property indicating whether the node is a leaf of the hierarchy" />
        </Property>
      </ComplexType>

      <Function Name="isroot" IsBound="true">
        <Annotation Term="Core.Description"
          String="Returns true, if and only if the value of the node property of the specified hierarchy is the root of the hierarchy" />
        <Parameter Name="Entity" Type="Edm.EntityType" Nullable="false" />
        <Parameter Name="Hierarchy" Type="Edm.String" Nullable="false" />
        <ReturnType Type="Edm.Boolean" />
      </Function>

      <Function Name="isdescendant" IsBound="true">
        <Annotation Term="Core.Description"
          String="Returns true, if and only if the value of the node property of the specified hierarchy is a descendant of the given parent node with a distance of less than or equal to the optionally specified maximum distance" />
        <Parameter Name="Entity" Type="Edm.EntityType" Nullable="false" />
        <Parameter Name="Hierarchy" Type="Edm.String" Nullable="false" />
        <Parameter Name="Node" Type="Edm.PrimitiveType" Nullable="false" />
        <Parameter Name="MaxDistance" Type="Edm.Int16" />
        <ReturnType Type="Edm.Boolean" />
      </Function>

      <Function Name="isancestor" IsBound="true">
        <Annotation Term="Core.Description"
          String="Returns true, if and only if the value of the node property of the specified hierarchy is an ancestor of the given child node with a distance of less than or equal to the optionally specified maximum distance" />
        <Parameter Name="Entity" Type="Edm.EntityType" Nullable="false" />
        <Parameter Name="Hierarchy" Type="Edm.String" Nullable="false" />
        <Parameter Name="Node" Type="Edm.PrimitiveType" Nullable="false" />
        <Parameter Name="MaxDistance" Type="Edm.Int16" />
        <ReturnType Type="Edm.Boolean" />
      </Function>

      <Function Name="issibling" IsBound="true">
        <Annotation Term="Core.Description"
          String="Returns true, if and only if the value of the node property of the specified hierarchy has the same parent node as the specified node" />
        <Parameter Name="Entity" Type="Edm.EntityType" Nullable="false" />
        <Parameter Name="Hierarchy" Type="Edm.String" Nullable="false" />
        <Parameter Name="Node" Type="Edm.PrimitiveType" Nullable="false" />
        <ReturnType Type="Edm.Boolean" />
      </Function>

      <Function Name="isleaf" IsBound="true">
        <Annotation Term="Core.Description"
          String="Returns true, if and only if the value of the node property of the specified hierarchy has no descendants" />
        <Parameter Name="Entity" Type=" Edm.EntityType" Nullable="false" />
        <Parameter Name="Hierarchy" Type="Edm.String" Nullable="false" />
        <ReturnType Type="Edm.Boolean" />
      </Function>

      <Term Name="AvailableOnAggregates" Type="Aggregation.AvailableOnAggregatesType" AppliesTo="Action Function">
        <Annotation Term="Core.Description"
          String="This action or function is available on aggregated entities if the RequiredProperties are still defined" />
      </Term>
      <ComplexType Name="AvailableOnAggregatesType">
        <Property Name="RequiredProperties" Type="Collection(Edm.PropertyPath)" />
      </ComplexType>

    </Schema>
  </edmx:DataServices>
</edmx:Edmx>
