<?xml version="1.0" encoding="utf-8"?>
<!--
  OData Version 4.0 Plus Errata 03
  OASIS Standard incorporating Approved Errata 03
  02 June 2016
  Copyright (c) OASIS Open 2016. All Rights Reserved.
  Source: http://docs.oasis-open.org/odata/odata/v4.0/errata03/os/complete/vocabularies/
  Link to latest version of narrative specification: http://docs.oasis-open.org/odata/odata/v4.0/errata03/odata-v4.0-errata03-part1-protocol-complete.html

Technical Committee:
  OASIS Open Data Protocol (OData) TC
  https://www.oasis-open.org/committees/odata

Chairs:
  - Barbara Hartel (barbara.hartel@sap.com), SAP SE
  - Ram Jeyaraman (Ram.Jeyaraman@microsoft.com), Microsoft

Editors:
  - Ralf Handl (ralf.handl@sap.com), SAP SE
  - Michael Pizzo (mikep@microsoft.com), Microsoft
  - Martin Zurmuehl (martin.zurmuehl@sap.com), SAP SE

Additional artifacts:
  This CSDL document is one component of a Work Product which consists of:
  - OData Version 4.0 Part 1: Protocol
  - OData Version 4.0 Part 2: URL Conventions
  - OData Version 4.0 Part 3: Common Schema Definition Language (CSDL)
  - OData ABNF Construction Rules Version 4.0
  - OData ABNF Test Cases
  - OData Core Vocabulary
  - OData Capabilities Vocabulary
  - OData Measures Vocabulary (this document)
  - OData Metadata Service Entity Model
  - OData EDMX XML Schema
  - OData EDM XML Schema

Related work:
  This work product is related to the following two Work Products, each of
  which define alternate formats for OData payloads
  - OData Atom Format Version 4.0
  - OData JSON Format Version 4.0
  This specification replaces or supersedes:
  - None

Declared XML namespaces:
  - http://docs.oasis-open.org/odata/ns/edmx
  - http://docs.oasis-open.org/odata/ns/edm

Abstract:
  The Open Data Protocol (OData) enables the creation of REST-based data
  services, which allow resources, identified using Uniform Resource
  Identifiers (URLs) and defined in a data model, to be published and
  edited by Web clients using simple HTTP messages. This document defines
  the URL syntax for requests and the serialization format for primitive
  literals in request and response payloads.

Overview:
  This document contains terms describing monetary amounts and measured quantities.

-->
<edmx:Edmx xmlns:edmx="http://docs.oasis-open.org/odata/ns/edmx" Version="4.0">
  <edmx:Reference Uri="http://docs.oasis-open.org/odata/odata/v4.0/os/vocabularies/Org.OData.Core.V1.xml">
    <edmx:Include Alias="Core" Namespace="Org.OData.Core.V1" />
  </edmx:Reference>
  <edmx:DataServices>
    <Schema xmlns="http://docs.oasis-open.org/odata/ns/edm" Namespace="Org.OData.Measures.V1" Alias="Measures">
      <Annotation Term="Core.Description">
        <String>Terms describing monetary amounts and measured quantities</String>
      </Annotation>

      <Term Name="ISOCurrency" Type="Edm.String" AppliesTo="Property">
        <Annotation Term="Core.Description" String="The currency for this monetary amount as an ISO 4217 currency code" />
      </Term>

      <Term Name="Scale" Type="Edm.Byte" AppliesTo="Property">
        <Annotation Term="Core.Description"
          String="The number of significant decimal places in the scale part (less than or equal to the number declared in the Scale facet)" />
        <Annotation Term="Core.RequiresType" String="Edm.Decimal" />
      </Term>

      <Term Name="Unit" Type="Edm.String" AppliesTo="Property">
        <Annotation Term="Core.Description" String="The unit of measure for this measured quantity, e.g. cm for centimeters or % for percentages" />
      </Term>

    </Schema>
  </edmx:DataServices>
</edmx:Edmx>
