<?xml version="1.0" encoding="utf-8"?>
<!--
  OData Version 4.0 Plus Errata 03
  OASIS Standard incorporating Approved Errata 03
  02 June 2016
  Copyright (c) OASIS Open 2016. All Rights Reserved.
  Source: http://docs.oasis-open.org/odata/odata/v4.0/errata03/os/complete/vocabularies/
  Link to latest version of narrative specification: http://docs.oasis-open.org/odata/odata/v4.0/errata03/odata-v4.0-errata03-part1-protocol-complete.html


 Technical Committee:
  OASIS Open Data Protocol (OData) TC
  https://www.oasis-open.org/committees/odata

  Chairs:
  - Barbara Hartel (barbara.hartel@sap.com), SAP SE
  - Ram Jeyaraman (Ram.Jeyaraman@microsoft.com), Microsoft

  Editors:
  - Ralf Handl (ralf.handl@sap.com), SAP SE
  - Michael Pizzo (mikep@microsoft.com), Microsoft
  - Martin Zurmuehl (martin.zurmuehl@sap.com), SAP SE

  Additional artifacts:
  This CSDL document is one component of a Work Product which consists of:
  - OData Version 4.0 Part 1: Protocol
  - OData Version 4.0 Part 2: URL Conventions
  - OData Version 4.0 Part 3: Common Schema Definition Language (CSDL)
  - OData ABNF Construction Rules Version 4.0
  - OData ABNF Test Cases
  - OData Core Vocabulary (this document)
  - OData Capabilities Vocabulary
  - OData Measures Vocabulary
  - OData Metadata Service Entity Model
  - OData EDMX XML Schema
  - OData EDM XML Schema

  Related work:
  This work product is related to the following two Work Products, each of
  which define alternate formats for OData payloads
  - OData Atom Format Version 4.0
  - OData JSON Format Version 4.0
  This specification replaces or supersedes:
  - None

  Declared XML namespaces:
  - http://docs.oasis-open.org/odata/ns/edmx
  - http://docs.oasis-open.org/odata/ns/edm

  Abstract:
  The Open Data Protocol (OData) enables the creation of REST-based data
  services, which allow resources, identified using Uniform Resource
  Identifiers (URLs) and defined in a data model, to be published and
  edited by Web clients using simple HTTP messages. This document defines
  the URL syntax for requests and the serialization format for primitive
  literals in request and response payloads.

  Overview:
  This document contains Core terms needed to write vocabularies.

-->
<edmx:Edmx xmlns:edmx="http://docs.oasis-open.org/odata/ns/edmx" Version="4.0">
  <edmx:DataServices>
    <Schema xmlns="http://docs.oasis-open.org/odata/ns/edm" Namespace="Org.OData.Core.V1" Alias="Core">
      <Annotation Term="Core.Description">
        <String>Core terms needed to write vocabularies</String>
      </Annotation>

      <!--Documentation -->

      <Term Name="Description" Type="Edm.String">
        <Annotation Term="Core.Description" String="A brief description of a model element" />
        <Annotation Term="Core.IsLanguageDependent" />
      </Term>

      <Term Name="LongDescription" Type="Edm.String">
        <Annotation Term="Core.Description" String="A lengthy description of a model element" />
        <Annotation Term="Core.IsLanguageDependent" />
      </Term>

      <!-- Localization -->

      <Term Name="IsLanguageDependent" Type="Core.Tag" DefaultValue="true" AppliesTo="Term Property">
        <Annotation Term="Core.Description" String="Properties and terms annotated with this term are language-dependent" />
        <Annotation Term="Core.RequiresType" String="Edm.String" />
      </Term>

      <!-- Term Restrictions -->

      <TypeDefinition Name="Tag" UnderlyingType="Edm.Boolean">
        <Annotation Term="Core.Description" String="This is the type to use for all tagging terms" />
      </TypeDefinition>

      <Term Name="RequiresType" Type="Edm.String" AppliesTo="Term">
        <Annotation Term="Core.Description"
          String="Terms annotated with this term can only be applied to elements that have a type that is identical to or derived from the given type name" />
      </Term>

      <!--Resource Paths -->

      <Term Name="ResourcePath" Type="Edm.String" AppliesTo="EntitySet Singleton ActionImport FunctionImport">
        <Annotation Term="Core.Description"
          String="Resource path for entity container child, can be relative to xml:base and the request URL" />
        <Annotation Term="Core.IsURL" />
      </Term>

      <Term Name="DereferenceableIDs" Type="Core.Tag" DefaultValue="true" AppliesTo="EntityContainer">
        <Annotation Term="Core.Description" String="Entity-ids are URLs that locate the identified entity" />
      </Term>

      <Term Name="ConventionalIDs" Type="Core.Tag" DefaultValue="true" AppliesTo="EntityContainer">
        <Annotation Term="Core.Description" String="Entity-ids follow OData URL conventions" />
      </Term>

      <!-- Permissions -->

      <Term Name="Permissions" Type="Core.Permission"
        AppliesTo="Property ComplexType TypeDefinition EntityType EntitySet NavigationProperty Action Function"
      >
        <Annotation Term="Core.Description" String="Permissions for accessing a resource" />
      </Term>
      <EnumType Name="Permission" IsFlags="true">
        <Member Name="None" Value="0" />
        <Member Name="Read" Value="1" />
        <Member Name="Write" Value="2" />
        <Member Name="ReadWrite" Value="3" />
        <Member Name="Invoke" Value="4" />
      </EnumType>

      <!-- Metadata Extensions -->

      <Term Name="Immutable" Type="Core.Tag" DefaultValue="true" AppliesTo="Property">
        <Annotation Term="Core.Description"
          String="A value for this non-key property can be provided on insert and remains unchanged on update" />
      </Term>

      <Term Name="Computed" Type="Core.Tag" DefaultValue="true" AppliesTo="Property">
        <Annotation Term="Core.Description" String="A value for this property is generated on both insert and update" />
      </Term>

      <Term Name="IsURL" Type="Core.Tag" DefaultValue="true" AppliesTo="Property Term">
        <Annotation Term="Core.Description" String="Properties and terms annotated with this term MUST contain a valid URL" />
        <Annotation Term="Core.RequiresType" String="Edm.String" />
      </Term>

      <Term Name="AcceptableMediaTypes" Type="Collection(Edm.String)" Nullable="false" AppliesTo="EntityType Property">
        <Annotation Term="Core.Description"
          String="Lists the MIME types acceptable for the annotated entity type marked with HasStream=&quot;true&quot; or the annotated stream property" />
        <Annotation Term="Core.IsMediaType" />
      </Term>

      <Term Name="MediaType" Type="Edm.String" AppliesTo="Property">
        <Annotation Term="Core.Description" String="The media type of a binary resource" />
        <Annotation Term="Core.IsMediaType" />
        <Annotation Term="Core.RequiresType" String="Edm.Binary" />
      </Term>

      <Term Name="IsMediaType" Type="Core.Tag" DefaultValue="true" AppliesTo="Property Term">
        <Annotation Term="Core.Description" String="Properties and terms annotated with this term MUST contain a valid MIME type" />
        <Annotation Term="Core.RequiresType" String="Edm.String" />
      </Term>

      <Term Name="OptimisticConcurrency" Type="Collection(Edm.PropertyPath)" Nullable="false" AppliesTo="EntitySet">
        <Annotation Term="Core.Description"
          String="Data modification requires the use of ETags. A non-empty collection contains the set of properties that are used to compute the ETag." />
      </Term>

      <Term Name="AdditionalProperties" Type="Core.Tag" DefaultValue="true" AppliesTo="EntityType ComplexType">
        <Annotation Term="Core.Description"
          String="Instances of this type may contain properties in addition to those declared in $metadata" />
        <Annotation Term="Core.LongDescription"
          String="If specified as false clients can assume that instances will not contain dynamic properties, irrespective of the value of the OpenType attribute." />
      </Term>

      <Term Name="AutoExpand" Type="Core.Tag" DefaultValue="true" AppliesTo="NavigationProperty">
        <Annotation Term="Core.Description"
          String="The service will automatically expand this navigation property even if not requested with $expand" />
      </Term>

      <Term Name="AutoExpandReferences" Type="Core.Tag" DefaultValue="true" AppliesTo="NavigationProperty">
        <Annotation Term="Core.Description"
          String="The service will automatically expand this navigation property as entity references even if not requested with $expand=.../$ref" />
      </Term>

    </Schema>
  </edmx:DataServices>
</edmx:Edmx>
