[{
  "businessPartnerID": "123",
  "organizationName1": "Maersk",
  "organizationName2": "Maersk 2",
  "emailAddress": "test@test1.com",
  "mobilePhoneNumber": "+86 137 6410 1111",
  "landlinePhoneNumber": "+86 21 6888 1111",
  "streetName": "Main Street",
  "houseNumber": "1000",
  "cityName": "Anytown",
  "region": "CA",
  "regionDescription": "California",
  "country": "US",
  "countryDescription": "USA",
  "postalCode": "57401",
  "longitude": "21.34",
  "latitude": "30.56",
  "objectGroup": "123"
}, {
  "businessPartnerID": "456",
  "organizationName1": "Comfort Car",
  "organizationName2": "Comfort Car 2",
  "emailAddress": "test@test2.com",
  "mobilePhoneNumber": "+86 137 6410 2222",
  "landlinePhoneNumber": "+86 21 6888 2222",
  "streetName": "Main Street",
  "houseNumber": "2222",
  "cityName": "San Francisco",
  "region": "CA",
  "regionDescription": "California",
  "country": "US",
  "countryDescription": "USA",
  "postalCode": "94110",
  "longitude": "21.34",
  "latitude": "30.56",
  "objectGroup": "123"
}]
