[
  {
    "id": "111",
    "altKey": "sample:delivery:80000001:111",
    "description": "001 - Bosche",
    "deliveryId": "80000001",
    "personalDataProtectionStatus": "BA",
    "senderbusinessPartnerID": "123",
    "logicalSenderSystem": "ABC",
    "trackingIdType": "AB",
    "trackingId": "80000001",
    "salesOrderId": "123",
    "shipToPartybusinessPartnerID": "123",
    "soldToPartybusinessPartnerID": "456",
    "salesOrganization": "ABC",
    "deliveryDate": "/Date(0)/",
    "loadingDate": "/Date(0)/",
    "transPlanDate": "/Date(0)/",
    "shippingPointlocationId": "123",
    "deliveryWeight": "1234.56",
    "deliveryNetWeight": "1234.56",
    "deliveryWeightUnit": "Kg",
    "deliveryVolume": "1234.56",
    "deliveryVolumeUnit": "L",
    "shippingType": "01",
    "purchaseOrderId": "123",
    "numberOfPackages": 1234,
    "deliveryStatus": "02",
    "shippingStatus": "01",
    "delayedHours": "123.56",
    "delayedHoursUnit": "h"
  },
  {
    "id": "222",
    "altKey": "sample:delivery:80000002:222",
    "description": "002 - Bosche",
    "deliveryId": "80000002",
    "personalDataProtectionStatus": "EOB",
    "senderbusinessPartnerID": "456",
    "logicalSenderSystem": "XYZ",
    "trackingIdType": "CD",
    "trackingId": "80000002",
    "salesOrderId": "123",
    "shipToPartybusinessPartnerID": "456",
    "soldToPartybusinessPartnerID": "123",
    "salesOrganization": "ABC",
    "deliveryDate": "/Date(0)/",
    "loadingDate": "/Date(0)/",
    "transPlanDate": "/Date(0)/",
    "shippingPointlocationId": "456",
    "deliveryWeight": "1234.56",
    "deliveryNetWeight": "1234.56",
    "deliveryWeightUnit": "Kg",
    "deliveryVolume": "1234.56",
    "deliveryVolumeUnit": "L",
    "shippingType": "01",
    "purchaseOrderId": "123",
    "numberOfPackages": 1234,
    "deliveryStatus": "01",
    "shippingStatus": "01",
    "delayedHours": "123.56",
    "delayedHoursUnit": "h"
  },
  {
    "id": "333",
    "altKey": "sample:delivery:80000002:333",
    "description": "003 - Test",
    "deliveryId": "80000002",
    "personalDataProtectionStatus": "EOP",
    "senderbusinessPartnerID": "456",
    "logicalSenderSystem": "XYZ",
    "trackingIdType": "CD",
    "trackingId": "80000002",
    "salesOrderId": "123",
    "shipToPartybusinessPartnerID": "456",
    "soldToPartybusinessPartnerID": "123",
    "salesOrganization": "ABC",
    "deliveryDate": "/Date(0)/",
    "loadingDate": "/Date(0)/",
    "transPlanDate": "/Date(0)/",
    "shippingPointlocationId": "456",
    "deliveryWeight": "1234.56",
    "deliveryNetWeight": "1234.56",
    "deliveryWeightUnit": "Kg",
    "deliveryVolume": "1234.56",
    "deliveryVolumeUnit": "L",
    "shippingType": "01",
    "purchaseOrderId": "123",
    "numberOfPackages": 1234,
    "deliveryStatus": "01",
    "shippingStatus": "01",
    "delayedHours": "123.56",
    "delayedHoursUnit": "h"
  }
]
