[
  {
    "Code": "com.sap.gtt.app.deliverysample.DeliveryModel.PickingCompletedEvent",
    "Text": "Picking completed"
  },
  {
    "Code": "com.sap.gtt.app.deliverysample.DeliveryModel.GoodsIssuedEvent",
    "Text": "Goods issued"
  },
  {
    "Code": "com.sap.gtt.app.deliverysample.DeliveryModel.GoodsDamangeEvent",
    "Text": "Goods damage"
  },
  {
    "Code": "com.sap.gtt.app.deliverysample.DeliveryModel.ProofOfDeliveryEvent",
    "Text": "Proof of delivery"
  },
  {
    "Code": "com.sap.gtt.app.deliverysample.DeliveryModel.DelayedEvent",
    "Text": "Delayed"
  }
]
