[
  {
    "processEventDirectoryId": "112",
    "processid": "111",
    "sequence": 2,
    "eventCode": "GD",
    "eventType": "com.sap.gtt.app.deliverysample.DeliveryModel.GoodsDamageEvent",
    "eventStatus": "UNPLANNED",
    "eventReasonText": "Bad Weather",
    "eventid": "112",
    "locationlocationId": "123",
    "plannedTechnicalTimestampUTC": null,
    "plannedTechTsEarliestUTC": null,
    "plannedTechTsLatestUTC": null,
    "plannedBusinessTimestampUTC": null,
    "plannedBusinessTimestampUTC_text": null,
    "plannedBizTsEarliestUTC": null,
    "plannedBizTsEarliestUTC_text": null,
    "plannedBizTsLatestUTC": null,
    "plannedBizTsLatestUTC_text": null,
    "plannedBusinessTimeZonetimeZoneCode": null,
    "actualTechnicalTimestampUTC": "/Date(0)/",
    "actualBusinessTimestampUTC": "/Date(-3600000)/",
    "actualBusinessTimestampUTC_text": "Jan 1, 1970, 12:00:00 AM CET",
    "actualBusinessTimeZonetimeZoneCode": "CET",
    "actualBusinessTimestamp": "/Date(0)/",
    "CreatedByUser": "Roger",
    "processingTimestampUTC": "/Date(1489758040364)/"
  }
]
