[
  {
    "id": "112",
    "eventCode": "GD",
    "eventType": "com.sap.gtt.app.deliverysample.DeliveryModel.GoodsDamageEvent",
    "eventReasonText": "Some reason",
    "senderPartybusinessPartnerID": "123",
    "logicalSenderSystem": "ABC",
    "trackingIdType": "AB",
    "trackingId": "80000001",
    "locationlocationId": "123",
    "locationId": "loc:alt:key",
    "locationDescription": "Location Description",
    "actualTechnicalTimestampUTC": "/Date(0)/",
    "actualBusinessTimestampUTC": "/Date(0)/",
    "actualBusinessTimeZonetimeZoneCode": "CET",
    "actualBusinessTimestampUTC_text": "Jan 1, 1970, 12:00:00 AM CET",
    "CreatedByUser": "Roger",
    "processingTimestampUTC": "/Date(1489758040364)/",
    "goodsDamageQuantity": 100,
    "goodsDamageDescription": "4 boxes are damaged during the car accidents. A new truck is on road to pick up the rest and finish delivery."
  }
]
