[
  {
    "processEventDirectoryId": "123",
    "processid": "111",
    "sequence": 1,
    "eventCode": "PICK_COMPL",
    "eventType": "com.sap.gtt.app.deliverysample.DeliveryModel.PickingCompletedEvent",
    "eventStatus": "PLANNED",
    "eventReasonText": null,
    "eventid": null,
    "locationlocationId": "123",
    "plannedTechnicalTimestampUTC": "/Date(0)/",
    "plannedTechTsEarliestUTC": "/Date(0)/",
    "plannedTechTsLatestUTC": "/Date(0)/",
    "plannedBusinessTimestampUTC": "/Date(0)/",
    "plannedBusinessTimestampUTC_text": "Jan 1, 1970, 1:00:00 AM CET",
    "plannedBizTsEarliestUTC": "/Date(0)/",
    "plannedBizTsEarliestUTC_text": "Jan 1, 1970, 1:00:00 AM CET",
    "plannedBizTsLatestUTC": "/Date(0)/",
    "plannedBizTsLatestUTC_text": "Jan 1, 1970, 1:00:00 AM CET",
    "plannedBusinessTimeZonetimeZoneCode": "CET",
    "actualTechnicalTimestampUTC": null,
    "actualBusinessTimestampUTC": null,
    "actualBusinessTimestampUTC_text": null,
    "actualBusinessTimeZonetimeZoneCode": null,
    "actualBusinessTimestamp": null,
    "CreatedByUser": "Roger",
    "processingTimestampUTC": "/Date(1489758040364)/"
  }
]
