[
  {
    "processEventDirectoryId": "123",
    "processid": "111",
    "sequence": 1,
    "eventCode": "PICK_COMPL",
    "eventType": "com.sap.gtt.app.deliverysample.DeliveryModel.PickingCompletedEvent",
    "eventStatus": "PLANNED",
    "eventReasonText": null,
    "eventid": "123",
    "locationlocationId": null,
    "plannedTechnicalTimestampUTC": "/Date(0)/",
    "plannedTechTsEarliestUTC": "/Date(0)/",
    "plannedTechTsLatestUTC": "/Date(0)/",
    "plannedBusinessTimestampUTC": "/Date(0)/",
    "plannedBusinessTimestampUTC_text": "Jan 1, 1970, 1:00:00 AM CET",
    "plannedBizTsEarliestUTC": "/Date(0)/",
    "plannedBizTsEarliestUTC_text": "Jan 1, 1970, 1:00:00 AM CET",
    "plannedBizTsLatestUTC": "/Date(0)/",
    "plannedBizTsLatestUTC_text": "Jan 1, 1970, 1:00:00 AM CET",
    "plannedBusinessTimeZonetimeZoneCode": "CET",
    "actualTechnicalTimestampUTC": null,
    "actualBusinessTimestampUTC": null,
    "actualBusinessTimestampUTC_text": null,
    "actualBusinessTimeZonetimeZoneCode": null,
    "actualBusinessTimestamp": null,
    "CreatedByUser": "Roger",
    "processingTimestampUTC": "/Date(1489758040364)/"
  },
  {
    "processEventDirectoryId": "223",
    "processid": "111",
    "sequence": 3,
    "eventCode": "POD",
    "eventType": "com.sap.gtt.app.deliverysample.DeliveryModel.ProofOfDeliveryEvent",
    "eventStatus": "REPORTED",
    "eventReasonText": null,
    "eventid": "223",
    "locationlocationId": "456",
    "plannedTechnicalTimestampUTC": "/Date(0)/",
    "plannedTechTsEarliestUTC": "/Date(0)/",
    "plannedTechTsLatestUTC": "/Date(0)/",
    "plannedBusinessTimestampUTC": "/Date(0)/",
    "plannedBusinessTimestampUTC_text": "Jan 1, 1970, 1:00:00 AM CET",
    "plannedBizTsEarliestUTC": "/Date(0)/",
    "plannedBizTsEarliestUTC_text": "Jan 1, 1970, 1:00:00 AM CET",
    "plannedBizTsLatestUTC": "/Date(0)/",
    "plannedBizTsLatestUTC_text": "Jan 1, 1970, 1:00:00 AM CET",
    "plannedBusinessTimeZonetimeZoneCode": "CET",
    "actualTechnicalTimestampUTC": "/Date(0)/",
    "actualBusinessTimestampUTC": "/Date(-3600000)/",
    "actualBusinessTimestampUTC_text": "Jan 1, 1970, 12:00:00 AM CET",
    "actualBusinessTimeZonetimeZoneCode": "CET",
    "actualBusinessTimestamp": "/Date(0)/",
    "CreatedByUser": "Roger",
    "processingTimestampUTC": "/Date(1489758040364)/"
  },
  {
    "processEventDirectoryId": "112",
    "processid": "111",
    "sequence": 2,
    "eventCode": "DELAY",
    "eventType": "com.sap.gtt.app.deliverysample.DeliveryModel.DelayedEvent",
    "eventStatus": "UNPLANNED",
    "eventReasonText": "Bad Weather",
    "eventid": "112",
    "locationlocationId": "123",
    "plannedTechnicalTimestampUTC": null,
    "plannedTechTsEarliestUTC": null,
    "plannedTechTsLatestUTC": null,
    "plannedBusinessTimestampUTC": null,
    "plannedBusinessTimestampUTC_text": null,
    "plannedBizTsEarliestUTC": null,
    "plannedBizTsEarliestUTC_text": null,
    "plannedBizTsLatestUTC": null,
    "plannedBizTsLatestUTC_text": null,
    "plannedBusinessTimeZonetimeZoneCode": null,
    "actualTechnicalTimestampUTC": "/Date(0)/",
    "actualBusinessTimestampUTC": "/Date(-3600000)/",
    "actualBusinessTimestampUTC_text": "Jan 1, 1970, 12:00:00 AM CET",
    "actualBusinessTimeZonetimeZoneCode": "CET",
    "actualBusinessTimestamp": "/Date(0)/",
    "CreatedByUser": "Roger",
    "processingTimestampUTC": "/Date(1489758040364)/"
  },
  {
    "processEventDirectoryId": "111",
    "processid": "111",
    "sequence": 4,
    "eventCode": "DELAY",
    "eventType": "com.sap.gtt.app.deliverysample.DeliveryModel.DelayedEvent",
    "eventStatus": "OVERDUE",
    "eventReasonText": "Overdue",
    "eventid": "112",
    "locationlocationId": "123",
    "plannedTechnicalTimestampUTC": null,
    "plannedTechTsEarliestUTC": null,
    "plannedTechTsLatestUTC": null,
    "plannedBusinessTimestampUTC": null,
    "plannedBusinessTimestampUTC_text": null,
    "plannedBizTsEarliestUTC": null,
    "plannedBizTsEarliestUTC_text": null,
    "plannedBizTsLatestUTC": null,
    "plannedBizTsLatestUTC_text": null,
    "plannedBusinessTimeZonetimeZoneCode": null,
    "actualTechnicalTimestampUTC": "/Date(0)/",
    "actualBusinessTimestampUTC": "/Date(-3600000)/",
    "actualBusinessTimestampUTC_text": "Jan 1, 1970, 12:00:00 AM CET",
    "actualBusinessTimeZonetimeZoneCode": "CET",
    "actualBusinessTimestamp": "/Date(0)/",
    "CreatedByUser": "Roger",
    "processingTimestampUTC": "/Date(1489758040364)/"
  }
]
