[
	{
		"Code": "01",
		"Text": "Truck"
	}, {
		"Code": "02",
		"Text": "Mail"
	}, {
		"Code": "03",
		"Text": "Train"
	}, {
		"Code": "04",
		"Text": "Ship"
	}, {
		"Code": "05",
		"Text": "Airplane"
	}, {
		"Code": "DU",
		"Text": "Driver Unload"
	}, {
		"Code": "LG",
		"Text": "Liftgate"
	}, {
		"Code": "LT",
		"Text": "LTL"
	}, {
		"Code": "MM",
		"Text": "Multimodal"
	}, {
		"Code": "P1",
		"Text": "Next Day Air"
	}, {
		"Code": "P2",
		"Text": "Second Day Air"
	}, {
		"Code": "P3",
		"Text": "Ground"
	}, {
		"Code": "WM",
		"Text": "Truck VS/WM"
	}
]
