{"schemaVersion":"1.0.0","subModels":[{"name":"shipment","processTypes":[{"name":"shipment","descr":"test shipment descr","trackingIdType":"SHP_NO","elements":[{"name":"nameTest","label":"Name Test","type":"string","length":50,"key":false,"required":false,"readable":true,"writable":true,"localized":true,"dpp":[]},{"name":"orderStatus","label":"Order Status","type":"codelist","target":"shipment.OrderStatus","key":false,"required":false,"readable":true,"writable":true,"localized":false,"dpp":[]}],"parent":{"target":"CoreModel.TrackedProcess"}}],"codeLists":[{"name":"OrderStatus","elements":[{"name":"code","label":"Code","type":"string","length":20,"key":true,"required":true,"readable":true,"writable":true,"localized":false},{"name":"name","label":"Name","type":"string","length":20,"localized":true,"key":false,"required":true,"readable":true,"writable":true}],"values":[{"code":"01","name":"Ready1","translation":{"name":{"textType":"NAME","translation":{"zh-CN":"准备就绪1","en":"Ready1"}}}},{"code":"02","name":"Ready2","translation":{"name":{"textType":"NAME","translation":{"zh-CN":"准备就绪2","en":"Ready2"}}}}]},{"name":"ExecutionStatus","elements":[{"name":"code","label":"Code","type":"string","length":20,"key":true,"required":true,"readable":true,"writable":true},{"name":"name","label":"Name","type":"string","length":20,"localized":true,"key":false,"required":true,"readable":true,"writable":true}],"values":[{"code":"01","name":"Done1","translation":{"name":{"textType":"NAME","translation":{"zh-CN":"完成1","en":"Done1"}}}},{"code":"02","name":"Done2","translation":{"name":{"textType":"NAME","translation":{"zh-CN":"完成2","en":"Done2"}}}}]}]}]}