{"schemaVersion":"1.0.0","translatedLanguages":[{"language":"zh-CN"}],"subModels":[{"name":"FreightOrder","processTypes":[{"name":"FreightOrder","trackingIdType":"trackingIdType1","elements":[{"name":"freightOrderId","label":"Freight Order Id Label","translation":{"label":{"textType":"LABEL","translation":{"zh-CN":"Freight Order Id text for Chinese (Simplified)","de":"Freight Order Id text for Germany","pt":"Freight Order Id text for Portuguese"}}},"type":"string","context":"FreightOrderModel","key":true,"required":true,"localized":false,"readable":true,"writable":true,"length":50,"dpp":["pii"]},{"name":"cargoVolume","label":"cargoVolume Label","translation":{"label":{"textType":"LABEL","translation":{"zh-CN":"cargoVolume text for Chinese (Simplified)","de":"cargoVolume text for Germany","pt":"cargoVolume text for Portuguese"}}},"type":"decimal","precision":31,"scale":14,"context":"FreightOrder","key":false,"required":false,"localized":false,"readable":true,"writable":true},{"name":"numberOfVisits","label":"numberOfVisits Label","translation":{"label":{"textType":"LABEL","translation":{"zh-CN":"numberOfVisits text for Chinese (Simplified)","de":"numberOfVisits text for Germany","pt":"numberOfVisits text for Portuguese"}}},"type":"integer","context":"FreightOrder","key":false,"required":false,"localized":false,"readable":true,"writable":false,"dpp":["spi"]},{"name":"plannedDepartureDateTime","label":"plannedDepartureDateTime Label","translation":{"label":{"textType":"LABEL","translation":{"zh-CN":"plannedDepartureDateTime text for Chinese (Simplified)","de":"plannedDepartureDateTime text for Germany","pt":"plannedDepartureDateTime text for Portuguese"}}},"type":"timestamp","context":"FreightOrder","key":false,"required":false,"localized":false,"readable":false,"writable":true,"dpp":["datasubjectid","spi"]},{"name":"stops","label":"stops Label","translation":{"label":{"textType":"LABEL","translation":{"zh-CN":"stops text for Chinese (Simplified)","de":"stops text for Germany","pt":"stops text for Portuguese"}}},"type":"composition","context":"FreightOrder","key":false,"required":false,"localized":false,"readable":true,"writable":true,"target":"FreightOrder.Stops","cardinality":{"max":"*"}},{"name":"longitude","label":"longitude Label","translation":{"label":{"textType":"LABEL","translation":{"zh-CN":"longitude text for Chinese (Simplified)","de":"longitude text for Germany","pt":"longitude text for Portuguese"}}},"type":"decimal","context":"CoreModel","key":false,"required":false,"localized":false,"readable":true,"writable":true,"precision":12,"scale":9}],"uiConfig":{"fieldsOrder":[{"name":"string","context":"CoreModel","type":"string","visible":true}],"compositionsOrder":[{"name":"string","context":"CoreModel","type":"string","visible":true}]},"descr":"Freight Order","parent":{"target":"CoreModel.TrackedProcess"},"admissiblePlannedEvents":[{"eventType":{"target":"FreightOrder.DepartureEvent","descr":"Arrival Event"},"matchLocation":false,"businessToleranceValue":10,"technicalToleranceValue":10,"periodicOverdueDetection":10,"businessToleranceUnit":"M","technicalToleranceUnit":"M","periodicOverdueDetectionUnit":"M","maxOverdueDetection":3}],"admissibleUnplannedEvents":[{"eventType":{"target":"FreightOrder.DelayedEvent","descr":"Delayed Event"}}]}],"itemTypes":[{"name":"Stops","elements":[{"name":"stopId","label":"stopId Label","translation":{"label":{"textType":"LABEL","translation":{"zh-CN":"stopId text for Chinese (Simplified)","de":"stopId text for Germany","pt":"stopId text for Portuguese"}}},"type":"integer","context":"FreightOrder","key":true,"required":true,"localized":false,"readable":true,"writable":true}],"uiConfig":{"fieldsOrder":[{"name":"string","context":"CoreModel","type":"string","visible":true}],"compositionsOrder":[{"name":"string","context":"CoreModel","type":"string","visible":true}]}}],"eventTypes":[{"name":"DelayedEvent","elements":[{"name":"eventId","label":"eventId Label","translation":{"label":{"textType":"LABEL","translation":{"zh-CN":"eventId text for Chinese (Simplified)","de":"eventId text for Germany","pt":"eventId text for Portuguese"}}},"type":"string","context":"CoreModel","key":true,"required":true,"localized":false,"readable":true,"writable":true,"length":50},{"name":"eventDate","label":"eventDate Label","translation":{"label":{"textType":"LABEL","translation":{"zh-CN":"eventDate text for Chinese (Simplified)","de":"eventDate text for Germany","pt":"eventDate text for Portuguese"}}},"type":"timestamp","context":"CoreModel","key":false,"required":true,"localized":false,"readable":true,"writable":true}],"uiConfig":{"fieldsOrder":[{"name":"string","context":"CoreModel","type":"string","visible":true}],"compositionsOrder":[{"name":"string","context":"CoreModel","type":"string","visible":true}]},"parent":{"target":"CoreModel.GTTDelayedEvent"}}],"codeLists":[{"name":"OrderStatus","elements":[{"name":"code","label":"Code","type":"string","length":2,"key":true,"required":true,"readable":true,"writable":true},{"name":"name","label":"Name","type":"string","localized":true,"key":false,"required":true,"readable":true,"writable":true}],"uiConfig":{"fieldsOrder":[{"name":"string","context":"CoreModel","type":"string","visible":true}],"compositionsOrder":[{"name":"string","context":"CoreModel","type":"string","visible":true}]},"values":[{"code":"01","name":"Ready","translation":{"name":{"textType":"NAME","translation":{"zh-CN":"Translated text for Chinese (Simplified)","de":"Translated text for Germany","pt":"Translated text for Portuguese"}}}}]}]}],"eventToActions":[{"name":"string"}]}