<?xml version="1.0" encoding="UTF-8"?>

<configuration debug="true" scan="true" scanPeriod="30 seconds"> 

    <appender name="STDOUT" class="ch.qos.logback.core.ConsoleAppender"> 
        <!-- encoders are  by default assigned the type
        ch.qos.logback.classic.encoder.PatternLayoutEncoder -->
        <encoder>
            <pattern>%date %-5level [%thread] - [%logger] - %m%n</pattern>

        </encoder>
    
        <filter class="ch.qos.logback.classic.filter.LevelFilter">
            <level>DEBUG</level>
            <onMatch>ACCEPT</onMatch>
            <onMismatch>NEUTRAL</onMismatch>
        </filter>
          
        <filter class="ch.qos.logback.classic.filter.LevelFilter">
            <level>INFO</level>
            <onMatch>ACCEPT</onMatch>
            <onMismatch>DENY</onMismatch>
        </filter>
    </appender>
  
  
    <root level="DEBUG">
        <appender-ref ref="STDOUT" />
    </root>
    <logger name="com.jayway.jsonpath.internal.path.CompiledPath" level="OFF" />
    <logger name="org.mockserver.client.netty.NettyHttpClient" level="OFF" />
    <logger name="org.mockserver.mockserver.MockServerHandler" level="OFF" />
    <logger name="org.mockserver.matchers.HttpRequestMatcher" level="OFF" />
    <logger name="org.springframework" level="OFF" />
    <logger name="ch.qos.logback" level="OFF" />
    <logger name="org.apache.zookeeper.ClientCnxn" level="OFF" />
    <logger name="org.apache.zookeeper.ZooKeeper" level="OFF" />
    <logger name="org.apache.zookeeper.server" level="OFF" />
    <logger name="org.apache.zookeeper.ClientCnxnSocketNIO" level="OFF" />
    <logger name="org.apache.kafka.common" level="OFF" />
    <logger name="org.apache.kafka.clients.consumer" level="OFF" />
    <logger name="org.apache.cxf.phase" level="OFF" />
    <logger name="org.apache.cxf.jaxrs" level="OFF" />
    <logger name="com.mysap.sso.SSO2Ticket" level="OFF" />
    <logger name="org.hibernate" level="OFF" />
    <logger name="com.datastax.driver" level="OFF" />
    <logger name="io.netty" level="OFF" />
    <logger name="org.I0Itec" level="OFF" />
    <logger name="kafka.controller" level="OFF" />
    <logger name="kafka.utils" level="OFF" />
    <logger name="kafka.log" level="OFF" />
    <logger name="kafka.coordinator" level="OFF" />
    <logger name="kafka.cluster.Partition" level="OFF" />
    <logger name="org.apache.cxf.transport.http.HTTPConduit" level="OFF" />
    <logger name="org.apache.cxf.transport.http.Headers" level="OFF" />
    <logger name="org.apache.cxf.transport.https.HttpsURLConnectionFactory" level="OFF" />
    <logger name="org.apache.kafka.clients.producer.ProducerConfig" level="OFF" />
    <logger name="org.apache.http.wire" level="OFF" />
</configuration>