{"schemaVersion":"1.0.0","translatedLanguages":[{"language":"zh-CN"}],"subModels":[{"name":"FreightOrder","processTypes":[{"name":"FreightOrder","trackingIdType":"trackingIdType1","elements":[{"name":"freightOrderId","label":"Freight Order Id Label","translation":{"label":{"textType":"LABEL","translation":{"zh-CN":"Freight Order Id text for Chinese (Simplified)","de":"Freight Order Id text for Germany","pt":"Freight Order Id text for Portuguese"}}},"type":"string","context":"FreightOrder","key":true,"required":true,"localized":false,"readable":true,"writable":true,"length":50,"dpp":["pii"]},{"name":"stopsthis","label":"stops Label","translation":{"label":{"textType":"LABEL","translation":{"zh-CN":"stopsthis text for Chinese (Simplified)","de":"stopsthis text for Germany","pt":"stopsthis text for Portuguese"}}},"type":"composition","context":"FreightOrder","key":false,"required":false,"localized":false,"readable":true,"writable":true,"target":"FreightOrder.Stops","cardinality":{"max":"*"}},{"name":"stops","label":"stops Label","translation":{"label":{"textType":"LABEL","translation":{"zh-CN":"stops text for Chinese (Simplified)","de":"stops text for Germany","pt":"stops text for Portuguese"}}},"type":"composition","context":"FreightOrder","key":false,"required":false,"localized":false,"readable":true,"writable":true,"target":"FreightOrder2.Stops2","cardinality":{"max":"*"}}],"uiConfig":{"fieldsOrder":[{"name":"string","context":"CoreModel","type":"string","visible":true}],"compositionsOrder":[{"name":"string","context":"CoreModel","type":"string","visible":true}]},"descr":"Freight Order","parent":{"target":"CoreModel.TrackedProcess"},"admissiblePlannedEvents":[{"eventType":{"target":"FreightOrder.DepartureEvent","descr":"Arrival Event"},"matchLocation":false,"businessToleranceValue":10,"technicalToleranceValue":10,"periodicOverdueDetection":10,"businessToleranceUnit":"M","technicalToleranceUnit":"M","periodicOverdueDetectionUnit":"M","maxOverdueDetection":3}],"admissibleUnplannedEvents":[{"eventType":{"target":"FreightOrder.DelayedEvent","descr":"Delayed Event"}}]}],"itemTypes":[{"name":"Stops","elements":[{"name":"stopId","label":"stopId Label","translation":{"label":{"textType":"LABEL","translation":{"zh-CN":"stopId text for Chinese (Simplified)","de":"stopId text for Germany","pt":"stopId text for Portuguese"}}},"type":"integer","context":"FreightOrder","key":true,"required":true,"localized":false,"readable":true,"writable":true}],"uiConfig":{"fieldsOrder":[{"name":"string","context":"CoreModel","type":"string","visible":true}],"compositionsOrder":[{"name":"string","context":"CoreModel","type":"string","visible":true}]}}],"eventTypes":[{"name":"DelayedEvent","elements":[{"name":"eventId","label":"eventId Label","translation":{"label":{"textType":"LABEL","translation":{"zh-CN":"eventId text for Chinese (Simplified)","de":"eventId text for Germany","pt":"eventId text for Portuguese"}}},"type":"string","context":"FreightOrder","key":true,"required":true,"localized":false,"readable":true,"writable":true,"length":50},{"name":"eventDate","label":"eventDate Label","translation":{"label":{"textType":"LABEL","translation":{"zh-CN":"eventDate text for Chinese (Simplified)","de":"eventDate text for Germany","pt":"eventDate text for Portuguese"}}},"type":"timestamp","context":"FreightOrder","key":false,"required":true,"localized":false,"readable":true,"writable":true}],"uiConfig":{"fieldsOrder":[{"name":"string","context":"CoreModel","type":"string","visible":true}],"compositionsOrder":[{"name":"string","context":"CoreModel","type":"string","visible":true}]},"parent":{"target":"CoreModel.GTTDelayedEvent"}}],"codeLists":[{"name":"OrderStatus","elements":[{"name":"code","label":"Code","type":"string","length":2,"key":true,"required":true,"readable":true,"writable":true},{"name":"name","label":"Name","type":"string","localized":true,"key":false,"required":true,"readable":true,"writable":true}],"uiConfig":{"fieldsOrder":[{"name":"string","context":"CoreModel","type":"string","visible":true}],"compositionsOrder":[{"name":"string","context":"CoreModel","type":"string","visible":true}]},"values":[{"code":"01","name":"Ready","translation":{"name":{"textType":"NAME","translation":{"zh-CN":"Translated text for Chinese (Simplified)","de":"Translated text for Germany","pt":"Translated text for Portuguese"}}}}]}]},{"name":"FreightOrder2","processTypes":[{"name":"FreightOrder2","trackingIdType":"trackingIdType1","elements":[{"name":"freightOrderId2","label":"Freight Order Id2 Label","translation":{"label":{"textType":"LABEL","translation":{"zh-CN":"Freight Order Id2 text for Chinese (Simplified)","de":"Freight Order Id2 text for Germany","pt":"Freight Order Id2 text for Portuguese"}}},"type":"string","context":"FreightOrder2","key":true,"required":true,"localized":false,"readable":true,"writable":true,"length":50,"dpp":["pii"]}],"uiConfig":{"fieldsOrder":[{"name":"string","context":"CoreModel","type":"string","visible":true}],"compositionsOrder":[{"name":"string","context":"CoreModel","type":"string","visible":true}]},"descr":"Freight Order2","parent":{"target":"CoreModel.TrackedProcess"},"admissiblePlannedEvents":[],"admissibleUnplannedEvents":[]}],"itemTypes":[{"name":"Stops2","elements":[{"name":"stopId2","label":"stopId2 Label","translation":{"label":{"textType":"LABEL","translation":{"zh-CN":"stopId2 text for Chinese (Simplified)","de":"stopId2 text for Germany","pt":"stopId2 text for Portuguese"}}},"type":"integer","context":"FreightOrder2","key":true,"required":true,"localized":false,"readable":true,"writable":true}],"uiConfig":{"fieldsOrder2":[{"name":"string","context":"CoreModel","type":"string","visible":true}],"compositionsOrder":[{"name":"string","context":"CoreModel","type":"string","visible":true}]}}],"eventTypes":[],"codeLists":[]}],"eventToActions":[{"name":"string"}]}