{
  "_version": "1.8.0",
  "sap.app": {
    "id": "com.sap.gtt.app.generic",
    "type": "application",
    "resources": "resources.json",
    "i18n": "i18n/i18n.properties",
    "applicationVersion": {
      "version": "${project.version}"
    },
    "title": "{{appTitle}}",
    "description": "{{appDescription}}",
    "tags": {
      "keywords": []
    },
    "ach": "IOT-GTT-APP",
    "dataSources": {
      "mainService": {
        "uri": "/sap/gtt/core/odata/v1/com.sap.gtt.app.shipmentsample/",
        "type": "OData",
        "settings": {
          "odataVersion": "2.0",
          "localUri": "localService/shipment/metadata.xml",
          "annotations": [
            "mainAnnotations"
          ]
        }
      },
      "mainAnnotations": {
        "uri": "/sap/gtt/core/odata/metadata/v1/com.sap.gtt.app.shipmentsample.annotation",
        "type": "ODataAnnotation",
        "settings": {
          "localUri": "localService/shipment/annotations.xml"
        }
      },
      "localAnnotations": {
        "uri": "annotations/annotations.xml",
        "type": "ODataAnnotation",
        "settings": {
          "localUri": "annotations/annotations.xml"
        }
      }
    },
    "offline": false,
    "sourceTemplate": {
      "id": "ui5template.smartTemplate",
      "version": "1.40.12"
    },
    "crossNavigation": {
      "inbounds": {},
      "outbounds": {
        "eventDisplay": {
          "semanticObject": "TrackedProcess",
          "action": "display",
          "additionalParameters": "ignored",
          "parameters": {}
        }
      }
    }
  },
  "sap.ui": {
    "technology": "UI5",
    "icons": {
      "icon": "",
      "favIcon": "",
      "phone": "",
      "phone@2": "",
      "tablet": "",
      "tablet@2": ""
    },
    "deviceTypes": {
      "desktop": true,
      "tablet": true,
      "phone": true
    },
    "supportedThemes": [
      "sap_hcb",
      "sap_belize"
    ],
    "fullWidth": true
  },
  "sap.ui5": {
    "resources": {
      "js": [],
      "css": []
    },
    "dependencies": {
      "minUI5Version": "1.52.0",
      "libs": {
        "sap.ui.core": {},
        "sap.ui.generic.app": {},
        "sap.suite.ui.generic.template": {},
        "sap.m": {
          "lazy": true
        },
        "sap.ui.comp": {
          "lazy": true
        },
        "sap.ui.layout": {
          "lazy": true
        },
        "sap.ui.vbm": {
          "lazy": true
        }
      },
      "components": {}
    },
    "models": {
      "i18n": {
        "type": "sap.ui.model.resource.ResourceModel",
        "uri": "i18n/i18n.properties"
      },
      "localized": {
        "type": "sap.ui.model.resource.ResourceModel",
        "uri": "i18n/i18n.properties"
      },
      "@i18n": {
        "type": "sap.ui.model.resource.ResourceModel",
        "uri": "localService/shipment/i18n/i18n.properties"
      },
      "i18n|sap.suite.ui.generic.template.ObjectPage|ShipmentProcess": {
        "type": "sap.ui.model.resource.ResourceModel",
        "uri": "i18n/ObjectPage/TrackedProcess/i18n.properties"
      },
      "": {
        "dataSource": "mainService",
        "preload": true,
        "settings": {
          "defaultBindingMode": "TwoWay",
          "defaultCountMode": "Inline",
          "refreshAfterChange": false,
          "useBatch": true
        }
      }
    },
    "config": {
      "coreModelVersion": "9.0.0",
      "compilerVersion": "1.0.30"
    },
    "extends": {
      "extensions": {
        "sap.ui.viewExtensions": {
          "sap.suite.ui.generic.template.ObjectPage.view.Details": {
            "ReplaceFacet|ShipmentProcess|ProcessGeoMap": {
              "className": "sap.ui.core.mvc.View",
              "viewName": "com.sap.gtt.app.generic.ext.view.GeoMap",
              "type": "XML"
            }
          }
        },
        "sap.ui.controllerExtensions": {
          "sap.suite.ui.generic.template.ListReport.view.ListReport": {
            "controllerName": "com.sap.gtt.app.generic.ext.controller.ListReportExtension"
          },
          "sap.suite.ui.generic.template.ObjectPage.view.Details": {
            "controllerName": "com.sap.gtt.app.generic.ext.controller.ObjectPageExtension",
            "sap.ui.generic.app": {
              "ShipmentProcess": {
                "EntitySet": "ShipmentProcess",
                "Header": {
                  "Actions": {
                    "Refresh": {
                      "id": "Refresh",
                      "text": "{localized>refresh}",
                      "press": "onRefreshAction"
                    }
                  }
                },
                "Sections": {
                  "processEvents::com.sap.vocabularies.UI.v1.LineItem::GenericEvents": {
                    "id": "processEvents::com.sap.vocabularies.UI.v1.LineItem::GenericEvents",
                    "Actions": {
                      "ReportUnplannedEvent": {
                        "id": "ReportUnplannedEvent",
                        "text": "{localized>actionReportUnplannedEvent}",
                        "press": "onReportUnplannedEventAction",
                        "requiresSelection": false
                      },
                      "ReportEvent": {
                        "id": "ReportEvent",
                        "text": "{localized>actionReportEvent}",
                        "press": "onReportEventAction",
                        "requiresSelection": true,
                        "applicablePath": "to_eventStatus/EditEnabled"
                      }
                    }
                  }
                }
              }
            }
          }
        }
      }
    },
    "contentDensities": {
      "compact": true,
      "cozy": true
    }
  },
  "sap.ui.generic.app": {
    "_version": "1.3.0",
    "settings": {},
    "pages": {
      "ListReport|ShipmentProcess": {
        "entitySet": "ShipmentProcess",
        "component": {
          "name": "sap.suite.ui.generic.template.ListReport",
          "list": true,
          "settings": {
            "tableType": "ResponsiveTable",
            "multiSelect": false,
            "smartVariantManagement": true,
            "variantManagementHidden": true
          }
        },
        "pages": {
          "ObjectPage|ShipmentProcess": {
            "entitySet": "ShipmentProcess",
            "component": {
              "name": "sap.suite.ui.generic.template.ObjectPage",
              "settings": {
                "sections": {}
              }
            },
            "pages": {
              "ObjectPage|processEvents": {
                "navigationProperty": "processEvents",
                "entitySet": "ProcessEventDirectory",
                "component": {
                  "name": "sap.suite.ui.generic.template.ObjectPage"
                }
              }
            }
          }
        }
      }
    }
  },
  "sap.fiori": {
    "registrationIds": [
      "F2413"
    ],
    "archeType": "transactional"
  }
}
