{
  "_version": "1.8.0",
  "sap.app": {
    "id": "com.sap.gtt.app.generic",
    "type": "application",
    "resources": "resources.json",
    "i18n": "i18n/i18n.properties",
    "applicationVersion": {
      "version": "${project.version}"
    },
    "title": "Events (title in manifest)",
    "description": "Events description",
    "tags": {
      "keywords": []
    },
    "ach": "IOT-GTT-APP",
    "dataSources": {
      "mainService": {
        "uri": "/sap/gtt/core/odata/v1/com.sap.gtt.app.epcissample/",
        "type": "OData",
        "settings": {
          "odataVersion": "2.0",
          "localUri": "localService/epcis/metadata.xml",
          "annotations": [
            "mainAnnotations"
          ]
        }
      },
      "mainAnnotations": {
        "uri": "/sap/gtt/core/odata/metadata/v1/com.sap.gtt.app.epcissample.annotation",
        "type": "ODataAnnotation",
        "settings": {
          "localUri": "localService/epcis/annotations.xml"
        }
      },
      "localAnnotations": {
        "uri": "annotations/annotations.xml",
        "type": "ODataAnnotation",
        "settings": {
          "localUri": "annotations/annotations.xml"
        }
      }
    },
    "offline": false,
    "sourceTemplate": {
      "id": "ui5template.smartTemplate",
      "version": "1.40.12"
    },
    "crossNavigation": {
      "inbounds": {},
      "outbounds": {
        "eventDisplay": {
          "semanticObject": "TrackedProcess",
          "action": "display",
          "additionalParameters": "ignored",
          "parameters": {}
        }
      }
    }
  },
  "sap.ui": {
    "technology": "UI5",
    "icons": {
      "icon": "",
      "favIcon": "",
      "phone": "",
      "phone@2": "",
      "tablet": "",
      "tablet@2": ""
    },
    "deviceTypes": {
      "desktop": true,
      "tablet": true,
      "phone": true
    },
    "supportedThemes": [
      "sap_hcb",
      "sap_belize"
    ],
    "fullWidth": true
  },
  "sap.ui5": {
    "resources": {
      "js": [],
      "css": []
    },
    "dependencies": {
      "minUI5Version": "1.52.0",
      "libs": {
        "sap.ui.core": {},
        "sap.ui.generic.app": {},
        "sap.suite.ui.generic.template": {},
        "sap.m": {
          "lazy": true
        },
        "sap.ui.comp": {
          "lazy": true
        },
        "sap.ui.layout": {
          "lazy": true
        },
        "sap.ui.vbm": {
          "lazy": true
        }
      },
      "components": {}
    },
    "models": {
      "i18n": {
        "type": "sap.ui.model.resource.ResourceModel",
        "uri": "i18n/i18n.properties"
      },
      "localized": {
        "type": "sap.ui.model.resource.ResourceModel",
        "uri": "i18n/i18n.properties"
      },
      "@i18n": {
        "type": "sap.ui.model.resource.ResourceModel",
        "uri": "i18n/i18n.properties"
      },
      "": {
        "dataSource": "mainService",
        "preload": true,
        "settings": {
          "defaultBindingMode": "TwoWay",
          "defaultCountMode": "Inline",
          "refreshAfterChange": false,
          "useBatch": true
        }
      }
    },
    "config": {
      "coreModelVersion": "9.0.0",
      "compilerVersion": "1.0.30"
    },
    "extends": {},
    "contentDensities": {
      "compact": true,
      "cozy": true
    }
  },
  "sap.ui.generic.app": {
    "_version": "1.3.0",
    "settings": {},
    "pages": {
      "ListReport|EPCISAggregationEvent": {
        "entitySet": "EPCISAggregationEvent",
        "component": {
          "name": "sap.suite.ui.generic.template.ListReport",
          "list": true,
          "settings": {
            "tableType": "ResponsiveTable",
            "multiSelect": false,
            "smartVariantManagement": true,
            "variantManagementHidden": true
          }
        },
        "pages": {
          "ObjectPage|EPCISAggregationEvent": {
            "entitySet": "EPCISAggregationEvent",
            "component": {
              "name": "sap.suite.ui.generic.template.ObjectPage"
            }
          }
        }
      }
    }
  }
}
