[
  {
    "id": "111",
    "altKey": "sample:shipment:80000001:111",
    "description": "001 - Bosche",
    "shipmentId": "",
    "personalDataProtectionStatus": "BA",
    "senderbusinessPartnerID": "123",
    "logicalSenderSystem": "ABC",
    "trackingIdType": "AB",
    "trackingId": "80000001",
    "containerId": "MQT8202",
    "transportationPlanningPoint": "AT00",
    "route": "000134",
    "shipmentVolume": "1234.56",
    "shipmentVolumeUnit": "M3",
    "shipmentWeight": "1234.56",
    "totalShipmentWeight": "1234.56",
    "shipmentWeightUnit": "Kg",
    "shipmentType": "0001",
    "shippingType": "01",
    "transportationStatus": "01",
    "customStatus": "01",
    "deliveryStatus": "02"
  },
  {
    "id": "222",
    "altKey": "sample:shipment:80000002:222",
    "description": "002 - Bosche",
    "shipmentId": "80000002",
    "personalDataProtectionStatus": "EOB",
    "senderbusinessPartnerID": "456",
    "logicalSenderSystem": "XYZ",
    "trackingIdType": "CD",
    "trackingId": "80000002",
    "containerId": "MQT8202",
    "transportationPlanningPoint": "AT00",
    "route": "000134",
    "shipmentVolume": "1234.56",
    "shipmentVolumeUnit": "M3",
    "shipmentWeight": "1234.56",
    "totalShipmentWeight": "1234.56",
    "shipmentWeightUnit": "Kg",
    "shipmentType": "0001",
    "shippingType": "01",
    "transportationStatus": "01",
    "customStatus": "01",
    "deliveryStatus": "01"
  },
  {
    "id": "333",
    "altKey": "sample:shipment:80000002:333",
    "description": "003 - Test",
    "shipmentId": "80000002",
    "personalDataProtectionStatus": "EOP",
    "senderbusinessPartnerID": "456",
    "logicalSenderSystem": "XYZ",
    "trackingIdType": "CD",
    "trackingId": "80000002",
    "containerId": "MQT8202",
    "transportationPlanningPoint": "AT00",
    "route": "000134",
    "shipmentVolume": "1234.56",
    "shipmentVolumeUnit": "M3",
    "shipmentWeight": "1234.56",
    "totalShipmentWeight": "1234.56",
    "shipmentWeightUnit": "Kg",
    "shipmentType": "0001",
    "shippingType": "01",
    "transportationStatus": "01",
    "customStatus": "01",
    "deliveryStatus": "01"
  }
]
