{
  "name": "shipment0326002",
  "namespace": "com.sap.gtt.app.shipment0326002",
  "version": "1.0.0",
  "descr": "shipment model",
  "draftStatus": "DEPLOYED",
  "status": "ACTIVE",
  "modifiedAt": "2020-03-26T09:27:57.446Z",
  "customModel": {
    "schemaVersion": "1.0.0",
    "subModels": [
      {
        "name": "shipment",
        "processTypes": [
          {
            "name": "shipment",
            "descr": "Track Shipment",
            "trackingIdType": "SHIP_NO_0326002",
            "elements": [
              {
                "name": "shipmentId",
                "label": "shipment Id",
                "type": "string",
                "key": false,
                "required": true,
                "readable": true,
                "writable": true,
                "dpp": [],
                "length": 10
              },
              {
                "name": "stages",
                "label": "stages",
                "type": "composition",
                "key": false,
                "required": false,
                "readable": true,
                "writable": true,
                "target": "shipment.stage",
                "cardinality": {
                  "max": "*"
                }
              },
              {
                "name": "delivery",
                "label": "delivery",
                "type": "association",
                "key": false,
                "required": false,
                "readable": true,
                "writable": true,
                "dpp": [],
                "target": "delivery.delivery",
                "cardinality": {
                  "max": 1
                }
              }

            ],
            "parent": {
              "target": "CoreModel.TrackedProcess"
            },
            "admissiblePlannedEvents": [
              {
                "eventType": {
                  "target": "shipment.CheckInEvent",
                  "descr": "Check In Event"
                },
                "matchLocation": false,
                "businessToleranceValue": 2,
                "businessToleranceUnit": "M",
                "technicalToleranceValue": 2,
                "technicalToleranceUnit": "M",
                "periodicOverdueDetection": 2,
                "periodicOverdueDetectionUnit": "M",
                "maxOverdueDetection": 2
              }
            ]
          }
        ],
        "itemTypes": [
          {
            "name": "stage",
            "elements": [
              {
                "name": "id",
                "label": "Stage Id",
                "type": "string",
                "key": true,
                "required": true,
                "readable": true,
                "writable": true,
                "length": 10
              },
              {
                "name": "stagename",
                "label": "stage name",
                "type": "string",
                "key": false,
                "required": false,
                "readable": true,
                "writable": true,
                "length": 50
              },
              {
                "name": "delivery2",
                "label": "delivery2",
                "type": "association",
                "key": false,
                "required": false,
                "readable": true,
                "writable": true,
                "dpp": [],
                "target": "shipment.CheckInEvent",
                "cardinality": {
                  "max": 1
                }
              }
            ]
          }
        ],
        "eventTypes": [
          {
            "name": "CheckInEvent",
            "elements": [
              {
                "name": "gate",
                "label": "Gate",
                "type": "string",
                "key": false,
                "required": false,
                "readable": true,
                "writable": true,
                "dpp": [],
                "length": 20
              }
            ],
            "parent": {
              "target": "CoreModel.Event"
            }
          }
        ]
      },
      {
        "name": "delivery",
        "processTypes": [
          {
            "name": "delivery",
            "descr": "track delivery",
            "trackingIdType": "delivery_0326002",
            "elements": [],
            "parent": {
              "target": "CoreModel.TrackedProcess"
            },
            "admissiblePlannedEvents": []
          }
        ]
      }
    ],
    "eventToAction": "var i_shipmentid;"
  }
}