{"schemaVersion":"1.0.0","subModels":[{"name":"shipment","processTypes":[{"name":"shipment","descr":"","trackingIdType":"SH007","elements":[{"name":"shipmentId","label":"shipmentId","type":"String","key":false,"required":false,"readable":false,"writable":false},{"name":"stops","label":"stops","type":"composition","key":false,"required":false,"readable":true,"writable":true,"target":"delivery.depool","cardinality":{"max":"*"}}],"parent":{"target":"CoreModel.TrackedProcess"},"admissiblePlannedEvents":[],"admissibleUnplannedEvents":[]}],"itemTypes":[{"name":"shpool","elements":[{"name":"shpoolId","label":"shpoolId","type":"string","key":true,"required":true,"readable":true,"writable":false,"length":30},{"name":"comstatus","label":"com status","type":"string","key":false,"required":false,"readable":true,"writable":true,"length":10}]}]},{"name":"delivery","processTypes":[{"name":"delivery","descr":"","trackingIdType":"DE007","elements":[{"name":"deliveryId","label":"deliveryId","type":"Integer","key":true,"required":true,"readable":true,"writable":false,"dpp":[]},{"name":"deliverydate","label":"delivery date","type":"timestamp","key":false,"required":false,"readable":true,"writable":true,"dpp":[]}],"parent":{"target":"CoreModel.TrackedProcess"},"admissiblePlannedEvents":[],"admissibleUnplannedEvents":[]}],"itemTypes":[{"name":"depool","elements":[{"name":"depoolId","label":"depoolId Id","type":"integer","key":true,"required":true,"readable":true,"writable":false},{"name":"com02","label":"com02","type":"composition","key":false,"required":false,"readable":true,"writable":true,"target":"shipment.shpool","cardinality":{"max":"*"}}]}]}],"eventToAction":""}