{
  "name": "tfo",
  "namespace": "com.sap.gtt.tfo",
  "descr": "Track Freight Orders",
  "coreModel": {
    "version": "2.0.0"
  },
  "customModel": {
    "schemaVersion": "1.0.0",
    "plannedEvent": {
      "elements": [
        {
          "name": "plannedfieldA",
          "label": "plannedfieldA Label",
          "translation": {
            "label": {
              "textType": "LABEL",
              "translation": {
                "zh_CN": "plannedfieldA text for Chinese (Simplified)",
                "de": "plannedfieldA text for Germany",
                "pt": "plannedfieldA text for Portuguese"
              }
            }
          },
          "type": "string",
          "context": "CoreModel",
          "required": false,
          "localized": false,
          "readable": true,
          "writable": true,
          "length": 50
        },
        {
          "name": "plannedfieldB",
          "label": "plannedfieldB Label",
          "translation": {
            "label": {
              "textType": "LABEL",
              "translation": {
                "zh_CN": "plannedfieldB text for Chinese (Simplified)",
                "de": "plannedfieldB text for Germany",
                "pt": "plannedfieldB text for Portuguese"
              }
            }
          },
          "type": "uuid",
          "context": "CoreModel",
          "required": false,
          "localized": false,
          "readable": true,
          "writable": true
        }

      ]
    },
    "subModels": [
      {
        "name": "FreightOrder",
        "idocEnabled": false,
        "processTypes": [
          {
            "name": "FreightOrder",
            "elements": [
              {
                "name": "name",
                "label": "name Label",
                "translation": {
                  "label": {
                    "textType": "LABEL",
                    "translation": {
                      "zh_CN": "name text for Chinese (Simplified)",
                      "de": "name text for Germany",
                      "pt": "name text for Portuguese"
                    }
                  }
                },
                "type": "string",
                "context": "CoreModel",
                "required": false,
                "localized": false,
                "readable": true,
                "writable": true,
                "length": 50,
                "dpp": [
                  "pii"
                ],
                "authScopes": [
                  "READ"
                ]
              }

            ],
            "uiConfig": {
              "fieldsOrder": [
                {
                  "name": "string",
                  "context": "CoreModel",
                  "type": "string",
                  "visible": true
                }
              ],
              "compositionsOrder": [
                {
                  "name": "string",
                  "context": "CoreModel",
                  "type": "string",
                  "visible": true
                }
              ]
            },
            "descr": "Freight Order",
            "translation": {
              "descr": {
                "textType": "DESCR",
                "translation": {
                  "zh_CN": "Translated text for Chinese (Simplified)",
                  "de": "Translated text for Germany",
                  "pt": "Translated text for Portuguese"
                }
              }
            },
            "trackingIdType": "trackingIdType1",
            "parent": {
              "target": "CoreModel.TrackedProcess"
            },
            "admissiblePlannedEvents": [
              {
                "eventType": {
                  "target": "FreightOrder.DepartureEvent"
                },
                "matchLocation": false,
                "businessToleranceValue": 100,
                "businessToleranceUnit": "M",
                "technicalToleranceValue": 100,
                "technicalToleranceUnit": "M",
                "periodicOverdueDetection": 100,
                "periodicOverdueDetectionUnit": "M",
                "maxOverdueDetection": 50,
                "matchExtensionFields": [
                  {
                    "plannedEventField": "plannedfieldA",
                    "operator": "EQ",
                    "actualEventField": "departureEventCode"
                  }
                ]
              },
              {
                "eventType": {
                  "target": "FreightOrder.GoodsIssueEvent"
                },
                "matchLocation": false,
                "businessToleranceValue": 100,
                "businessToleranceUnit": "M",
                "technicalToleranceValue": 100,
                "technicalToleranceUnit": "M",
                "periodicOverdueDetection": 100,
                "periodicOverdueDetectionUnit": "M",
                "maxOverdueDetection": 50,
                "matchExtensionFields": [
                  {
                    "plannedEventField": "plannedfieldB",
                    "operator": "EQ",
                    "actualEventField": "goodIssueEventCode"
                  }
                ]
              }
            ],
            "admissibleUnplannedEvents": [
              {
                "eventType": {
                  "target": "FreightOrder.DelayedEvent1"
                }
              }
            ],
            "idocMapping": {
            }
          }
        ],
        "itemTypes": [
        ],
        "eventTypes": [
          {
            "name": "DelayedEvent1",
            "elements": [
              {
                "name": "delayedEventCode",
                "label": "delayedEventCode Label",
                "translation": {
                  "label": {
                    "textType": "LABEL",
                    "translation": {
                      "zh_CN": "delayedEventCode text for Chinese (Simplified)",
                      "de": "delayedEventCode text for Germany",
                      "pt": "delayedEventCode text for Portuguese"
                    }
                  }
                },
                "type": "string",
                "context": "CoreModel",
                "required": false,
                "localized": false,
                "readable": true,
                "writable": true,
                "length": 50,
                "dpp": [
                  "pii"
                ]
              }
            ],
            "descr": "Delayed Event1",
            "translation": {
              "descr": {
                "textType": "DESCR",
                "translation": {
                  "zh_CN": "Delayed Event1 text for Chinese (Simplified)",
                  "de": "Delayed Event1 text for Germany",
                  "pt": "Delayed Event1 text for Portuguese"
                }
              }
            },
            "parent": {
              "target": "CoreModel.GTTDelayedEvent"
            },
            "idocMapping": {
            }
          },
          {
            "name": "GoodsIssueEvent",
            "elements": [
              {
                "name": "goodIssueEventCode",
                "label": "goodIssueEventCode Label",
                "translation": {
                  "label": {
                    "textType": "LABEL",
                    "translation": {
                      "zh_CN": "goodIssueEventCode text for Chinese (Simplified)",
                      "de": "goodIssueEventCode text for Germany",
                      "pt": "goodIssueEventCode text for Portuguese"
                    }
                  }
                },
                "type": "string",
                "context": "CoreModel",
                "required": false,
                "localized": false,
                "readable": true,
                "writable": true,
                "length": 50,
                "dpp": [
                  "pii"
                ]
              }
            ],
            "descr": "GoodsIssueEvent",
            "translation": {
              "descr": {
                "textType": "DESCR",
                "translation": {
                  "zh_CN": "GoodsIssueEvent text for Chinese (Simplified)",
                  "de": "GoodsIssueEvent text for Germany",
                  "pt": "GoodsIssueEvent text for Portuguese"
                }
              }
            },
            "parent": {
              "target": "CoreModel.Event"
            },
            "idocMapping": {
            }
          },
          {
            "name": "DepartureEvent",
            "elements": [
              {
                "name": "departureEventCode",
                "label": "departureEventCode Label",
                "translation": {
                  "label": {
                    "textType": "LABEL",
                    "translation": {
                      "zh_CN": "departureEventCode text for Chinese (Simplified)",
                      "de": "departureEventCode text for Germany",
                      "pt": "departureEventCode text for Portuguese"
                    }
                  }
                },
                "type": "string",
                "context": "CoreModel",
                "required": false,
                "localized": false,
                "readable": true,
                "writable": true,
                "length": 50,
                "dpp": [
                  "pii"
                ]
              }
            ],
            "descr": "Departure Event",
            "translation": {
              "descr": {
                "textType": "DESCR",
                "translation": {
                  "zh_CN": "Departure Event text for Chinese (Simplified)",
                  "de": "Departure Event text for Germany",
                  "pt": "Departure Event text for Portuguese"
                }
              }
            },
            "parent": {
              "target": "CoreModel.Event"
            },
            "idocMapping": {
            }
          }
        ],
        "codeLists": [
        ]
      }
    ],
    "eventToAction": "string"
  }
}