{
    "com.sap.gtt.core.CoreModel.GTTResetPlannedEventStatusEvent": {
        "@com.sap.gtt.core.CoreModel.BaseType": "Event",
        "@@includeCustomizedFields": true,
        "@@inheritFromCore": "com.sap.gtt.core.CoreModel.Event",
        "elements": {
            "id": {
                "key": true,
                "type": "cds.UUID",
                "@@fromCoreModel": true,
                "@@foreignKeyFld": "eventProcesses"
            },
            "subaccountId": {
                "type": "cds.UUID",
                "@@fromCoreModel": true
            },
            "cloneInstanceId": {
                "type": "cds.UUID",
                "@@fromCoreModel": true
            },
            "modelNamespace": {
                "type": "cds.String",
                "length": 255,
                "@@fromCoreModel": true
            },
            "eventType": {
                "type": "cds.String",
                "length": 255,
                "@@fromCoreModel": true
            },
            "eventReasonText": {
                "type": "cds.String",
                "length": 255,
                "@@fromCoreModel": true
            },
            "eventReasonCode": {
                "type": "cds.String",
                "length": 255,
                "@@fromCoreModel": true
            },
            "senderPartyId": {
                "type": "cds.String",
                "length": 50,
                "@@fromCoreModel": true
            },
            "reportedBy": {
                "type": "cds.String",
                "length": 255,
                "@@fromCoreModel": true
            },
            "altKey": {
                "type": "cds.String",
                "length": 255,
                "@@fromCoreModel": true
            },
            "scheme": {
                "type": "cds.String",
                "length": 255,
                "@@fromCoreModel": true
            },
            "partyId": {
                "type": "cds.String",
                "length": 50,
                "@@fromCoreModel": true
            },
            "logicalSystem": {
                "type": "cds.String",
                "length": 10,
                "@@fromCoreModel": true
            },
            "trackingIdType": {
                "type": "cds.String",
                "length": 40,
                "@@fromCoreModel": true
            },
            "trackingId": {
                "type": "cds.String",
                "length": 50,
                "@@fromCoreModel": true
            },
            "actualTechnicalTimestamp": {
                "type": "cds.Timestamp",
                "@@fromCoreModel": true
            },
            "actualBusinessTimestamp": {
                "type": "cds.Timestamp",
                "@@fromCoreModel": true
            },
            "actualBusinessTimeZone": {
                "type": "cds.String",
                "length": 50,
                "@@fromCoreModel": true
            },
            "locationAltKey": {
                "type": "cds.String",
                "length": 255,
                "@@fromCoreModel": true
            },
            "eventMatchKey": {
                "type": "cds.String",
                "length": 255,
                "@@fromCoreModel": true
            },
            "longitude": {
                "type": "cds.Decimal",
                "precision": 12,
                "scale": 9,
                "@com.sap.gtt.core.CoreModel.FieldContent.DecimalType.Maximum": 180,
                "@com.sap.gtt.core.CoreModel.FieldContent.DecimalType.Minimum": -180,
                "@@fromCoreModel": true
            },
            "latitude": {
                "type": "cds.Decimal",
                "precision": 12,
                "scale": 9,
                "@com.sap.gtt.core.CoreModel.FieldContent.DecimalType.Maximum": 90,
                "@com.sap.gtt.core.CoreModel.FieldContent.DecimalType.Minimum": -90,
                "@@fromCoreModel": true
            },
            "references": {
                "type": "cds.Composition",
                "target": "com.sap.gtt.core.CoreModel.Reference",
                "cardinality": {
                    "max": "*"
                },
                "on": {
                    "ref": "id",
                    "$generatedFieldName": "event_id"
                },
                "@@fromCoreModel": true
            },
            "eventProcesses": {
                "type": "cds.Association",
                "target": "com.sap.gtt.core.CoreModel.ProcessEventDirectory",
                "cardinality": {
                    "max": "*"
                },
                "on": {
                    "ref": "event_id",
                    "$generatedFieldName": "id"
                },
                "@@fromCoreModel": true
            },
            "messageSourceType": {
                "type": "cds.String",
                "length": 50,
                "@@fromCoreModel": true
            },
            "createdByUser": {
                "type": "cds.String",
                "length": 64,
                "@@fromCoreModel": true
            },
            "creationDateTime": {
                "type": "cds.Timestamp",
                "@@fromCoreModel": true
            },
            "refPlannedEventType": {
                "type": "cds.String",
                "length": 255
            },
            "refPlannedEventMatchKey": {
                "type": "cds.String",
                "length": 255
            },
            "refPlannedEventLocationAltKey": {
                "type": "cds.String",
                "length": 255
            }
        }
    },
    "com.sap.gtt.core.CoreModel.ProcessEvent": {
        "@@includeCustomizedFields": true,
        "elements": {
            "id": {
                "key": true,
                "type": "cds.UUID",
                "@@fromCoreModel": true,
                "@@foreignKeyFld": "eventProcesses"
            },
            "subaccountId": {
                "type": "cds.UUID",
                "@@fromCoreModel": true
            },
            "cloneInstanceId": {
                "type": "cds.UUID",
                "@@fromCoreModel": true
            },
            "modelNamespace": {
                "type": "cds.String",
                "length": 255,
                "@@fromCoreModel": true
            },
            "eventType": {
                "type": "cds.String",
                "length": 255,
                "@@fromCoreModel": true
            },
            "eventReasonText": {
                "type": "cds.String",
                "length": 255,
                "@@fromCoreModel": true
            },
            "eventReasonCode": {
                "type": "cds.String",
                "length": 255,
                "@@fromCoreModel": true
            },
            "senderPartyId": {
                "type": "cds.String",
                "length": 50,
                "@@fromCoreModel": true
            },
            "reportedBy": {
                "type": "cds.String",
                "length": 255,
                "@@fromCoreModel": true
            },
            "altKey": {
                "type": "cds.String",
                "length": 255,
                "@@fromCoreModel": true
            },
            "scheme": {
                "type": "cds.String",
                "length": 255,
                "@@fromCoreModel": true
            },
            "partyId": {
                "type": "cds.String",
                "length": 50,
                "@@fromCoreModel": true
            },
            "logicalSystem": {
                "type": "cds.String",
                "length": 10,
                "@@fromCoreModel": true
            },
            "trackingIdType": {
                "type": "cds.String",
                "length": 40,
                "@@fromCoreModel": true
            },
            "trackingId": {
                "type": "cds.String",
                "length": 50,
                "@@fromCoreModel": true
            },
            "actualTechnicalTimestamp": {
                "type": "cds.Timestamp",
                "@@fromCoreModel": true
            },
            "actualBusinessTimestamp": {
                "type": "cds.Timestamp",
                "@@fromCoreModel": true
            },
            "actualBusinessTimeZone": {
                "type": "cds.String",
                "length": 50,
                "@@fromCoreModel": true
            },
            "locationAltKey": {
                "type": "cds.String",
                "length": 255,
                "@@fromCoreModel": true
            },
            "eventMatchKey": {
                "type": "cds.String",
                "length": 255,
                "@@fromCoreModel": true
            },
            "longitude": {
                "type": "cds.Decimal",
                "precision": 12,
                "scale": 9,
                "@com.sap.gtt.core.CoreModel.FieldContent.DecimalType.Maximum": 180,
                "@com.sap.gtt.core.CoreModel.FieldContent.DecimalType.Minimum": -180,
                "@@fromCoreModel": true
            },
            "latitude": {
                "type": "cds.Decimal",
                "precision": 12,
                "scale": 9,
                "@com.sap.gtt.core.CoreModel.FieldContent.DecimalType.Maximum": 90,
                "@com.sap.gtt.core.CoreModel.FieldContent.DecimalType.Minimum": -90,
                "@@fromCoreModel": true
            },
            "references": {
                "type": "cds.Composition",
                "target": "com.sap.gtt.core.CoreModel.Reference",
                "cardinality": {
                    "max": "*"
                },
                "on": {
                    "ref": "id",
                    "$generatedFieldName": "event_id"
                },
                "@@fromCoreModel": true
            },
            "eventProcesses": {
                "type": "cds.Association",
                "target": "com.sap.gtt.core.CoreModel.ProcessEventDirectory",
                "cardinality": {
                    "max": "*"
                },
                "on": {
                    "ref": "event_id",
                    "$generatedFieldName": "id"
                },
                "@@fromCoreModel": true
            },
            "messageSourceType": {
                "type": "cds.String",
                "length": 50,
                "@@fromCoreModel": true
            },
            "createdByUser": {
                "type": "cds.String",
                "length": 64,
                "@@fromCoreModel": true
            },
            "creationDateTime": {
                "type": "cds.Timestamp",
                "@@fromCoreModel": true
            },
            "plannedEvents": {
                "type": "cds.Composition",
                "target": "com.sap.gtt.core.CoreModel.PlannedEventForEvent",
                "cardinality": {
                    "max": "*"
                },
                "on": {
                    "ref": "id",
                    "$generatedFieldName": "event_id"
                }
            }
        }
    },
    "com.sap.gtt.core.CoreModel.PlannedEvent": {
        "elements": {
            "id": {
                "key": true,
                "type": "cds.UUID",
                "@@fromCoreModel": true
            },
            "process_id": {
                "type": "cds.UUID",
                "@@fromCoreModel": true,
                "@@foreignKeyFld": "process"
            },
            "process": {
                "type": "cds.Association",
                "target": "com.sap.gtt.core.CoreModel.TrackedProcess",
                "cardinality": {
                    "max": 1
                },
                "on": {
                    "ref": "id",
                    "$generatedFieldName": "process_id"
                },
                "@@fromCoreModel": true,
                "@@backLink": true
            },
            "eventType": {
                "type": "cds.String",
                "length": 255,
                "@@fromCoreModel": true
            },
            "locationAltKey": {
                "type": "cds.String",
                "length": 255,
                "@@fromCoreModel": true
            },
            "eventMatchKey": {
                "type": "cds.String",
                "length": 255,
                "@@fromCoreModel": true
            },
            "longitude": {
                "type": "cds.Decimal",
                "precision": 12,
                "scale": 9,
                "@@fromCoreModel": true
            },
            "latitude": {
                "type": "cds.Decimal",
                "precision": 12,
                "scale": 9,
                "@@fromCoreModel": true
            },
            "eventStatus": {
                "type": "cds.String",
                "length": 50,
                "default": "PLANNED",
                "enum": {
                    "planned": "PLANNED",
                    "earlyReported": "EARLY_REPORTED",
                    "reported": "REPORTED",
                    "lateReported": "LATE_REPORTED",
                    "overdue": "OVERDUE",
                    "delayed": "DELAYED"
                },
                "@@fromCoreModel": true
            },
            "payloadSequence": {
                "type": "cds.Integer",
                "@@fromCoreModel": true
            },
            "isFinalPlannedEvent": {
                "type": "cds.Boolean",
                "@@fromCoreModel": true
            },
            "lastProcessEventDirectory": {
                "type": "cds.Association",
                "target": "com.sap.gtt.core.CoreModel.ProcessEventDirectory",
                "cardinality": {
                    "max": 1
                },
                "keys": [{
                        "$generatedFieldName": "lastProcessEventDirectory_id",
                        "ref": "id"
                    }
                ],
                "@@fromCoreModel": true
            },
            "nextOverdueDetection": {
                "type": "cds.Timestamp",
                "@@fromCoreModel": true
            },
            "overdueDetectionCounter": {
                "type": "cds.Integer",
                "@@fromCoreModel": true
            },
            "plannedTechnicalTimestamp": {
                "type": "cds.Timestamp",
                "@@fromCoreModel": true
            },
            "plannedTechTsEarliest": {
                "type": "cds.Timestamp",
                "@@fromCoreModel": true
            },
            "plannedTechTsLatest": {
                "type": "cds.Timestamp",
                "@@fromCoreModel": true
            },
            "plannedBusinessTimestamp": {
                "type": "cds.Timestamp",
                "@@fromCoreModel": true
            },
            "plannedBizTsEarliest": {
                "type": "cds.Timestamp",
                "@@fromCoreModel": true
            },
            "plannedBizTsLatest": {
                "type": "cds.Timestamp",
                "@@fromCoreModel": true
            },
            "plannedBusinessTimeZone": {
                "type": "cds.String",
                "length": 50,
                "@@fromCoreModel": true
            },
            "lastProcessEventDirectory_id": {
                "type": "cds.UUID",
                "@@fromCoreModel": true,
                "@@foreignKeyFld": "lastProcessEventDirectory"
            }
        }
    },
    "com.sap.gtt.core.CoreModel.GTTResetPlannedEventStatusEventForWrite": {
        "elements": {
            "id": {
                "key": true,
                "type": "cds.UUID"
            },
            "eventReasonText": {
                "type": "cds.String",
                "length": 255
            },
            "eventReasonCode": {
                "type": "cds.String",
                "length": 255
            },
            "senderPartyId": {
                "type": "cds.String",
                "length": 50
            },
            "reportedBy": {
                "type": "cds.String",
                "length": 255
            },
            "altKey": {
                "type": "cds.String",
                "length": 255
            },
            "locationAltKey": {
                "type": "cds.String",
                "length": 255
            },
            "eventMatchKey": {
                "type": "cds.String",
                "length": 255
            },
            "references": {
                "type": "cds.Composition",
                "target": "com.sap.gtt.core.CoreModel.Reference",
                "cardinality": {
                    "max": "*"
                },
                "on": {
                    "ref": "id",
                    "$generatedFieldName": "event_id"
                }
            },
            "actualTechnicalTimestamp": {
                "type": "cds.Timestamp"
            },
            "actualBusinessTimestamp": {
                "type": "cds.Timestamp"
            },
            "actualBusinessTimeZone": {
                "type": "cds.String",
                "length": 50
            },
            "longitude": {
                "type": "cds.Decimal",
                "precision": 12,
                "scale": 9,
                "@com.sap.gtt.core.CoreModel.FieldContent.DecimalType.Maximum": 180,
                "@com.sap.gtt.core.CoreModel.FieldContent.DecimalType.Minimum": -180
            },
            "latitude": {
                "type": "cds.Decimal",
                "precision": 12,
                "scale": 9,
                "@com.sap.gtt.core.CoreModel.FieldContent.DecimalType.Maximum": 90,
                "@com.sap.gtt.core.CoreModel.FieldContent.DecimalType.Minimum": -90
            },
            "refPlannedEventType": {
                "type": "cds.String",
                "length": 255
            },
            "refPlannedEventMatchKey": {
                "type": "cds.String",
                "length": 255
            },
            "refPlannedEventLocationAltKey": {
                "type": "cds.String",
                "length": 255
            }
        }
    },
    "com.sap.gtt.core.CoreModel.TrackedProcess": {
        "elements": {
            "id": {
                "key": true,
                "type": "cds.UUID",
                "@@fromCoreModel": true
            },
            "subaccountId": {
                "type": "cds.UUID",
                "@@fromCoreModel": true
            },
            "cloneInstanceId": {
                "type": "cds.UUID",
                "@@fromCoreModel": true
            },
            "trackedProcessType": {
                "type": "cds.String",
                "length": 255,
                "@@fromCoreModel": true
            },
            "altKey": {
                "type": "cds.String",
                "length": 255,
                "@@fromCoreModel": true
            },
            "scheme": {
                "type": "cds.String",
                "length": 255,
                "@@fromCoreModel": true
            },
            "partyId": {
                "type": "cds.String",
                "length": 50,
                "@@fromCoreModel": true
            },
            "logicalSystem": {
                "type": "cds.String",
                "length": 10,
                "@@fromCoreModel": true
            },
            "trackingIdType": {
                "type": "cds.String",
                "length": 40,
                "@@fromCoreModel": true
            },
            "trackingId": {
                "type": "cds.String",
                "length": 50,
                "@@fromCoreModel": true
            },
            "processStatus": {
                "type": "cds.String",
                "length": 50,
                "default": "AS_PLANNED",
                "enum": {
                    "asPlanned": "AS_PLANNED",
                    "early": "EARLY",
                    "late": "LATE",
                    "overdue": "OVERDUE",
                    "delayed": "DELAYED"
                },
                "@@fromCoreModel": true
            },
            "trackingIds": {
                "type": "cds.Composition",
                "target": "com.sap.gtt.core.CoreModel.QualifiedTrackingId",
                "cardinality": {
                    "max": "*"
                },
                "on": {
                    "ref": "id",
                    "$generatedFieldName": "process_id"
                },
                "@@fromCoreModel": true
            },
            "plannedEvents": {
                "type": "cds.Composition",
                "target": "com.sap.gtt.core.CoreModel.PlannedEvent",
                "cardinality": {
                    "max": "*"
                },
                "on": {
                    "ref": "id",
                    "$generatedFieldName": "process_id"
                },
                "@@fromCoreModel": true
            },
            "processEvents": {
                "type": "cds.Composition",
                "target": "com.sap.gtt.core.CoreModel.ProcessEventDirectory",
                "cardinality": {
                    "max": "*"
                },
                "on": {
                    "ref": "id",
                    "$generatedFieldName": "process_id"
                },
                "@@fromCoreModel": true
            },
            "lifeCycleStatus": {
                "type": "cds.String",
                "length": 20,
                "default": "BUSINESS_ACTIVE",
                "enum": {
                    "businessActive": "BUSINESS_ACTIVE",
                    "endOfBusiness": "END_OF_BUSINESS",
                    "endOfPurpose": "END_OF_PURPOSE",
                    "endOfRetention": "END_OF_RETENTION"
                },
                "@@fromCoreModel": true
            },
            "lastChangedAtBusinessTime": {
                "type": "cds.Timestamp",
                "@@fromCoreModel": true
            },
            "createdByUser": {
                "type": "cds.String",
                "length": 64,
                "@@fromCoreModel": true
            },
            "creationDateTime": {
                "type": "cds.Timestamp",
                "@@fromCoreModel": true
            },
            "lastChangedByUser": {
                "type": "cds.String",
                "length": 64,
                "@@fromCoreModel": true
            },
            "lastChangeDateTime": {
                "type": "cds.Timestamp",
                "@@fromCoreModel": true
            },
            "version": {
                "type": "cds.Integer",
                "@@fromCoreModel": true
            }
        }
    },
    "com.sap.gtt.core.CoreModel.GTTDPPDeletionEvent": {
        "@com.sap.gtt.core.CoreModel.BaseType": "Event",
        "@@inheritFromCore": "com.sap.gtt.core.CoreModel.Event",
        "elements": {
            "id": {
                "key": true,
                "type": "cds.UUID",
                "@@fromCoreModel": true,
                "@@foreignKeyFld": "eventProcesses"
            },
            "subaccountId": {
                "type": "cds.UUID",
                "@@fromCoreModel": true
            },
            "cloneInstanceId": {
                "type": "cds.UUID",
                "@@fromCoreModel": true
            },
            "modelNamespace": {
                "type": "cds.String",
                "length": 255,
                "@@fromCoreModel": true
            },
            "eventType": {
                "type": "cds.String",
                "length": 255,
                "@@fromCoreModel": true
            },
            "eventReasonText": {
                "type": "cds.String",
                "length": 255,
                "@@fromCoreModel": true
            },
            "eventReasonCode": {
                "type": "cds.String",
                "length": 255,
                "@@fromCoreModel": true
            },
            "senderPartyId": {
                "type": "cds.String",
                "length": 50,
                "@@fromCoreModel": true
            },
            "reportedBy": {
                "type": "cds.String",
                "length": 255,
                "@@fromCoreModel": true
            },
            "altKey": {
                "type": "cds.String",
                "length": 255,
                "@@fromCoreModel": true
            },
            "scheme": {
                "type": "cds.String",
                "length": 255,
                "@@fromCoreModel": true
            },
            "partyId": {
                "type": "cds.String",
                "length": 50,
                "@@fromCoreModel": true
            },
            "logicalSystem": {
                "type": "cds.String",
                "length": 10,
                "@@fromCoreModel": true
            },
            "trackingIdType": {
                "type": "cds.String",
                "length": 40,
                "@@fromCoreModel": true
            },
            "trackingId": {
                "type": "cds.String",
                "length": 50,
                "@@fromCoreModel": true
            },
            "actualTechnicalTimestamp": {
                "type": "cds.Timestamp",
                "@@fromCoreModel": true
            },
            "actualBusinessTimestamp": {
                "type": "cds.Timestamp",
                "@@fromCoreModel": true
            },
            "actualBusinessTimeZone": {
                "type": "cds.String",
                "length": 50,
                "@@fromCoreModel": true
            },
            "locationAltKey": {
                "type": "cds.String",
                "length": 255,
                "@@fromCoreModel": true
            },
            "eventMatchKey": {
                "type": "cds.String",
                "length": 255,
                "@@fromCoreModel": true
            },
            "longitude": {
                "type": "cds.Decimal",
                "precision": 12,
                "scale": 9,
                "@com.sap.gtt.core.CoreModel.FieldContent.DecimalType.Maximum": 180,
                "@com.sap.gtt.core.CoreModel.FieldContent.DecimalType.Minimum": -180,
                "@@fromCoreModel": true
            },
            "latitude": {
                "type": "cds.Decimal",
                "precision": 12,
                "scale": 9,
                "@com.sap.gtt.core.CoreModel.FieldContent.DecimalType.Maximum": 90,
                "@com.sap.gtt.core.CoreModel.FieldContent.DecimalType.Minimum": -90,
                "@@fromCoreModel": true
            },
            "references": {
                "type": "cds.Composition",
                "target": "com.sap.gtt.core.CoreModel.Reference",
                "cardinality": {
                    "max": "*"
                },
                "on": {
                    "ref": "id",
                    "$generatedFieldName": "event_id"
                },
                "@@fromCoreModel": true
            },
            "eventProcesses": {
                "type": "cds.Association",
                "target": "com.sap.gtt.core.CoreModel.ProcessEventDirectory",
                "cardinality": {
                    "max": "*"
                },
                "on": {
                    "ref": "event_id",
                    "$generatedFieldName": "id"
                },
                "@@fromCoreModel": true
            },
            "messageSourceType": {
                "type": "cds.String",
                "length": 50,
                "@@fromCoreModel": true
            },
            "createdByUser": {
                "type": "cds.String",
                "length": 64,
                "@@fromCoreModel": true
            },
            "creationDateTime": {
                "type": "cds.Timestamp",
                "@@fromCoreModel": true
            }
        }
    },
    "com.sap.gtt.core.CoreModel.QualifiedTrackingId": {
        "elements": {
            "process_id": {
                "key": true,
                "type": "cds.UUID",
                "@@fromCoreModel": true,
                "@@foreignKeyFld": "process"
            },
            "process": {
                "type": "cds.Association",
                "target": "com.sap.gtt.core.CoreModel.TrackedProcess",
                "cardinality": {
                    "max": 1
                },
                "on": {
                    "ref": "id",
                    "$generatedFieldName": "process_id"
                },
                "@@fromCoreModel": true,
                "@@backLink": true
            },
            "observedProcess": {
                "type": "cds.Association",
                "target": "com.sap.gtt.core.CoreModel.TrackedProcess",
                "cardinality": {
                    "max": 1
                },
                "keys": [{
                        "$generatedFieldName": "observedProcess_id",
                        "ref": "id"
                    }
                ],
                "@@fromCoreModel": true
            },
            "validFrom": {
                "type": "cds.Timestamp",
                "@@fromCoreModel": true
            },
            "validTo": {
                "type": "cds.Timestamp",
                "@@fromCoreModel": true
            },
            "observedProcess_id": {
                "key": true,
                "type": "cds.UUID",
                "@@fromCoreModel": true,
                "@@foreignKeyFld": "observedProcess"
            }
        }
    },
    "com.sap.gtt.core.CoreModel.EventForWrite": {
        "elements": {
            "id": {
                "key": true,
                "type": "cds.UUID"
            },
            "eventReasonText": {
                "type": "cds.String",
                "length": 255
            },
            "eventReasonCode": {
                "type": "cds.String",
                "length": 255
            },
            "senderPartyId": {
                "type": "cds.String",
                "length": 50
            },
            "reportedBy": {
                "type": "cds.String",
                "length": 255
            },
            "altKey": {
                "type": "cds.String",
                "length": 255
            },
            "locationAltKey": {
                "type": "cds.String",
                "length": 255
            },
            "eventMatchKey": {
                "type": "cds.String",
                "length": 255
            },
            "references": {
                "type": "cds.Composition",
                "target": "com.sap.gtt.core.CoreModel.Reference",
                "cardinality": {
                    "max": "*"
                },
                "on": {
                    "ref": "id",
                    "$generatedFieldName": "event_id"
                }
            },
            "actualTechnicalTimestamp": {
                "type": "cds.Timestamp"
            },
            "actualBusinessTimestamp": {
                "type": "cds.Timestamp"
            },
            "actualBusinessTimeZone": {
                "type": "cds.String",
                "length": 50
            },
            "longitude": {
                "type": "cds.Decimal",
                "precision": 12,
                "scale": 9,
                "@com.sap.gtt.core.CoreModel.FieldContent.DecimalType.Maximum": 180,
                "@com.sap.gtt.core.CoreModel.FieldContent.DecimalType.Minimum": -180
            },
            "latitude": {
                "type": "cds.Decimal",
                "precision": 12,
                "scale": 9,
                "@com.sap.gtt.core.CoreModel.FieldContent.DecimalType.Maximum": 90,
                "@com.sap.gtt.core.CoreModel.FieldContent.DecimalType.Minimum": -90
            }
        }
    },
    "com.sap.gtt.core.CoreModel.GTTDPPDeletionEventForWrite": {
        "elements": {
            "id": {
                "key": true,
                "type": "cds.UUID"
            },
            "eventReasonText": {
                "type": "cds.String",
                "length": 255
            },
            "eventReasonCode": {
                "type": "cds.String",
                "length": 255
            },
            "senderPartyId": {
                "type": "cds.String",
                "length": 50
            },
            "reportedBy": {
                "type": "cds.String",
                "length": 255
            },
            "altKey": {
                "type": "cds.String",
                "length": 255
            },
            "locationAltKey": {
                "type": "cds.String",
                "length": 255
            },
            "eventMatchKey": {
                "type": "cds.String",
                "length": 255
            },
            "references": {
                "type": "cds.Composition",
                "target": "com.sap.gtt.core.CoreModel.Reference",
                "cardinality": {
                    "max": "*"
                },
                "on": {
                    "ref": "id",
                    "$generatedFieldName": "event_id"
                }
            },
            "actualTechnicalTimestamp": {
                "type": "cds.Timestamp"
            },
            "actualBusinessTimestamp": {
                "type": "cds.Timestamp"
            },
            "actualBusinessTimeZone": {
                "type": "cds.String",
                "length": 50
            },
            "longitude": {
                "type": "cds.Decimal",
                "precision": 12,
                "scale": 9,
                "@com.sap.gtt.core.CoreModel.FieldContent.DecimalType.Maximum": 180,
                "@com.sap.gtt.core.CoreModel.FieldContent.DecimalType.Minimum": -180
            },
            "latitude": {
                "type": "cds.Decimal",
                "precision": 12,
                "scale": 9,
                "@com.sap.gtt.core.CoreModel.FieldContent.DecimalType.Maximum": 90,
                "@com.sap.gtt.core.CoreModel.FieldContent.DecimalType.Minimum": -90
            }
        }
    },
    "com.sap.gtt.core.CoreModel.Reference": {
        "elements": {
            "id": {
                "key": true,
                "type": "cds.UUID",
                "@@fromCoreModel": true
            },
            "event_id": {
                "type": "cds.UUID",
                "@@fromCoreModel": true,
                "@@foreignKeyFld": "event"
            },
            "event": {
                "type": "cds.Association",
                "target": "com.sap.gtt.core.CoreModel.Event",
                "cardinality": {
                    "max": 1
                },
                "on": {
                    "ref": "id",
                    "$generatedFieldName": "event_id"
                },
                "@@fromCoreModel": true,
                "@@backLink": true
            },
            "referenceType": {
                "type": "cds.String",
                "length": 50,
                "enum": {
                    "tracking": "TRACKING"
                },
                "@@fromCoreModel": true
            },
            "altKey": {
                "type": "cds.String",
                "length": 255,
                "@@fromCoreModel": true
            },
            "validFrom": {
                "type": "cds.Timestamp",
                "@@fromCoreModel": true
            },
            "validTo": {
                "type": "cds.Timestamp",
                "@@fromCoreModel": true
            },
            "action": {
                "type": "cds.String",
                "length": 50,
                "enum": {
                    "add": "ADD",
                    "delete": "DELETE"
                },
                "@@fromCoreModel": true
            }
        }
    },
    "com.sap.gtt.core.CoreModel.GTTDelayedEvent": {
        "@com.sap.gtt.core.CoreModel.BaseType": "Event",
        "@@includeCustomizedFields": true,
        "@@inheritFromCore": "com.sap.gtt.core.CoreModel.Event",
        "elements": {
            "id": {
                "key": true,
                "type": "cds.UUID",
                "@@fromCoreModel": true,
                "@@foreignKeyFld": "eventProcesses"
            },
            "subaccountId": {
                "type": "cds.UUID",
                "@@fromCoreModel": true
            },
            "cloneInstanceId": {
                "type": "cds.UUID",
                "@@fromCoreModel": true
            },
            "modelNamespace": {
                "type": "cds.String",
                "length": 255,
                "@@fromCoreModel": true
            },
            "eventType": {
                "type": "cds.String",
                "length": 255,
                "@@fromCoreModel": true
            },
            "eventReasonText": {
                "type": "cds.String",
                "length": 255,
                "@@fromCoreModel": true
            },
            "eventReasonCode": {
                "type": "cds.String",
                "length": 255,
                "@@fromCoreModel": true
            },
            "senderPartyId": {
                "type": "cds.String",
                "length": 50,
                "@@fromCoreModel": true
            },
            "reportedBy": {
                "type": "cds.String",
                "length": 255,
                "@@fromCoreModel": true
            },
            "altKey": {
                "type": "cds.String",
                "length": 255,
                "@@fromCoreModel": true
            },
            "scheme": {
                "type": "cds.String",
                "length": 255,
                "@@fromCoreModel": true
            },
            "partyId": {
                "type": "cds.String",
                "length": 50,
                "@@fromCoreModel": true
            },
            "logicalSystem": {
                "type": "cds.String",
                "length": 10,
                "@@fromCoreModel": true
            },
            "trackingIdType": {
                "type": "cds.String",
                "length": 40,
                "@@fromCoreModel": true
            },
            "trackingId": {
                "type": "cds.String",
                "length": 50,
                "@@fromCoreModel": true
            },
            "actualTechnicalTimestamp": {
                "type": "cds.Timestamp",
                "@@fromCoreModel": true
            },
            "actualBusinessTimestamp": {
                "type": "cds.Timestamp",
                "@@fromCoreModel": true
            },
            "actualBusinessTimeZone": {
                "type": "cds.String",
                "length": 50,
                "@@fromCoreModel": true
            },
            "locationAltKey": {
                "type": "cds.String",
                "length": 255,
                "@@fromCoreModel": true
            },
            "eventMatchKey": {
                "type": "cds.String",
                "length": 255,
                "@@fromCoreModel": true
            },
            "longitude": {
                "type": "cds.Decimal",
                "precision": 12,
                "scale": 9,
                "@com.sap.gtt.core.CoreModel.FieldContent.DecimalType.Maximum": 180,
                "@com.sap.gtt.core.CoreModel.FieldContent.DecimalType.Minimum": -180,
                "@@fromCoreModel": true
            },
            "latitude": {
                "type": "cds.Decimal",
                "precision": 12,
                "scale": 9,
                "@com.sap.gtt.core.CoreModel.FieldContent.DecimalType.Maximum": 90,
                "@com.sap.gtt.core.CoreModel.FieldContent.DecimalType.Minimum": -90,
                "@@fromCoreModel": true
            },
            "references": {
                "type": "cds.Composition",
                "target": "com.sap.gtt.core.CoreModel.Reference",
                "cardinality": {
                    "max": "*"
                },
                "on": {
                    "ref": "id",
                    "$generatedFieldName": "event_id"
                },
                "@@fromCoreModel": true
            },
            "eventProcesses": {
                "type": "cds.Association",
                "target": "com.sap.gtt.core.CoreModel.ProcessEventDirectory",
                "cardinality": {
                    "max": "*"
                },
                "on": {
                    "ref": "event_id",
                    "$generatedFieldName": "id"
                },
                "@@fromCoreModel": true
            },
            "messageSourceType": {
                "type": "cds.String",
                "length": 50,
                "@@fromCoreModel": true
            },
            "createdByUser": {
                "type": "cds.String",
                "length": 64,
                "@@fromCoreModel": true
            },
            "creationDateTime": {
                "type": "cds.Timestamp",
                "@@fromCoreModel": true
            },
            "refPlannedEventType": {
                "type": "cds.String",
                "length": 255
            },
            "refPlannedEventMatchKey": {
                "type": "cds.String",
                "length": 255
            },
            "refPlannedEventLocationAltKey": {
                "type": "cds.String",
                "length": 255
            }
        }
    },
    "com.sap.gtt.core.CoreModel.Event": {
        "elements": {
            "id": {
                "key": true,
                "type": "cds.UUID",
                "@@fromCoreModel": true,
                "@@foreignKeyFld": "eventProcesses"
            },
            "subaccountId": {
                "type": "cds.UUID",
                "@@fromCoreModel": true
            },
            "cloneInstanceId": {
                "type": "cds.UUID",
                "@@fromCoreModel": true
            },
            "modelNamespace": {
                "type": "cds.String",
                "length": 255,
                "@@fromCoreModel": true
            },
            "eventType": {
                "type": "cds.String",
                "length": 255,
                "@@fromCoreModel": true
            },
            "eventReasonText": {
                "type": "cds.String",
                "length": 255,
                "@@fromCoreModel": true
            },
            "eventReasonCode": {
                "type": "cds.String",
                "length": 255,
                "@@fromCoreModel": true
            },
            "senderPartyId": {
                "type": "cds.String",
                "length": 50,
                "@@fromCoreModel": true
            },
            "reportedBy": {
                "type": "cds.String",
                "length": 255,
                "@@fromCoreModel": true
            },
            "altKey": {
                "type": "cds.String",
                "length": 255,
                "@@fromCoreModel": true
            },
            "scheme": {
                "type": "cds.String",
                "length": 255,
                "@@fromCoreModel": true
            },
            "partyId": {
                "type": "cds.String",
                "length": 50,
                "@@fromCoreModel": true
            },
            "logicalSystem": {
                "type": "cds.String",
                "length": 10,
                "@@fromCoreModel": true
            },
            "trackingIdType": {
                "type": "cds.String",
                "length": 40,
                "@@fromCoreModel": true
            },
            "trackingId": {
                "type": "cds.String",
                "length": 50,
                "@@fromCoreModel": true
            },
            "actualTechnicalTimestamp": {
                "type": "cds.Timestamp",
                "@@fromCoreModel": true
            },
            "actualBusinessTimestamp": {
                "type": "cds.Timestamp",
                "@@fromCoreModel": true
            },
            "actualBusinessTimeZone": {
                "type": "cds.String",
                "length": 50,
                "@@fromCoreModel": true
            },
            "locationAltKey": {
                "type": "cds.String",
                "length": 255,
                "@@fromCoreModel": true
            },
            "eventMatchKey": {
                "type": "cds.String",
                "length": 255,
                "@@fromCoreModel": true
            },
            "longitude": {
                "type": "cds.Decimal",
                "precision": 12,
                "scale": 9,
                "@com.sap.gtt.core.CoreModel.FieldContent.DecimalType.Maximum": 180,
                "@com.sap.gtt.core.CoreModel.FieldContent.DecimalType.Minimum": -180,
                "@@fromCoreModel": true
            },
            "latitude": {
                "type": "cds.Decimal",
                "precision": 12,
                "scale": 9,
                "@com.sap.gtt.core.CoreModel.FieldContent.DecimalType.Maximum": 90,
                "@com.sap.gtt.core.CoreModel.FieldContent.DecimalType.Minimum": -90,
                "@@fromCoreModel": true
            },
            "references": {
                "type": "cds.Composition",
                "target": "com.sap.gtt.core.CoreModel.Reference",
                "cardinality": {
                    "max": "*"
                },
                "on": {
                    "ref": "id",
                    "$generatedFieldName": "event_id"
                },
                "@@fromCoreModel": true
            },
            "eventProcesses": {
                "type": "cds.Association",
                "target": "com.sap.gtt.core.CoreModel.ProcessEventDirectory",
                "cardinality": {
                    "max": "*"
                },
                "on": {
                    "ref": "event_id",
                    "$generatedFieldName": "id"
                },
                "@@fromCoreModel": true
            },
            "messageSourceType": {
                "type": "cds.String",
                "length": 50,
                "@@fromCoreModel": true
            },
            "createdByUser": {
                "type": "cds.String",
                "length": 64,
                "@@fromCoreModel": true
            },
            "creationDateTime": {
                "type": "cds.Timestamp",
                "@@fromCoreModel": true
            }
        }
    },
    "com.sap.gtt.core.CoreModel.ProcessEventDirectory": {
        "elements": {
            "id": {
                "key": true,
                "type": "cds.UUID",
                "@@fromCoreModel": true
            },
            "process_id": {
                "type": "cds.UUID",
                "@@fromCoreModel": true,
                "@@foreignKeyFld": "process"
            },
            "process": {
                "type": "cds.Association",
                "target": "com.sap.gtt.core.CoreModel.TrackedProcess",
                "cardinality": {
                    "max": 1
                },
                "on": {
                    "ref": "id",
                    "$generatedFieldName": "process_id"
                },
                "@@fromCoreModel": true
            },
            "plannedEvent_id": {
                "type": "cds.UUID",
                "@@fromCoreModel": true,
                "@@foreignKeyFld": "plannedEvent"
            },
            "plannedEvent": {
                "type": "cds.Association",
                "target": "com.sap.gtt.core.CoreModel.PlannedEvent",
                "cardinality": {
                    "max": 1
                },
                "on": {
                    "ref": "id",
                    "$generatedFieldName": "plannedEvent_id"
                },
                "@@fromCoreModel": true
            },
            "event_id": {
                "type": "cds.UUID",
                "@@fromCoreModel": true,
                "@@foreignKeyFld": "event"
            },
            "event": {
                "type": "cds.Association",
                "target": "com.sap.gtt.core.CoreModel.Event",
                "cardinality": {
                    "max": 1
                },
                "on": {
                    "ref": "id",
                    "$generatedFieldName": "event_id"
                },
                "@@fromCoreModel": true
            },
            "correlationType": {
                "type": "cds.String",
                "length": 50,
                "enum": {
                    "earlyReported": "EARLY_REPORTED",
                    "reported": "REPORTED",
                    "lateReported": "LATE_REPORTED",
                    "unplanned": "UNPLANNED",
                    "unplannedProcessCreationUpdate": "UNPLANNED_PROCESS_CREATION_UPDATE",
                    "unplannedOverdue": "UNPLANNED_OVERDUE",
                    "unplannedDelayed": "UNPLANNED_DELAYED",
                    "unplannedResetPlanned": "UNPLANNED_RESET_PLANNED",
                    "unplannedBlocking": "UNPLANNED_BLOCKING"
                },
                "@@fromCoreModel": true
            }
        }
    },
    "com.sap.gtt.core.CoreModel.GTTOverdueEvent": {
        "@com.sap.gtt.core.CoreModel.BaseType": "Event",
        "@@includeCustomizedFields": true,
        "@@inheritFromCore": "com.sap.gtt.core.CoreModel.Event",
        "elements": {
            "id": {
                "key": true,
                "type": "cds.UUID",
                "@@fromCoreModel": true,
                "@@foreignKeyFld": "eventProcesses"
            },
            "subaccountId": {
                "type": "cds.UUID",
                "@@fromCoreModel": true
            },
            "cloneInstanceId": {
                "type": "cds.UUID",
                "@@fromCoreModel": true
            },
            "modelNamespace": {
                "type": "cds.String",
                "length": 255,
                "@@fromCoreModel": true
            },
            "eventType": {
                "type": "cds.String",
                "length": 255,
                "@@fromCoreModel": true
            },
            "eventReasonText": {
                "type": "cds.String",
                "length": 255,
                "@@fromCoreModel": true
            },
            "eventReasonCode": {
                "type": "cds.String",
                "length": 255,
                "@@fromCoreModel": true
            },
            "senderPartyId": {
                "type": "cds.String",
                "length": 50,
                "@@fromCoreModel": true
            },
            "reportedBy": {
                "type": "cds.String",
                "length": 255,
                "@@fromCoreModel": true
            },
            "altKey": {
                "type": "cds.String",
                "length": 255,
                "@@fromCoreModel": true
            },
            "scheme": {
                "type": "cds.String",
                "length": 255,
                "@@fromCoreModel": true
            },
            "partyId": {
                "type": "cds.String",
                "length": 50,
                "@@fromCoreModel": true
            },
            "logicalSystem": {
                "type": "cds.String",
                "length": 10,
                "@@fromCoreModel": true
            },
            "trackingIdType": {
                "type": "cds.String",
                "length": 40,
                "@@fromCoreModel": true
            },
            "trackingId": {
                "type": "cds.String",
                "length": 50,
                "@@fromCoreModel": true
            },
            "actualTechnicalTimestamp": {
                "type": "cds.Timestamp",
                "@@fromCoreModel": true
            },
            "actualBusinessTimestamp": {
                "type": "cds.Timestamp",
                "@@fromCoreModel": true
            },
            "actualBusinessTimeZone": {
                "type": "cds.String",
                "length": 50,
                "@@fromCoreModel": true
            },
            "locationAltKey": {
                "type": "cds.String",
                "length": 255,
                "@@fromCoreModel": true
            },
            "eventMatchKey": {
                "type": "cds.String",
                "length": 255,
                "@@fromCoreModel": true
            },
            "longitude": {
                "type": "cds.Decimal",
                "precision": 12,
                "scale": 9,
                "@com.sap.gtt.core.CoreModel.FieldContent.DecimalType.Maximum": 180,
                "@com.sap.gtt.core.CoreModel.FieldContent.DecimalType.Minimum": -180,
                "@@fromCoreModel": true
            },
            "latitude": {
                "type": "cds.Decimal",
                "precision": 12,
                "scale": 9,
                "@com.sap.gtt.core.CoreModel.FieldContent.DecimalType.Maximum": 90,
                "@com.sap.gtt.core.CoreModel.FieldContent.DecimalType.Minimum": -90,
                "@@fromCoreModel": true
            },
            "references": {
                "type": "cds.Composition",
                "target": "com.sap.gtt.core.CoreModel.Reference",
                "cardinality": {
                    "max": "*"
                },
                "on": {
                    "ref": "id",
                    "$generatedFieldName": "event_id"
                },
                "@@fromCoreModel": true
            },
            "eventProcesses": {
                "type": "cds.Association",
                "target": "com.sap.gtt.core.CoreModel.ProcessEventDirectory",
                "cardinality": {
                    "max": "*"
                },
                "on": {
                    "ref": "event_id",
                    "$generatedFieldName": "id"
                },
                "@@fromCoreModel": true
            },
            "messageSourceType": {
                "type": "cds.String",
                "length": 50,
                "@@fromCoreModel": true
            },
            "createdByUser": {
                "type": "cds.String",
                "length": 64,
                "@@fromCoreModel": true
            },
            "creationDateTime": {
                "type": "cds.Timestamp",
                "@@fromCoreModel": true
            },
            "refPlannedEventUUID": {
                "type": "cds.UUID"
            }
        }
    },
    "com.sap.gtt.core.CoreModel.GTTDPPBlockingEvent": {
        "@com.sap.gtt.core.CoreModel.BaseType": "Event",
        "@@inheritFromCore": "com.sap.gtt.core.CoreModel.Event",
        "elements": {
            "id": {
                "key": true,
                "type": "cds.UUID",
                "@@fromCoreModel": true,
                "@@foreignKeyFld": "eventProcesses"
            },
            "subaccountId": {
                "type": "cds.UUID",
                "@@fromCoreModel": true
            },
            "cloneInstanceId": {
                "type": "cds.UUID",
                "@@fromCoreModel": true
            },
            "modelNamespace": {
                "type": "cds.String",
                "length": 255,
                "@@fromCoreModel": true
            },
            "eventType": {
                "type": "cds.String",
                "length": 255,
                "@@fromCoreModel": true
            },
            "eventReasonText": {
                "type": "cds.String",
                "length": 255,
                "@@fromCoreModel": true
            },
            "eventReasonCode": {
                "type": "cds.String",
                "length": 255,
                "@@fromCoreModel": true
            },
            "senderPartyId": {
                "type": "cds.String",
                "length": 50,
                "@@fromCoreModel": true
            },
            "reportedBy": {
                "type": "cds.String",
                "length": 255,
                "@@fromCoreModel": true
            },
            "altKey": {
                "type": "cds.String",
                "length": 255,
                "@@fromCoreModel": true
            },
            "scheme": {
                "type": "cds.String",
                "length": 255,
                "@@fromCoreModel": true
            },
            "partyId": {
                "type": "cds.String",
                "length": 50,
                "@@fromCoreModel": true
            },
            "logicalSystem": {
                "type": "cds.String",
                "length": 10,
                "@@fromCoreModel": true
            },
            "trackingIdType": {
                "type": "cds.String",
                "length": 40,
                "@@fromCoreModel": true
            },
            "trackingId": {
                "type": "cds.String",
                "length": 50,
                "@@fromCoreModel": true
            },
            "actualTechnicalTimestamp": {
                "type": "cds.Timestamp",
                "@@fromCoreModel": true
            },
            "actualBusinessTimestamp": {
                "type": "cds.Timestamp",
                "@@fromCoreModel": true
            },
            "actualBusinessTimeZone": {
                "type": "cds.String",
                "length": 50,
                "@@fromCoreModel": true
            },
            "locationAltKey": {
                "type": "cds.String",
                "length": 255,
                "@@fromCoreModel": true
            },
            "eventMatchKey": {
                "type": "cds.String",
                "length": 255,
                "@@fromCoreModel": true
            },
            "longitude": {
                "type": "cds.Decimal",
                "precision": 12,
                "scale": 9,
                "@com.sap.gtt.core.CoreModel.FieldContent.DecimalType.Maximum": 180,
                "@com.sap.gtt.core.CoreModel.FieldContent.DecimalType.Minimum": -180,
                "@@fromCoreModel": true
            },
            "latitude": {
                "type": "cds.Decimal",
                "precision": 12,
                "scale": 9,
                "@com.sap.gtt.core.CoreModel.FieldContent.DecimalType.Maximum": 90,
                "@com.sap.gtt.core.CoreModel.FieldContent.DecimalType.Minimum": -90,
                "@@fromCoreModel": true
            },
            "references": {
                "type": "cds.Composition",
                "target": "com.sap.gtt.core.CoreModel.Reference",
                "cardinality": {
                    "max": "*"
                },
                "on": {
                    "ref": "id",
                    "$generatedFieldName": "event_id"
                },
                "@@fromCoreModel": true
            },
            "eventProcesses": {
                "type": "cds.Association",
                "target": "com.sap.gtt.core.CoreModel.ProcessEventDirectory",
                "cardinality": {
                    "max": "*"
                },
                "on": {
                    "ref": "event_id",
                    "$generatedFieldName": "id"
                },
                "@@fromCoreModel": true
            },
            "messageSourceType": {
                "type": "cds.String",
                "length": 50,
                "@@fromCoreModel": true
            },
            "createdByUser": {
                "type": "cds.String",
                "length": 64,
                "@@fromCoreModel": true
            },
            "creationDateTime": {
                "type": "cds.Timestamp",
                "@@fromCoreModel": true
            }
        }
    },
    "com.sap.gtt.core.CoreModel.GTTDPPBlockingEventForWrite": {
        "elements": {
            "id": {
                "key": true,
                "type": "cds.UUID"
            },
            "eventReasonText": {
                "type": "cds.String",
                "length": 255
            },
            "eventReasonCode": {
                "type": "cds.String",
                "length": 255
            },
            "senderPartyId": {
                "type": "cds.String",
                "length": 50
            },
            "reportedBy": {
                "type": "cds.String",
                "length": 255
            },
            "altKey": {
                "type": "cds.String",
                "length": 255
            },
            "locationAltKey": {
                "type": "cds.String",
                "length": 255
            },
            "eventMatchKey": {
                "type": "cds.String",
                "length": 255
            },
            "references": {
                "type": "cds.Composition",
                "target": "com.sap.gtt.core.CoreModel.Reference",
                "cardinality": {
                    "max": "*"
                },
                "on": {
                    "ref": "id",
                    "$generatedFieldName": "event_id"
                }
            },
            "actualTechnicalTimestamp": {
                "type": "cds.Timestamp"
            },
            "actualBusinessTimestamp": {
                "type": "cds.Timestamp"
            },
            "actualBusinessTimeZone": {
                "type": "cds.String",
                "length": 50
            },
            "longitude": {
                "type": "cds.Decimal",
                "precision": 12,
                "scale": 9,
                "@com.sap.gtt.core.CoreModel.FieldContent.DecimalType.Maximum": 180,
                "@com.sap.gtt.core.CoreModel.FieldContent.DecimalType.Minimum": -180
            },
            "latitude": {
                "type": "cds.Decimal",
                "precision": 12,
                "scale": 9,
                "@com.sap.gtt.core.CoreModel.FieldContent.DecimalType.Maximum": 90,
                "@com.sap.gtt.core.CoreModel.FieldContent.DecimalType.Minimum": -90
            }
        }
    },
    "com.sap.gtt.core.CoreModel.GTTDelayedEventForWrite": {
        "elements": {
            "id": {
                "key": true,
                "type": "cds.UUID"
            },
            "eventReasonText": {
                "type": "cds.String",
                "length": 255
            },
            "eventReasonCode": {
                "type": "cds.String",
                "length": 255
            },
            "senderPartyId": {
                "type": "cds.String",
                "length": 50
            },
            "reportedBy": {
                "type": "cds.String",
                "length": 255
            },
            "altKey": {
                "type": "cds.String",
                "length": 255
            },
            "locationAltKey": {
                "type": "cds.String",
                "length": 255
            },
            "eventMatchKey": {
                "type": "cds.String",
                "length": 255
            },
            "references": {
                "type": "cds.Composition",
                "target": "com.sap.gtt.core.CoreModel.Reference",
                "cardinality": {
                    "max": "*"
                },
                "on": {
                    "ref": "id",
                    "$generatedFieldName": "event_id"
                }
            },
            "actualTechnicalTimestamp": {
                "type": "cds.Timestamp"
            },
            "actualBusinessTimestamp": {
                "type": "cds.Timestamp"
            },
            "actualBusinessTimeZone": {
                "type": "cds.String",
                "length": 50
            },
            "longitude": {
                "type": "cds.Decimal",
                "precision": 12,
                "scale": 9,
                "@com.sap.gtt.core.CoreModel.FieldContent.DecimalType.Maximum": 180,
                "@com.sap.gtt.core.CoreModel.FieldContent.DecimalType.Minimum": -180
            },
            "latitude": {
                "type": "cds.Decimal",
                "precision": 12,
                "scale": 9,
                "@com.sap.gtt.core.CoreModel.FieldContent.DecimalType.Maximum": 90,
                "@com.sap.gtt.core.CoreModel.FieldContent.DecimalType.Minimum": -90
            },
            "refPlannedEventType": {
                "type": "cds.String",
                "length": 255
            },
            "refPlannedEventMatchKey": {
                "type": "cds.String",
                "length": 255
            },
            "refPlannedEventLocationAltKey": {
                "type": "cds.String",
                "length": 255
            }
        }
    },
    "com.sap.gtt.core.CoreModel.GTTDeletionEvent": {
        "@com.sap.gtt.core.CoreModel.BaseType": "Event",
        "@@inheritFromCore": "com.sap.gtt.core.CoreModel.Event",
        "elements": {
            "id": {
                "key": true,
                "type": "cds.UUID",
                "@@fromCoreModel": true,
                "@@foreignKeyFld": "eventProcesses"
            },
            "subaccountId": {
                "type": "cds.UUID",
                "@@fromCoreModel": true
            },
            "cloneInstanceId": {
                "type": "cds.UUID",
                "@@fromCoreModel": true
            },
            "modelNamespace": {
                "type": "cds.String",
                "length": 255,
                "@@fromCoreModel": true
            },
            "eventType": {
                "type": "cds.String",
                "length": 255,
                "@@fromCoreModel": true
            },
            "eventReasonText": {
                "type": "cds.String",
                "length": 255,
                "@@fromCoreModel": true
            },
            "eventReasonCode": {
                "type": "cds.String",
                "length": 255,
                "@@fromCoreModel": true
            },
            "senderPartyId": {
                "type": "cds.String",
                "length": 50,
                "@@fromCoreModel": true
            },
            "reportedBy": {
                "type": "cds.String",
                "length": 255,
                "@@fromCoreModel": true
            },
            "altKey": {
                "type": "cds.String",
                "length": 255,
                "@@fromCoreModel": true
            },
            "scheme": {
                "type": "cds.String",
                "length": 255,
                "@@fromCoreModel": true
            },
            "partyId": {
                "type": "cds.String",
                "length": 50,
                "@@fromCoreModel": true
            },
            "logicalSystem": {
                "type": "cds.String",
                "length": 10,
                "@@fromCoreModel": true
            },
            "trackingIdType": {
                "type": "cds.String",
                "length": 40,
                "@@fromCoreModel": true
            },
            "trackingId": {
                "type": "cds.String",
                "length": 50,
                "@@fromCoreModel": true
            },
            "actualTechnicalTimestamp": {
                "type": "cds.Timestamp",
                "@@fromCoreModel": true
            },
            "actualBusinessTimestamp": {
                "type": "cds.Timestamp",
                "@@fromCoreModel": true
            },
            "actualBusinessTimeZone": {
                "type": "cds.String",
                "length": 50,
                "@@fromCoreModel": true
            },
            "locationAltKey": {
                "type": "cds.String",
                "length": 255,
                "@@fromCoreModel": true
            },
            "eventMatchKey": {
                "type": "cds.String",
                "length": 255,
                "@@fromCoreModel": true
            },
            "longitude": {
                "type": "cds.Decimal",
                "precision": 12,
                "scale": 9,
                "@com.sap.gtt.core.CoreModel.FieldContent.DecimalType.Maximum": 180,
                "@com.sap.gtt.core.CoreModel.FieldContent.DecimalType.Minimum": -180,
                "@@fromCoreModel": true
            },
            "latitude": {
                "type": "cds.Decimal",
                "precision": 12,
                "scale": 9,
                "@com.sap.gtt.core.CoreModel.FieldContent.DecimalType.Maximum": 90,
                "@com.sap.gtt.core.CoreModel.FieldContent.DecimalType.Minimum": -90,
                "@@fromCoreModel": true
            },
            "references": {
                "type": "cds.Composition",
                "target": "com.sap.gtt.core.CoreModel.Reference",
                "cardinality": {
                    "max": "*"
                },
                "on": {
                    "ref": "id",
                    "$generatedFieldName": "event_id"
                },
                "@@fromCoreModel": true
            },
            "eventProcesses": {
                "type": "cds.Association",
                "target": "com.sap.gtt.core.CoreModel.ProcessEventDirectory",
                "cardinality": {
                    "max": "*"
                },
                "on": {
                    "ref": "event_id",
                    "$generatedFieldName": "id"
                },
                "@@fromCoreModel": true
            },
            "messageSourceType": {
                "type": "cds.String",
                "length": 50,
                "@@fromCoreModel": true
            },
            "createdByUser": {
                "type": "cds.String",
                "length": 64,
                "@@fromCoreModel": true
            },
            "creationDateTime": {
                "type": "cds.Timestamp",
                "@@fromCoreModel": true
            }
        }
    },
    "com.sap.gtt.core.CoreModel.GTTDeletionEventForWrite": {
        "elements": {
            "id": {
                "key": true,
                "type": "cds.UUID"
            },
            "eventReasonText": {
                "type": "cds.String",
                "length": 255
            },
            "eventReasonCode": {
                "type": "cds.String",
                "length": 255
            },
            "senderPartyId": {
                "type": "cds.String",
                "length": 50
            },
            "reportedBy": {
                "type": "cds.String",
                "length": 255
            },
            "altKey": {
                "type": "cds.String",
                "length": 255
            },
            "locationAltKey": {
                "type": "cds.String",
                "length": 255
            },
            "eventMatchKey": {
                "type": "cds.String",
                "length": 255
            },
            "references": {
                "type": "cds.Composition",
                "target": "com.sap.gtt.core.CoreModel.Reference",
                "cardinality": {
                    "max": "*"
                },
                "on": {
                    "ref": "id",
                    "$generatedFieldName": "event_id"
                }
            },
            "actualTechnicalTimestamp": {
                "type": "cds.Timestamp"
            },
            "actualBusinessTimestamp": {
                "type": "cds.Timestamp"
            },
            "actualBusinessTimeZone": {
                "type": "cds.String",
                "length": 50
            },
            "longitude": {
                "type": "cds.Decimal",
                "precision": 12,
                "scale": 9,
                "@com.sap.gtt.core.CoreModel.FieldContent.DecimalType.Maximum": 180,
                "@com.sap.gtt.core.CoreModel.FieldContent.DecimalType.Minimum": -180
            },
            "latitude": {
                "type": "cds.Decimal",
                "precision": 12,
                "scale": 9,
                "@com.sap.gtt.core.CoreModel.FieldContent.DecimalType.Maximum": 90,
                "@com.sap.gtt.core.CoreModel.FieldContent.DecimalType.Minimum": -90
            }
        }
    },
    "com.sap.gtt.core.CoreModel.ProcessEventForWrite": {
        "elements": {
            "id": {
                "key": true,
                "type": "cds.UUID"
            },
            "eventReasonText": {
                "type": "cds.String",
                "length": 255
            },
            "eventReasonCode": {
                "type": "cds.String",
                "length": 255
            },
            "senderPartyId": {
                "type": "cds.String",
                "length": 50
            },
            "reportedBy": {
                "type": "cds.String",
                "length": 255
            },
            "altKey": {
                "type": "cds.String",
                "length": 255
            },
            "locationAltKey": {
                "type": "cds.String",
                "length": 255
            },
            "eventMatchKey": {
                "type": "cds.String",
                "length": 255
            },
            "references": {
                "type": "cds.Composition",
                "target": "com.sap.gtt.core.CoreModel.Reference",
                "cardinality": {
                    "max": "*"
                },
                "on": {
                    "ref": "id",
                    "$generatedFieldName": "event_id"
                }
            },
            "actualTechnicalTimestamp": {
                "type": "cds.Timestamp"
            },
            "actualBusinessTimestamp": {
                "type": "cds.Timestamp"
            },
            "actualBusinessTimeZone": {
                "type": "cds.String",
                "length": 50
            },
            "longitude": {
                "type": "cds.Decimal",
                "precision": 12,
                "scale": 9,
                "@com.sap.gtt.core.CoreModel.FieldContent.DecimalType.Maximum": 180,
                "@com.sap.gtt.core.CoreModel.FieldContent.DecimalType.Minimum": -180
            },
            "latitude": {
                "type": "cds.Decimal",
                "precision": 12,
                "scale": 9,
                "@com.sap.gtt.core.CoreModel.FieldContent.DecimalType.Maximum": 90,
                "@com.sap.gtt.core.CoreModel.FieldContent.DecimalType.Minimum": -90
            },
            "plannedEvents": {
                "type": "cds.Composition",
                "target": "com.sap.gtt.core.CoreModel.PlannedEventForEvent",
                "cardinality": {
                    "max": "*"
                },
                "on": {
                    "ref": "id",
                    "$generatedFieldName": "event_id"
                }
            }
        }
    },
    "com.sap.gtt.core.CoreModel.PlannedEventForEvent": {
        "elements": {
            "id": {
                "key": true,
                "type": "cds.UUID",
                "@@fromCoreModel": true
            },
            "event_id": {
                "type": "cds.UUID",
                "@@fromCoreModel": true,
                "@@foreignKeyFld": "event"
            },
            "event": {
                "type": "cds.Association",
                "target": "com.sap.gtt.core.CoreModel.Event",
                "cardinality": {
                    "max": 1
                },
                "on": {
                    "ref": "id",
                    "$generatedFieldName": "event_id"
                },
                "@@fromCoreModel": true,
                "@@backLink": true
            },
            "eventType": {
                "type": "cds.String",
                "length": 255,
                "@@fromCoreModel": true
            },
            "locationAltKey": {
                "type": "cds.String",
                "length": 255,
                "@@fromCoreModel": true
            },
            "eventMatchKey": {
                "type": "cds.String",
                "length": 255,
                "@@fromCoreModel": true
            },
            "longitude": {
                "type": "cds.Decimal",
                "precision": 12,
                "scale": 9,
                "@com.sap.gtt.core.CoreModel.FieldContent.DecimalType.Maximum": 180,
                "@com.sap.gtt.core.CoreModel.FieldContent.DecimalType.Minimum": -180,
                "@@fromCoreModel": true
            },
            "latitude": {
                "type": "cds.Decimal",
                "precision": 12,
                "scale": 9,
                "@com.sap.gtt.core.CoreModel.FieldContent.DecimalType.Maximum": 90,
                "@com.sap.gtt.core.CoreModel.FieldContent.DecimalType.Minimum": -90,
                "@@fromCoreModel": true
            },
            "isFinalPlannedEvent": {
                "type": "cds.Boolean",
                "@@fromCoreModel": true
            },
            "plannedTechnicalTimestamp": {
                "type": "cds.Timestamp",
                "@@fromCoreModel": true
            },
            "plannedTechTsEarliest": {
                "type": "cds.Timestamp",
                "@@fromCoreModel": true
            },
            "plannedTechTsLatest": {
                "type": "cds.Timestamp",
                "@@fromCoreModel": true
            },
            "plannedBusinessTimestamp": {
                "type": "cds.Timestamp",
                "@@fromCoreModel": true
            },
            "plannedBizTsEarliest": {
                "type": "cds.Timestamp",
                "@@fromCoreModel": true
            },
            "plannedBizTsLatest": {
                "type": "cds.Timestamp",
                "@@fromCoreModel": true
            },
            "plannedBusinessTimeZone": {
                "type": "cds.String",
                "length": 50,
                "@@fromCoreModel": true
            }
        }
    }
}